
/*!40101 SET @OLD_CHARACTER_SET_CLIENT=@@CHARACTER_SET_CLIENT */;
/*!40101 SET @OLD_CHARACTER_SET_RESULTS=@@CHARACTER_SET_RESULTS */;
/*!40101 SET @OLD_COLLATION_CONNECTION=@@COLLATION_CONNECTION */;
/*!50503 SET NAMES utf8mb4 */;
/*!40103 SET @OLD_TIME_ZONE=@@TIME_ZONE */;
/*!40103 SET TIME_ZONE='+00:00' */;
/*!40014 SET @OLD_UNIQUE_CHECKS=@@UNIQUE_CHECKS, UNIQUE_CHECKS=0 */;
/*!40014 SET @OLD_FOREIGN_KEY_CHECKS=@@FOREIGN_KEY_CHECKS, FOREIGN_KEY_CHECKS=0 */;
/*!40101 SET @OLD_SQL_MODE=@@SQL_MODE, SQL_MODE='NO_AUTO_VALUE_ON_ZERO' */;
/*!40111 SET @OLD_SQL_NOTES=@@SQL_NOTES, SQL_NOTES=0 */;
DROP TABLE IF EXISTS `assessments`;
/*!40101 SET @saved_cs_client     = @@character_set_client */;
/*!50503 SET character_set_client = utf8mb4 */;
CREATE TABLE `assessments` (
  `id` bigint unsigned NOT NULL AUTO_INCREMENT,
  `student_id` bigint unsigned NOT NULL,
  `class_room_id` bigint unsigned NOT NULL,
  `type` enum('sumatif','non_sumatif') COLLATE utf8mb4_unicode_ci NOT NULL,
  `subject` varchar(255) COLLATE utf8mb4_unicode_ci NOT NULL,
  `assessment_name` varchar(255) COLLATE utf8mb4_unicode_ci NOT NULL,
  `date` date NOT NULL,
  `score` double NOT NULL,
  `description` text COLLATE utf8mb4_unicode_ci,
  `notes` text COLLATE utf8mb4_unicode_ci,
  `created_at` timestamp NULL DEFAULT NULL,
  `updated_at` timestamp NULL DEFAULT NULL,
  PRIMARY KEY (`id`),
  KEY `assessments_student_id_foreign` (`student_id`),
  KEY `assessments_class_room_id_foreign` (`class_room_id`),
  CONSTRAINT `assessments_class_room_id_foreign` FOREIGN KEY (`class_room_id`) REFERENCES `class_rooms` (`id`) ON DELETE CASCADE,
  CONSTRAINT `assessments_student_id_foreign` FOREIGN KEY (`student_id`) REFERENCES `users` (`id`) ON DELETE CASCADE
) ENGINE=InnoDB DEFAULT CHARSET=utf8mb4 COLLATE=utf8mb4_unicode_ci;
/*!40101 SET character_set_client = @saved_cs_client */;

LOCK TABLES `assessments` WRITE;
/*!40000 ALTER TABLE `assessments` DISABLE KEYS */;
/*!40000 ALTER TABLE `assessments` ENABLE KEYS */;
UNLOCK TABLES;
DROP TABLE IF EXISTS `attendances`;
/*!40101 SET @saved_cs_client     = @@character_set_client */;
/*!50503 SET character_set_client = utf8mb4 */;
CREATE TABLE `attendances` (
  `id` bigint unsigned NOT NULL AUTO_INCREMENT,
  `user_id` bigint unsigned NOT NULL,
  `schedule_latitude` double NOT NULL,
  `schedule_longitude` double NOT NULL,
  `schedule_start_time` time NOT NULL,
  `schedule_end_time` time NOT NULL,
  `start_latitude` double NOT NULL,
  `start_longitude` double NOT NULL,
  `start_time` time NOT NULL,
  `end_time` time NOT NULL,
  `is_leave` tinyint(1) NOT NULL DEFAULT '0',
  `created_at` timestamp NULL DEFAULT NULL,
  `updated_at` timestamp NULL DEFAULT NULL,
  `deleted_at` timestamp NULL DEFAULT NULL,
  `end_latitude` double DEFAULT NULL,
  `end_longitude` double DEFAULT NULL,
  PRIMARY KEY (`id`),
  KEY `attendances_user_id_created_at_index` (`user_id`,`created_at`),
  KEY `attendances_created_at_index` (`created_at`),
  CONSTRAINT `attendances_user_id_foreign` FOREIGN KEY (`user_id`) REFERENCES `users` (`id`) ON DELETE CASCADE
) ENGINE=InnoDB DEFAULT CHARSET=utf8mb4 COLLATE=utf8mb4_unicode_ci;
/*!40101 SET character_set_client = @saved_cs_client */;

LOCK TABLES `attendances` WRITE;
/*!40000 ALTER TABLE `attendances` DISABLE KEYS */;
/*!40000 ALTER TABLE `attendances` ENABLE KEYS */;
UNLOCK TABLES;
DROP TABLE IF EXISTS `backups`;
/*!40101 SET @saved_cs_client     = @@character_set_client */;
/*!50503 SET character_set_client = utf8mb4 */;
CREATE TABLE `backups` (
  `id` bigint unsigned NOT NULL AUTO_INCREMENT,
  `name` varchar(255) COLLATE utf8mb4_unicode_ci NOT NULL,
  `file_path` varchar(255) COLLATE utf8mb4_unicode_ci NOT NULL,
  `size` bigint DEFAULT NULL,
  `created_at` timestamp NULL DEFAULT NULL,
  `updated_at` timestamp NULL DEFAULT NULL,
  PRIMARY KEY (`id`)
) ENGINE=InnoDB DEFAULT CHARSET=utf8mb4 COLLATE=utf8mb4_unicode_ci;
/*!40101 SET character_set_client = @saved_cs_client */;

LOCK TABLES `backups` WRITE;
/*!40000 ALTER TABLE `backups` DISABLE KEYS */;
/*!40000 ALTER TABLE `backups` ENABLE KEYS */;
UNLOCK TABLES;
DROP TABLE IF EXISTS `cache`;
/*!40101 SET @saved_cs_client     = @@character_set_client */;
/*!50503 SET character_set_client = utf8mb4 */;
CREATE TABLE `cache` (
  `key` varchar(255) COLLATE utf8mb4_unicode_ci NOT NULL,
  `value` mediumtext COLLATE utf8mb4_unicode_ci NOT NULL,
  `expiration` int NOT NULL,
  PRIMARY KEY (`key`)
) ENGINE=InnoDB DEFAULT CHARSET=utf8mb4 COLLATE=utf8mb4_unicode_ci;
/*!40101 SET character_set_client = @saved_cs_client */;

LOCK TABLES `cache` WRITE;
/*!40000 ALTER TABLE `cache` DISABLE KEYS */;
INSERT INTO `cache` VALUES ('spatie.permission.cache','a:3:{s:5:\"alias\";a:4:{s:1:\"a\";s:2:\"id\";s:1:\"b\";s:4:\"name\";s:1:\"c\";s:10:\"guard_name\";s:1:\"r\";s:5:\"roles\";}s:11:\"permissions\";a:421:{i:0;a:4:{s:1:\"a\";i:1;s:1:\"b\";s:10:\"view_users\";s:1:\"c\";s:3:\"web\";s:1:\"r\";a:2:{i:0;i:1;i:1;i:2;}}i:1;a:4:{s:1:\"a\";i:2;s:1:\"b\";s:12:\"create_users\";s:1:\"c\";s:3:\"web\";s:1:\"r\";a:2:{i:0;i:1;i:1;i:2;}}i:2;a:4:{s:1:\"a\";i:3;s:1:\"b\";s:10:\"edit_users\";s:1:\"c\";s:3:\"web\";s:1:\"r\";a:2:{i:0;i:1;i:1;i:2;}}i:3;a:4:{s:1:\"a\";i:4;s:1:\"b\";s:12:\"delete_users\";s:1:\"c\";s:3:\"web\";s:1:\"r\";a:2:{i:0;i:1;i:1;i:2;}}i:4;a:4:{s:1:\"a\";i:5;s:1:\"b\";s:16:\"view_any_student\";s:1:\"c\";s:3:\"web\";s:1:\"r\";a:3:{i:0;i:1;i:1;i:2;i:2;i:4;}}i:5;a:4:{s:1:\"a\";i:6;s:1:\"b\";s:12:\"view_student\";s:1:\"c\";s:3:\"web\";s:1:\"r\";a:3:{i:0;i:1;i:1;i:2;i:2;i:4;}}i:6;a:4:{s:1:\"a\";i:7;s:1:\"b\";s:14:\"create_student\";s:1:\"c\";s:3:\"web\";s:1:\"r\";a:2:{i:0;i:1;i:1;i:2;}}i:7;a:4:{s:1:\"a\";i:8;s:1:\"b\";s:14:\"update_student\";s:1:\"c\";s:3:\"web\";s:1:\"r\";a:2:{i:0;i:1;i:1;i:2;}}i:8;a:4:{s:1:\"a\";i:9;s:1:\"b\";s:14:\"delete_student\";s:1:\"c\";s:3:\"web\";s:1:\"r\";a:2:{i:0;i:1;i:1;i:2;}}i:9;a:4:{s:1:\"a\";i:10;s:1:\"b\";s:14:\"import_student\";s:1:\"c\";s:3:\"web\";s:1:\"r\";a:2:{i:0;i:1;i:1;i:2;}}i:10;a:4:{s:1:\"a\";i:11;s:1:\"b\";s:14:\"export_student\";s:1:\"c\";s:3:\"web\";s:1:\"r\";a:2:{i:0;i:1;i:1;i:2;}}i:11;a:4:{s:1:\"a\";i:12;s:1:\"b\";s:13:\"view_any_guru\";s:1:\"c\";s:3:\"web\";s:1:\"r\";a:2:{i:0;i:1;i:1;i:2;}}i:12;a:4:{s:1:\"a\";i:13;s:1:\"b\";s:9:\"view_guru\";s:1:\"c\";s:3:\"web\";s:1:\"r\";a:2:{i:0;i:1;i:1;i:2;}}i:13;a:4:{s:1:\"a\";i:14;s:1:\"b\";s:11:\"create_guru\";s:1:\"c\";s:3:\"web\";s:1:\"r\";a:2:{i:0;i:1;i:1;i:2;}}i:14;a:4:{s:1:\"a\";i:15;s:1:\"b\";s:11:\"update_guru\";s:1:\"c\";s:3:\"web\";s:1:\"r\";a:2:{i:0;i:1;i:1;i:2;}}i:15;a:4:{s:1:\"a\";i:16;s:1:\"b\";s:11:\"delete_guru\";s:1:\"c\";s:3:\"web\";s:1:\"r\";a:2:{i:0;i:1;i:1;i:2;}}i:16;a:4:{s:1:\"a\";i:17;s:1:\"b\";s:11:\"import_guru\";s:1:\"c\";s:3:\"web\";s:1:\"r\";a:2:{i:0;i:1;i:1;i:2;}}i:17;a:4:{s:1:\"a\";i:18;s:1:\"b\";s:11:\"export_guru\";s:1:\"c\";s:3:\"web\";s:1:\"r\";a:2:{i:0;i:1;i:1;i:2;}}i:18;a:4:{s:1:\"a\";i:19;s:1:\"b\";s:15:\"view_assessment\";s:1:\"c\";s:3:\"web\";s:1:\"r\";a:2:{i:0;i:1;i:1;i:3;}}i:19;a:4:{s:1:\"a\";i:20;s:1:\"b\";s:19:\"view_any_assessment\";s:1:\"c\";s:3:\"web\";s:1:\"r\";a:2:{i:0;i:1;i:1;i:3;}}i:20;a:4:{s:1:\"a\";i:21;s:1:\"b\";s:17:\"create_assessment\";s:1:\"c\";s:3:\"web\";s:1:\"r\";a:2:{i:0;i:1;i:1;i:3;}}i:21;a:4:{s:1:\"a\";i:22;s:1:\"b\";s:17:\"update_assessment\";s:1:\"c\";s:3:\"web\";s:1:\"r\";a:2:{i:0;i:1;i:1;i:3;}}i:22;a:4:{s:1:\"a\";i:23;s:1:\"b\";s:18:\"restore_assessment\";s:1:\"c\";s:3:\"web\";s:1:\"r\";a:2:{i:0;i:1;i:1;i:3;}}i:23;a:4:{s:1:\"a\";i:24;s:1:\"b\";s:22:\"restore_any_assessment\";s:1:\"c\";s:3:\"web\";s:1:\"r\";a:2:{i:0;i:1;i:1;i:3;}}i:24;a:4:{s:1:\"a\";i:25;s:1:\"b\";s:20:\"replicate_assessment\";s:1:\"c\";s:3:\"web\";s:1:\"r\";a:2:{i:0;i:1;i:1;i:3;}}i:25;a:4:{s:1:\"a\";i:26;s:1:\"b\";s:18:\"reorder_assessment\";s:1:\"c\";s:3:\"web\";s:1:\"r\";a:2:{i:0;i:1;i:1;i:3;}}i:26;a:4:{s:1:\"a\";i:27;s:1:\"b\";s:17:\"delete_assessment\";s:1:\"c\";s:3:\"web\";s:1:\"r\";a:2:{i:0;i:1;i:1;i:3;}}i:27;a:4:{s:1:\"a\";i:28;s:1:\"b\";s:21:\"delete_any_assessment\";s:1:\"c\";s:3:\"web\";s:1:\"r\";a:2:{i:0;i:1;i:1;i:3;}}i:28;a:4:{s:1:\"a\";i:29;s:1:\"b\";s:23:\"force_delete_assessment\";s:1:\"c\";s:3:\"web\";s:1:\"r\";a:2:{i:0;i:1;i:1;i:3;}}i:29;a:4:{s:1:\"a\";i:30;s:1:\"b\";s:27:\"force_delete_any_assessment\";s:1:\"c\";s:3:\"web\";s:1:\"r\";a:2:{i:0;i:1;i:1;i:3;}}i:30;a:4:{s:1:\"a\";i:31;s:1:\"b\";s:15:\"view_attendance\";s:1:\"c\";s:3:\"web\";s:1:\"r\";a:1:{i:0;i:1;}}i:31;a:4:{s:1:\"a\";i:32;s:1:\"b\";s:19:\"view_any_attendance\";s:1:\"c\";s:3:\"web\";s:1:\"r\";a:1:{i:0;i:1;}}i:32;a:4:{s:1:\"a\";i:33;s:1:\"b\";s:17:\"create_attendance\";s:1:\"c\";s:3:\"web\";s:1:\"r\";a:1:{i:0;i:1;}}i:33;a:4:{s:1:\"a\";i:34;s:1:\"b\";s:17:\"update_attendance\";s:1:\"c\";s:3:\"web\";s:1:\"r\";a:1:{i:0;i:1;}}i:34;a:4:{s:1:\"a\";i:35;s:1:\"b\";s:18:\"restore_attendance\";s:1:\"c\";s:3:\"web\";s:1:\"r\";a:1:{i:0;i:1;}}i:35;a:4:{s:1:\"a\";i:36;s:1:\"b\";s:22:\"restore_any_attendance\";s:1:\"c\";s:3:\"web\";s:1:\"r\";a:1:{i:0;i:1;}}i:36;a:4:{s:1:\"a\";i:37;s:1:\"b\";s:20:\"replicate_attendance\";s:1:\"c\";s:3:\"web\";s:1:\"r\";a:1:{i:0;i:1;}}i:37;a:4:{s:1:\"a\";i:38;s:1:\"b\";s:18:\"reorder_attendance\";s:1:\"c\";s:3:\"web\";s:1:\"r\";a:1:{i:0;i:1;}}i:38;a:4:{s:1:\"a\";i:39;s:1:\"b\";s:17:\"delete_attendance\";s:1:\"c\";s:3:\"web\";s:1:\"r\";a:1:{i:0;i:1;}}i:39;a:4:{s:1:\"a\";i:40;s:1:\"b\";s:21:\"delete_any_attendance\";s:1:\"c\";s:3:\"web\";s:1:\"r\";a:1:{i:0;i:1;}}i:40;a:4:{s:1:\"a\";i:41;s:1:\"b\";s:23:\"force_delete_attendance\";s:1:\"c\";s:3:\"web\";s:1:\"r\";a:1:{i:0;i:1;}}i:41;a:4:{s:1:\"a\";i:42;s:1:\"b\";s:27:\"force_delete_any_attendance\";s:1:\"c\";s:3:\"web\";s:1:\"r\";a:1:{i:0;i:1;}}i:42;a:4:{s:1:\"a\";i:43;s:1:\"b\";s:22:\"view_attendance::recap\";s:1:\"c\";s:3:\"web\";s:1:\"r\";a:2:{i:0;i:1;i:1;i:3;}}i:43;a:4:{s:1:\"a\";i:44;s:1:\"b\";s:26:\"view_any_attendance::recap\";s:1:\"c\";s:3:\"web\";s:1:\"r\";a:2:{i:0;i:1;i:1;i:3;}}i:44;a:4:{s:1:\"a\";i:45;s:1:\"b\";s:24:\"create_attendance::recap\";s:1:\"c\";s:3:\"web\";s:1:\"r\";a:2:{i:0;i:1;i:1;i:3;}}i:45;a:4:{s:1:\"a\";i:46;s:1:\"b\";s:24:\"update_attendance::recap\";s:1:\"c\";s:3:\"web\";s:1:\"r\";a:2:{i:0;i:1;i:1;i:3;}}i:46;a:4:{s:1:\"a\";i:47;s:1:\"b\";s:25:\"restore_attendance::recap\";s:1:\"c\";s:3:\"web\";s:1:\"r\";a:2:{i:0;i:1;i:1;i:3;}}i:47;a:4:{s:1:\"a\";i:48;s:1:\"b\";s:29:\"restore_any_attendance::recap\";s:1:\"c\";s:3:\"web\";s:1:\"r\";a:2:{i:0;i:1;i:1;i:3;}}i:48;a:4:{s:1:\"a\";i:49;s:1:\"b\";s:27:\"replicate_attendance::recap\";s:1:\"c\";s:3:\"web\";s:1:\"r\";a:2:{i:0;i:1;i:1;i:3;}}i:49;a:4:{s:1:\"a\";i:50;s:1:\"b\";s:25:\"reorder_attendance::recap\";s:1:\"c\";s:3:\"web\";s:1:\"r\";a:2:{i:0;i:1;i:1;i:3;}}i:50;a:4:{s:1:\"a\";i:51;s:1:\"b\";s:24:\"delete_attendance::recap\";s:1:\"c\";s:3:\"web\";s:1:\"r\";a:2:{i:0;i:1;i:1;i:3;}}i:51;a:4:{s:1:\"a\";i:52;s:1:\"b\";s:28:\"delete_any_attendance::recap\";s:1:\"c\";s:3:\"web\";s:1:\"r\";a:2:{i:0;i:1;i:1;i:3;}}i:52;a:4:{s:1:\"a\";i:53;s:1:\"b\";s:30:\"force_delete_attendance::recap\";s:1:\"c\";s:3:\"web\";s:1:\"r\";a:2:{i:0;i:1;i:1;i:3;}}i:53;a:4:{s:1:\"a\";i:54;s:1:\"b\";s:34:\"force_delete_any_attendance::recap\";s:1:\"c\";s:3:\"web\";s:1:\"r\";a:2:{i:0;i:1;i:1;i:3;}}i:54;a:4:{s:1:\"a\";i:55;s:1:\"b\";s:21:\"view_career::guidance\";s:1:\"c\";s:3:\"web\";s:1:\"r\";a:1:{i:0;i:1;}}i:55;a:4:{s:1:\"a\";i:56;s:1:\"b\";s:25:\"view_any_career::guidance\";s:1:\"c\";s:3:\"web\";s:1:\"r\";a:1:{i:0;i:1;}}i:56;a:4:{s:1:\"a\";i:57;s:1:\"b\";s:23:\"create_career::guidance\";s:1:\"c\";s:3:\"web\";s:1:\"r\";a:1:{i:0;i:1;}}i:57;a:4:{s:1:\"a\";i:58;s:1:\"b\";s:23:\"update_career::guidance\";s:1:\"c\";s:3:\"web\";s:1:\"r\";a:1:{i:0;i:1;}}i:58;a:4:{s:1:\"a\";i:59;s:1:\"b\";s:24:\"restore_career::guidance\";s:1:\"c\";s:3:\"web\";s:1:\"r\";a:1:{i:0;i:1;}}i:59;a:4:{s:1:\"a\";i:60;s:1:\"b\";s:28:\"restore_any_career::guidance\";s:1:\"c\";s:3:\"web\";s:1:\"r\";a:1:{i:0;i:1;}}i:60;a:4:{s:1:\"a\";i:61;s:1:\"b\";s:26:\"replicate_career::guidance\";s:1:\"c\";s:3:\"web\";s:1:\"r\";a:1:{i:0;i:1;}}i:61;a:4:{s:1:\"a\";i:62;s:1:\"b\";s:24:\"reorder_career::guidance\";s:1:\"c\";s:3:\"web\";s:1:\"r\";a:1:{i:0;i:1;}}i:62;a:4:{s:1:\"a\";i:63;s:1:\"b\";s:23:\"delete_career::guidance\";s:1:\"c\";s:3:\"web\";s:1:\"r\";a:1:{i:0;i:1;}}i:63;a:4:{s:1:\"a\";i:64;s:1:\"b\";s:27:\"delete_any_career::guidance\";s:1:\"c\";s:3:\"web\";s:1:\"r\";a:1:{i:0;i:1;}}i:64;a:4:{s:1:\"a\";i:65;s:1:\"b\";s:29:\"force_delete_career::guidance\";s:1:\"c\";s:3:\"web\";s:1:\"r\";a:1:{i:0;i:1;}}i:65;a:4:{s:1:\"a\";i:66;s:1:\"b\";s:33:\"force_delete_any_career::guidance\";s:1:\"c\";s:3:\"web\";s:1:\"r\";a:1:{i:0;i:1;}}i:66;a:4:{s:1:\"a\";i:67;s:1:\"b\";s:22:\"view_class::attendance\";s:1:\"c\";s:3:\"web\";s:1:\"r\";a:1:{i:0;i:1;}}i:67;a:4:{s:1:\"a\";i:68;s:1:\"b\";s:26:\"view_any_class::attendance\";s:1:\"c\";s:3:\"web\";s:1:\"r\";a:1:{i:0;i:1;}}i:68;a:4:{s:1:\"a\";i:69;s:1:\"b\";s:24:\"create_class::attendance\";s:1:\"c\";s:3:\"web\";s:1:\"r\";a:1:{i:0;i:1;}}i:69;a:4:{s:1:\"a\";i:70;s:1:\"b\";s:24:\"update_class::attendance\";s:1:\"c\";s:3:\"web\";s:1:\"r\";a:1:{i:0;i:1;}}i:70;a:4:{s:1:\"a\";i:71;s:1:\"b\";s:25:\"restore_class::attendance\";s:1:\"c\";s:3:\"web\";s:1:\"r\";a:1:{i:0;i:1;}}i:71;a:4:{s:1:\"a\";i:72;s:1:\"b\";s:29:\"restore_any_class::attendance\";s:1:\"c\";s:3:\"web\";s:1:\"r\";a:1:{i:0;i:1;}}i:72;a:4:{s:1:\"a\";i:73;s:1:\"b\";s:27:\"replicate_class::attendance\";s:1:\"c\";s:3:\"web\";s:1:\"r\";a:1:{i:0;i:1;}}i:73;a:4:{s:1:\"a\";i:74;s:1:\"b\";s:25:\"reorder_class::attendance\";s:1:\"c\";s:3:\"web\";s:1:\"r\";a:1:{i:0;i:1;}}i:74;a:4:{s:1:\"a\";i:75;s:1:\"b\";s:24:\"delete_class::attendance\";s:1:\"c\";s:3:\"web\";s:1:\"r\";a:1:{i:0;i:1;}}i:75;a:4:{s:1:\"a\";i:76;s:1:\"b\";s:28:\"delete_any_class::attendance\";s:1:\"c\";s:3:\"web\";s:1:\"r\";a:1:{i:0;i:1;}}i:76;a:4:{s:1:\"a\";i:77;s:1:\"b\";s:30:\"force_delete_class::attendance\";s:1:\"c\";s:3:\"web\";s:1:\"r\";a:1:{i:0;i:1;}}i:77;a:4:{s:1:\"a\";i:78;s:1:\"b\";s:34:\"force_delete_any_class::attendance\";s:1:\"c\";s:3:\"web\";s:1:\"r\";a:1:{i:0;i:1;}}i:78;a:4:{s:1:\"a\";i:79;s:1:\"b\";s:16:\"view_class::room\";s:1:\"c\";s:3:\"web\";s:1:\"r\";a:1:{i:0;i:1;}}i:79;a:4:{s:1:\"a\";i:80;s:1:\"b\";s:20:\"view_any_class::room\";s:1:\"c\";s:3:\"web\";s:1:\"r\";a:1:{i:0;i:1;}}i:80;a:4:{s:1:\"a\";i:81;s:1:\"b\";s:18:\"create_class::room\";s:1:\"c\";s:3:\"web\";s:1:\"r\";a:1:{i:0;i:1;}}i:81;a:4:{s:1:\"a\";i:82;s:1:\"b\";s:18:\"update_class::room\";s:1:\"c\";s:3:\"web\";s:1:\"r\";a:1:{i:0;i:1;}}i:82;a:4:{s:1:\"a\";i:83;s:1:\"b\";s:19:\"restore_class::room\";s:1:\"c\";s:3:\"web\";s:1:\"r\";a:1:{i:0;i:1;}}i:83;a:4:{s:1:\"a\";i:84;s:1:\"b\";s:23:\"restore_any_class::room\";s:1:\"c\";s:3:\"web\";s:1:\"r\";a:1:{i:0;i:1;}}i:84;a:4:{s:1:\"a\";i:85;s:1:\"b\";s:21:\"replicate_class::room\";s:1:\"c\";s:3:\"web\";s:1:\"r\";a:1:{i:0;i:1;}}i:85;a:4:{s:1:\"a\";i:86;s:1:\"b\";s:19:\"reorder_class::room\";s:1:\"c\";s:3:\"web\";s:1:\"r\";a:1:{i:0;i:1;}}i:86;a:4:{s:1:\"a\";i:87;s:1:\"b\";s:18:\"delete_class::room\";s:1:\"c\";s:3:\"web\";s:1:\"r\";a:1:{i:0;i:1;}}i:87;a:4:{s:1:\"a\";i:88;s:1:\"b\";s:22:\"delete_any_class::room\";s:1:\"c\";s:3:\"web\";s:1:\"r\";a:1:{i:0;i:1;}}i:88;a:4:{s:1:\"a\";i:89;s:1:\"b\";s:24:\"force_delete_class::room\";s:1:\"c\";s:3:\"web\";s:1:\"r\";a:1:{i:0;i:1;}}i:89;a:4:{s:1:\"a\";i:90;s:1:\"b\";s:28:\"force_delete_any_class::room\";s:1:\"c\";s:3:\"web\";s:1:\"r\";a:1:{i:0;i:1;}}i:90;a:4:{s:1:\"a\";i:91;s:1:\"b\";s:15:\"view_counseling\";s:1:\"c\";s:3:\"web\";s:1:\"r\";a:1:{i:0;i:1;}}i:91;a:4:{s:1:\"a\";i:92;s:1:\"b\";s:19:\"view_any_counseling\";s:1:\"c\";s:3:\"web\";s:1:\"r\";a:1:{i:0;i:1;}}i:92;a:4:{s:1:\"a\";i:93;s:1:\"b\";s:17:\"create_counseling\";s:1:\"c\";s:3:\"web\";s:1:\"r\";a:1:{i:0;i:1;}}i:93;a:4:{s:1:\"a\";i:94;s:1:\"b\";s:17:\"update_counseling\";s:1:\"c\";s:3:\"web\";s:1:\"r\";a:1:{i:0;i:1;}}i:94;a:4:{s:1:\"a\";i:95;s:1:\"b\";s:18:\"restore_counseling\";s:1:\"c\";s:3:\"web\";s:1:\"r\";a:1:{i:0;i:1;}}i:95;a:4:{s:1:\"a\";i:96;s:1:\"b\";s:22:\"restore_any_counseling\";s:1:\"c\";s:3:\"web\";s:1:\"r\";a:1:{i:0;i:1;}}i:96;a:4:{s:1:\"a\";i:97;s:1:\"b\";s:20:\"replicate_counseling\";s:1:\"c\";s:3:\"web\";s:1:\"r\";a:1:{i:0;i:1;}}i:97;a:4:{s:1:\"a\";i:98;s:1:\"b\";s:18:\"reorder_counseling\";s:1:\"c\";s:3:\"web\";s:1:\"r\";a:1:{i:0;i:1;}}i:98;a:4:{s:1:\"a\";i:99;s:1:\"b\";s:17:\"delete_counseling\";s:1:\"c\";s:3:\"web\";s:1:\"r\";a:1:{i:0;i:1;}}i:99;a:4:{s:1:\"a\";i:100;s:1:\"b\";s:21:\"delete_any_counseling\";s:1:\"c\";s:3:\"web\";s:1:\"r\";a:1:{i:0;i:1;}}i:100;a:4:{s:1:\"a\";i:101;s:1:\"b\";s:23:\"force_delete_counseling\";s:1:\"c\";s:3:\"web\";s:1:\"r\";a:1:{i:0;i:1;}}i:101;a:4:{s:1:\"a\";i:102;s:1:\"b\";s:27:\"force_delete_any_counseling\";s:1:\"c\";s:3:\"web\";s:1:\"r\";a:1:{i:0;i:1;}}i:102;a:4:{s:1:\"a\";i:103;s:1:\"b\";s:15:\"view_department\";s:1:\"c\";s:3:\"web\";s:1:\"r\";a:1:{i:0;i:1;}}i:103;a:4:{s:1:\"a\";i:104;s:1:\"b\";s:19:\"view_any_department\";s:1:\"c\";s:3:\"web\";s:1:\"r\";a:1:{i:0;i:1;}}i:104;a:4:{s:1:\"a\";i:105;s:1:\"b\";s:17:\"create_department\";s:1:\"c\";s:3:\"web\";s:1:\"r\";a:1:{i:0;i:1;}}i:105;a:4:{s:1:\"a\";i:106;s:1:\"b\";s:17:\"update_department\";s:1:\"c\";s:3:\"web\";s:1:\"r\";a:1:{i:0;i:1;}}i:106;a:4:{s:1:\"a\";i:107;s:1:\"b\";s:18:\"restore_department\";s:1:\"c\";s:3:\"web\";s:1:\"r\";a:1:{i:0;i:1;}}i:107;a:4:{s:1:\"a\";i:108;s:1:\"b\";s:22:\"restore_any_department\";s:1:\"c\";s:3:\"web\";s:1:\"r\";a:1:{i:0;i:1;}}i:108;a:4:{s:1:\"a\";i:109;s:1:\"b\";s:20:\"replicate_department\";s:1:\"c\";s:3:\"web\";s:1:\"r\";a:1:{i:0;i:1;}}i:109;a:4:{s:1:\"a\";i:110;s:1:\"b\";s:18:\"reorder_department\";s:1:\"c\";s:3:\"web\";s:1:\"r\";a:1:{i:0;i:1;}}i:110;a:4:{s:1:\"a\";i:111;s:1:\"b\";s:17:\"delete_department\";s:1:\"c\";s:3:\"web\";s:1:\"r\";a:1:{i:0;i:1;}}i:111;a:4:{s:1:\"a\";i:112;s:1:\"b\";s:21:\"delete_any_department\";s:1:\"c\";s:3:\"web\";s:1:\"r\";a:1:{i:0;i:1;}}i:112;a:4:{s:1:\"a\";i:113;s:1:\"b\";s:23:\"force_delete_department\";s:1:\"c\";s:3:\"web\";s:1:\"r\";a:1:{i:0;i:1;}}i:113;a:4:{s:1:\"a\";i:114;s:1:\"b\";s:27:\"force_delete_any_department\";s:1:\"c\";s:3:\"web\";s:1:\"r\";a:1:{i:0;i:1;}}i:114;a:4:{s:1:\"a\";i:115;s:1:\"b\";s:20:\"view_extracurricular\";s:1:\"c\";s:3:\"web\";s:1:\"r\";a:1:{i:0;i:1;}}i:115;a:4:{s:1:\"a\";i:116;s:1:\"b\";s:24:\"view_any_extracurricular\";s:1:\"c\";s:3:\"web\";s:1:\"r\";a:1:{i:0;i:1;}}i:116;a:4:{s:1:\"a\";i:117;s:1:\"b\";s:22:\"create_extracurricular\";s:1:\"c\";s:3:\"web\";s:1:\"r\";a:1:{i:0;i:1;}}i:117;a:4:{s:1:\"a\";i:118;s:1:\"b\";s:22:\"update_extracurricular\";s:1:\"c\";s:3:\"web\";s:1:\"r\";a:1:{i:0;i:1;}}i:118;a:4:{s:1:\"a\";i:119;s:1:\"b\";s:23:\"restore_extracurricular\";s:1:\"c\";s:3:\"web\";s:1:\"r\";a:1:{i:0;i:1;}}i:119;a:4:{s:1:\"a\";i:120;s:1:\"b\";s:27:\"restore_any_extracurricular\";s:1:\"c\";s:3:\"web\";s:1:\"r\";a:1:{i:0;i:1;}}i:120;a:4:{s:1:\"a\";i:121;s:1:\"b\";s:25:\"replicate_extracurricular\";s:1:\"c\";s:3:\"web\";s:1:\"r\";a:1:{i:0;i:1;}}i:121;a:4:{s:1:\"a\";i:122;s:1:\"b\";s:23:\"reorder_extracurricular\";s:1:\"c\";s:3:\"web\";s:1:\"r\";a:1:{i:0;i:1;}}i:122;a:4:{s:1:\"a\";i:123;s:1:\"b\";s:22:\"delete_extracurricular\";s:1:\"c\";s:3:\"web\";s:1:\"r\";a:1:{i:0;i:1;}}i:123;a:4:{s:1:\"a\";i:124;s:1:\"b\";s:26:\"delete_any_extracurricular\";s:1:\"c\";s:3:\"web\";s:1:\"r\";a:1:{i:0;i:1;}}i:124;a:4:{s:1:\"a\";i:125;s:1:\"b\";s:28:\"force_delete_extracurricular\";s:1:\"c\";s:3:\"web\";s:1:\"r\";a:1:{i:0;i:1;}}i:125;a:4:{s:1:\"a\";i:126;s:1:\"b\";s:32:\"force_delete_any_extracurricular\";s:1:\"c\";s:3:\"web\";s:1:\"r\";a:1:{i:0;i:1;}}i:126;a:4:{s:1:\"a\";i:127;s:1:\"b\";s:30:\"view_extracurricular::activity\";s:1:\"c\";s:3:\"web\";s:1:\"r\";a:2:{i:0;i:1;i:1;i:3;}}i:127;a:4:{s:1:\"a\";i:128;s:1:\"b\";s:34:\"view_any_extracurricular::activity\";s:1:\"c\";s:3:\"web\";s:1:\"r\";a:2:{i:0;i:1;i:1;i:3;}}i:128;a:4:{s:1:\"a\";i:129;s:1:\"b\";s:32:\"create_extracurricular::activity\";s:1:\"c\";s:3:\"web\";s:1:\"r\";a:2:{i:0;i:1;i:1;i:3;}}i:129;a:4:{s:1:\"a\";i:130;s:1:\"b\";s:32:\"update_extracurricular::activity\";s:1:\"c\";s:3:\"web\";s:1:\"r\";a:2:{i:0;i:1;i:1;i:3;}}i:130;a:4:{s:1:\"a\";i:131;s:1:\"b\";s:33:\"restore_extracurricular::activity\";s:1:\"c\";s:3:\"web\";s:1:\"r\";a:2:{i:0;i:1;i:1;i:3;}}i:131;a:4:{s:1:\"a\";i:132;s:1:\"b\";s:37:\"restore_any_extracurricular::activity\";s:1:\"c\";s:3:\"web\";s:1:\"r\";a:2:{i:0;i:1;i:1;i:3;}}i:132;a:4:{s:1:\"a\";i:133;s:1:\"b\";s:35:\"replicate_extracurricular::activity\";s:1:\"c\";s:3:\"web\";s:1:\"r\";a:2:{i:0;i:1;i:1;i:3;}}i:133;a:4:{s:1:\"a\";i:134;s:1:\"b\";s:33:\"reorder_extracurricular::activity\";s:1:\"c\";s:3:\"web\";s:1:\"r\";a:2:{i:0;i:1;i:1;i:3;}}i:134;a:4:{s:1:\"a\";i:135;s:1:\"b\";s:32:\"delete_extracurricular::activity\";s:1:\"c\";s:3:\"web\";s:1:\"r\";a:2:{i:0;i:1;i:1;i:3;}}i:135;a:4:{s:1:\"a\";i:136;s:1:\"b\";s:36:\"delete_any_extracurricular::activity\";s:1:\"c\";s:3:\"web\";s:1:\"r\";a:2:{i:0;i:1;i:1;i:3;}}i:136;a:4:{s:1:\"a\";i:137;s:1:\"b\";s:38:\"force_delete_extracurricular::activity\";s:1:\"c\";s:3:\"web\";s:1:\"r\";a:2:{i:0;i:1;i:1;i:3;}}i:137;a:4:{s:1:\"a\";i:138;s:1:\"b\";s:42:\"force_delete_any_extracurricular::activity\";s:1:\"c\";s:3:\"web\";s:1:\"r\";a:2:{i:0;i:1;i:1;i:3;}}i:138;a:4:{s:1:\"a\";i:139;s:1:\"b\";s:12:\"restore_guru\";s:1:\"c\";s:3:\"web\";s:1:\"r\";a:1:{i:0;i:1;}}i:139;a:4:{s:1:\"a\";i:140;s:1:\"b\";s:16:\"restore_any_guru\";s:1:\"c\";s:3:\"web\";s:1:\"r\";a:1:{i:0;i:1;}}i:140;a:4:{s:1:\"a\";i:141;s:1:\"b\";s:14:\"replicate_guru\";s:1:\"c\";s:3:\"web\";s:1:\"r\";a:1:{i:0;i:1;}}i:141;a:4:{s:1:\"a\";i:142;s:1:\"b\";s:12:\"reorder_guru\";s:1:\"c\";s:3:\"web\";s:1:\"r\";a:1:{i:0;i:1;}}i:142;a:4:{s:1:\"a\";i:143;s:1:\"b\";s:15:\"delete_any_guru\";s:1:\"c\";s:3:\"web\";s:1:\"r\";a:1:{i:0;i:1;}}i:143;a:4:{s:1:\"a\";i:144;s:1:\"b\";s:17:\"force_delete_guru\";s:1:\"c\";s:3:\"web\";s:1:\"r\";a:1:{i:0;i:1;}}i:144;a:4:{s:1:\"a\";i:145;s:1:\"b\";s:21:\"force_delete_any_guru\";s:1:\"c\";s:3:\"web\";s:1:\"r\";a:1:{i:0;i:1;}}i:145;a:4:{s:1:\"a\";i:146;s:1:\"b\";s:19:\"view_guru::activity\";s:1:\"c\";s:3:\"web\";s:1:\"r\";a:1:{i:0;i:1;}}i:146;a:4:{s:1:\"a\";i:147;s:1:\"b\";s:23:\"view_any_guru::activity\";s:1:\"c\";s:3:\"web\";s:1:\"r\";a:1:{i:0;i:1;}}i:147;a:4:{s:1:\"a\";i:148;s:1:\"b\";s:21:\"create_guru::activity\";s:1:\"c\";s:3:\"web\";s:1:\"r\";a:1:{i:0;i:1;}}i:148;a:4:{s:1:\"a\";i:149;s:1:\"b\";s:21:\"update_guru::activity\";s:1:\"c\";s:3:\"web\";s:1:\"r\";a:1:{i:0;i:1;}}i:149;a:4:{s:1:\"a\";i:150;s:1:\"b\";s:22:\"restore_guru::activity\";s:1:\"c\";s:3:\"web\";s:1:\"r\";a:1:{i:0;i:1;}}i:150;a:4:{s:1:\"a\";i:151;s:1:\"b\";s:26:\"restore_any_guru::activity\";s:1:\"c\";s:3:\"web\";s:1:\"r\";a:1:{i:0;i:1;}}i:151;a:4:{s:1:\"a\";i:152;s:1:\"b\";s:24:\"replicate_guru::activity\";s:1:\"c\";s:3:\"web\";s:1:\"r\";a:1:{i:0;i:1;}}i:152;a:4:{s:1:\"a\";i:153;s:1:\"b\";s:22:\"reorder_guru::activity\";s:1:\"c\";s:3:\"web\";s:1:\"r\";a:1:{i:0;i:1;}}i:153;a:4:{s:1:\"a\";i:154;s:1:\"b\";s:21:\"delete_guru::activity\";s:1:\"c\";s:3:\"web\";s:1:\"r\";a:1:{i:0;i:1;}}i:154;a:4:{s:1:\"a\";i:155;s:1:\"b\";s:25:\"delete_any_guru::activity\";s:1:\"c\";s:3:\"web\";s:1:\"r\";a:1:{i:0;i:1;}}i:155;a:4:{s:1:\"a\";i:156;s:1:\"b\";s:27:\"force_delete_guru::activity\";s:1:\"c\";s:3:\"web\";s:1:\"r\";a:1:{i:0;i:1;}}i:156;a:4:{s:1:\"a\";i:157;s:1:\"b\";s:31:\"force_delete_any_guru::activity\";s:1:\"c\";s:3:\"web\";s:1:\"r\";a:1:{i:0;i:1;}}i:157;a:4:{s:1:\"a\";i:158;s:1:\"b\";s:16:\"view_home::visit\";s:1:\"c\";s:3:\"web\";s:1:\"r\";a:1:{i:0;i:1;}}i:158;a:4:{s:1:\"a\";i:159;s:1:\"b\";s:20:\"view_any_home::visit\";s:1:\"c\";s:3:\"web\";s:1:\"r\";a:1:{i:0;i:1;}}i:159;a:4:{s:1:\"a\";i:160;s:1:\"b\";s:18:\"create_home::visit\";s:1:\"c\";s:3:\"web\";s:1:\"r\";a:1:{i:0;i:1;}}i:160;a:4:{s:1:\"a\";i:161;s:1:\"b\";s:18:\"update_home::visit\";s:1:\"c\";s:3:\"web\";s:1:\"r\";a:1:{i:0;i:1;}}i:161;a:4:{s:1:\"a\";i:162;s:1:\"b\";s:19:\"restore_home::visit\";s:1:\"c\";s:3:\"web\";s:1:\"r\";a:1:{i:0;i:1;}}i:162;a:4:{s:1:\"a\";i:163;s:1:\"b\";s:23:\"restore_any_home::visit\";s:1:\"c\";s:3:\"web\";s:1:\"r\";a:1:{i:0;i:1;}}i:163;a:4:{s:1:\"a\";i:164;s:1:\"b\";s:21:\"replicate_home::visit\";s:1:\"c\";s:3:\"web\";s:1:\"r\";a:1:{i:0;i:1;}}i:164;a:4:{s:1:\"a\";i:165;s:1:\"b\";s:19:\"reorder_home::visit\";s:1:\"c\";s:3:\"web\";s:1:\"r\";a:1:{i:0;i:1;}}i:165;a:4:{s:1:\"a\";i:166;s:1:\"b\";s:18:\"delete_home::visit\";s:1:\"c\";s:3:\"web\";s:1:\"r\";a:1:{i:0;i:1;}}i:166;a:4:{s:1:\"a\";i:167;s:1:\"b\";s:22:\"delete_any_home::visit\";s:1:\"c\";s:3:\"web\";s:1:\"r\";a:1:{i:0;i:1;}}i:167;a:4:{s:1:\"a\";i:168;s:1:\"b\";s:24:\"force_delete_home::visit\";s:1:\"c\";s:3:\"web\";s:1:\"r\";a:1:{i:0;i:1;}}i:168;a:4:{s:1:\"a\";i:169;s:1:\"b\";s:28:\"force_delete_any_home::visit\";s:1:\"c\";s:3:\"web\";s:1:\"r\";a:1:{i:0;i:1;}}i:169;a:4:{s:1:\"a\";i:170;s:1:\"b\";s:12:\"view_journal\";s:1:\"c\";s:3:\"web\";s:1:\"r\";a:1:{i:0;i:1;}}i:170;a:4:{s:1:\"a\";i:171;s:1:\"b\";s:16:\"view_any_journal\";s:1:\"c\";s:3:\"web\";s:1:\"r\";a:1:{i:0;i:1;}}i:171;a:4:{s:1:\"a\";i:172;s:1:\"b\";s:14:\"create_journal\";s:1:\"c\";s:3:\"web\";s:1:\"r\";a:1:{i:0;i:1;}}i:172;a:4:{s:1:\"a\";i:173;s:1:\"b\";s:14:\"update_journal\";s:1:\"c\";s:3:\"web\";s:1:\"r\";a:1:{i:0;i:1;}}i:173;a:4:{s:1:\"a\";i:174;s:1:\"b\";s:15:\"restore_journal\";s:1:\"c\";s:3:\"web\";s:1:\"r\";a:1:{i:0;i:1;}}i:174;a:4:{s:1:\"a\";i:175;s:1:\"b\";s:19:\"restore_any_journal\";s:1:\"c\";s:3:\"web\";s:1:\"r\";a:1:{i:0;i:1;}}i:175;a:4:{s:1:\"a\";i:176;s:1:\"b\";s:17:\"replicate_journal\";s:1:\"c\";s:3:\"web\";s:1:\"r\";a:1:{i:0;i:1;}}i:176;a:4:{s:1:\"a\";i:177;s:1:\"b\";s:15:\"reorder_journal\";s:1:\"c\";s:3:\"web\";s:1:\"r\";a:1:{i:0;i:1;}}i:177;a:4:{s:1:\"a\";i:178;s:1:\"b\";s:14:\"delete_journal\";s:1:\"c\";s:3:\"web\";s:1:\"r\";a:1:{i:0;i:1;}}i:178;a:4:{s:1:\"a\";i:179;s:1:\"b\";s:18:\"delete_any_journal\";s:1:\"c\";s:3:\"web\";s:1:\"r\";a:1:{i:0;i:1;}}i:179;a:4:{s:1:\"a\";i:180;s:1:\"b\";s:20:\"force_delete_journal\";s:1:\"c\";s:3:\"web\";s:1:\"r\";a:1:{i:0;i:1;}}i:180;a:4:{s:1:\"a\";i:181;s:1:\"b\";s:24:\"force_delete_any_journal\";s:1:\"c\";s:3:\"web\";s:1:\"r\";a:1:{i:0;i:1;}}i:181;a:4:{s:1:\"a\";i:182;s:1:\"b\";s:16:\"view_jurnal::pkl\";s:1:\"c\";s:3:\"web\";s:1:\"r\";a:1:{i:0;i:1;}}i:182;a:4:{s:1:\"a\";i:183;s:1:\"b\";s:20:\"view_any_jurnal::pkl\";s:1:\"c\";s:3:\"web\";s:1:\"r\";a:1:{i:0;i:1;}}i:183;a:4:{s:1:\"a\";i:184;s:1:\"b\";s:18:\"create_jurnal::pkl\";s:1:\"c\";s:3:\"web\";s:1:\"r\";a:1:{i:0;i:1;}}i:184;a:4:{s:1:\"a\";i:185;s:1:\"b\";s:18:\"update_jurnal::pkl\";s:1:\"c\";s:3:\"web\";s:1:\"r\";a:1:{i:0;i:1;}}i:185;a:4:{s:1:\"a\";i:186;s:1:\"b\";s:19:\"restore_jurnal::pkl\";s:1:\"c\";s:3:\"web\";s:1:\"r\";a:1:{i:0;i:1;}}i:186;a:4:{s:1:\"a\";i:187;s:1:\"b\";s:23:\"restore_any_jurnal::pkl\";s:1:\"c\";s:3:\"web\";s:1:\"r\";a:1:{i:0;i:1;}}i:187;a:4:{s:1:\"a\";i:188;s:1:\"b\";s:21:\"replicate_jurnal::pkl\";s:1:\"c\";s:3:\"web\";s:1:\"r\";a:1:{i:0;i:1;}}i:188;a:4:{s:1:\"a\";i:189;s:1:\"b\";s:19:\"reorder_jurnal::pkl\";s:1:\"c\";s:3:\"web\";s:1:\"r\";a:1:{i:0;i:1;}}i:189;a:4:{s:1:\"a\";i:190;s:1:\"b\";s:18:\"delete_jurnal::pkl\";s:1:\"c\";s:3:\"web\";s:1:\"r\";a:1:{i:0;i:1;}}i:190;a:4:{s:1:\"a\";i:191;s:1:\"b\";s:22:\"delete_any_jurnal::pkl\";s:1:\"c\";s:3:\"web\";s:1:\"r\";a:1:{i:0;i:1;}}i:191;a:4:{s:1:\"a\";i:192;s:1:\"b\";s:24:\"force_delete_jurnal::pkl\";s:1:\"c\";s:3:\"web\";s:1:\"r\";a:1:{i:0;i:1;}}i:192;a:4:{s:1:\"a\";i:193;s:1:\"b\";s:28:\"force_delete_any_jurnal::pkl\";s:1:\"c\";s:3:\"web\";s:1:\"r\";a:1:{i:0;i:1;}}i:193;a:4:{s:1:\"a\";i:194;s:1:\"b\";s:10:\"view_leave\";s:1:\"c\";s:3:\"web\";s:1:\"r\";a:1:{i:0;i:1;}}i:194;a:4:{s:1:\"a\";i:195;s:1:\"b\";s:14:\"view_any_leave\";s:1:\"c\";s:3:\"web\";s:1:\"r\";a:1:{i:0;i:1;}}i:195;a:4:{s:1:\"a\";i:196;s:1:\"b\";s:12:\"create_leave\";s:1:\"c\";s:3:\"web\";s:1:\"r\";a:1:{i:0;i:1;}}i:196;a:4:{s:1:\"a\";i:197;s:1:\"b\";s:12:\"update_leave\";s:1:\"c\";s:3:\"web\";s:1:\"r\";a:1:{i:0;i:1;}}i:197;a:4:{s:1:\"a\";i:198;s:1:\"b\";s:13:\"restore_leave\";s:1:\"c\";s:3:\"web\";s:1:\"r\";a:1:{i:0;i:1;}}i:198;a:4:{s:1:\"a\";i:199;s:1:\"b\";s:17:\"restore_any_leave\";s:1:\"c\";s:3:\"web\";s:1:\"r\";a:1:{i:0;i:1;}}i:199;a:4:{s:1:\"a\";i:200;s:1:\"b\";s:15:\"replicate_leave\";s:1:\"c\";s:3:\"web\";s:1:\"r\";a:1:{i:0;i:1;}}i:200;a:4:{s:1:\"a\";i:201;s:1:\"b\";s:13:\"reorder_leave\";s:1:\"c\";s:3:\"web\";s:1:\"r\";a:1:{i:0;i:1;}}i:201;a:4:{s:1:\"a\";i:202;s:1:\"b\";s:12:\"delete_leave\";s:1:\"c\";s:3:\"web\";s:1:\"r\";a:1:{i:0;i:1;}}i:202;a:4:{s:1:\"a\";i:203;s:1:\"b\";s:16:\"delete_any_leave\";s:1:\"c\";s:3:\"web\";s:1:\"r\";a:1:{i:0;i:1;}}i:203;a:4:{s:1:\"a\";i:204;s:1:\"b\";s:18:\"force_delete_leave\";s:1:\"c\";s:3:\"web\";s:1:\"r\";a:1:{i:0;i:1;}}i:204;a:4:{s:1:\"a\";i:205;s:1:\"b\";s:22:\"force_delete_any_leave\";s:1:\"c\";s:3:\"web\";s:1:\"r\";a:1:{i:0;i:1;}}i:205;a:4:{s:1:\"a\";i:206;s:1:\"b\";s:10:\"view_major\";s:1:\"c\";s:3:\"web\";s:1:\"r\";a:1:{i:0;i:1;}}i:206;a:4:{s:1:\"a\";i:207;s:1:\"b\";s:14:\"view_any_major\";s:1:\"c\";s:3:\"web\";s:1:\"r\";a:1:{i:0;i:1;}}i:207;a:4:{s:1:\"a\";i:208;s:1:\"b\";s:12:\"create_major\";s:1:\"c\";s:3:\"web\";s:1:\"r\";a:1:{i:0;i:1;}}i:208;a:4:{s:1:\"a\";i:209;s:1:\"b\";s:12:\"update_major\";s:1:\"c\";s:3:\"web\";s:1:\"r\";a:1:{i:0;i:1;}}i:209;a:4:{s:1:\"a\";i:210;s:1:\"b\";s:13:\"restore_major\";s:1:\"c\";s:3:\"web\";s:1:\"r\";a:1:{i:0;i:1;}}i:210;a:4:{s:1:\"a\";i:211;s:1:\"b\";s:17:\"restore_any_major\";s:1:\"c\";s:3:\"web\";s:1:\"r\";a:1:{i:0;i:1;}}i:211;a:4:{s:1:\"a\";i:212;s:1:\"b\";s:15:\"replicate_major\";s:1:\"c\";s:3:\"web\";s:1:\"r\";a:1:{i:0;i:1;}}i:212;a:4:{s:1:\"a\";i:213;s:1:\"b\";s:13:\"reorder_major\";s:1:\"c\";s:3:\"web\";s:1:\"r\";a:1:{i:0;i:1;}}i:213;a:4:{s:1:\"a\";i:214;s:1:\"b\";s:12:\"delete_major\";s:1:\"c\";s:3:\"web\";s:1:\"r\";a:1:{i:0;i:1;}}i:214;a:4:{s:1:\"a\";i:215;s:1:\"b\";s:16:\"delete_any_major\";s:1:\"c\";s:3:\"web\";s:1:\"r\";a:1:{i:0;i:1;}}i:215;a:4:{s:1:\"a\";i:216;s:1:\"b\";s:18:\"force_delete_major\";s:1:\"c\";s:3:\"web\";s:1:\"r\";a:1:{i:0;i:1;}}i:216;a:4:{s:1:\"a\";i:217;s:1:\"b\";s:22:\"force_delete_any_major\";s:1:\"c\";s:3:\"web\";s:1:\"r\";a:1:{i:0;i:1;}}i:217;a:4:{s:1:\"a\";i:218;s:1:\"b\";s:13:\"view_mutation\";s:1:\"c\";s:3:\"web\";s:1:\"r\";a:1:{i:0;i:1;}}i:218;a:4:{s:1:\"a\";i:219;s:1:\"b\";s:17:\"view_any_mutation\";s:1:\"c\";s:3:\"web\";s:1:\"r\";a:1:{i:0;i:1;}}i:219;a:4:{s:1:\"a\";i:220;s:1:\"b\";s:15:\"create_mutation\";s:1:\"c\";s:3:\"web\";s:1:\"r\";a:1:{i:0;i:1;}}i:220;a:4:{s:1:\"a\";i:221;s:1:\"b\";s:15:\"update_mutation\";s:1:\"c\";s:3:\"web\";s:1:\"r\";a:1:{i:0;i:1;}}i:221;a:4:{s:1:\"a\";i:222;s:1:\"b\";s:16:\"restore_mutation\";s:1:\"c\";s:3:\"web\";s:1:\"r\";a:1:{i:0;i:1;}}i:222;a:4:{s:1:\"a\";i:223;s:1:\"b\";s:20:\"restore_any_mutation\";s:1:\"c\";s:3:\"web\";s:1:\"r\";a:1:{i:0;i:1;}}i:223;a:4:{s:1:\"a\";i:224;s:1:\"b\";s:18:\"replicate_mutation\";s:1:\"c\";s:3:\"web\";s:1:\"r\";a:1:{i:0;i:1;}}i:224;a:4:{s:1:\"a\";i:225;s:1:\"b\";s:16:\"reorder_mutation\";s:1:\"c\";s:3:\"web\";s:1:\"r\";a:1:{i:0;i:1;}}i:225;a:4:{s:1:\"a\";i:226;s:1:\"b\";s:15:\"delete_mutation\";s:1:\"c\";s:3:\"web\";s:1:\"r\";a:1:{i:0;i:1;}}i:226;a:4:{s:1:\"a\";i:227;s:1:\"b\";s:19:\"delete_any_mutation\";s:1:\"c\";s:3:\"web\";s:1:\"r\";a:1:{i:0;i:1;}}i:227;a:4:{s:1:\"a\";i:228;s:1:\"b\";s:21:\"force_delete_mutation\";s:1:\"c\";s:3:\"web\";s:1:\"r\";a:1:{i:0;i:1;}}i:228;a:4:{s:1:\"a\";i:229;s:1:\"b\";s:25:\"force_delete_any_mutation\";s:1:\"c\";s:3:\"web\";s:1:\"r\";a:1:{i:0;i:1;}}i:229;a:4:{s:1:\"a\";i:230;s:1:\"b\";s:11:\"view_office\";s:1:\"c\";s:3:\"web\";s:1:\"r\";a:1:{i:0;i:1;}}i:230;a:4:{s:1:\"a\";i:231;s:1:\"b\";s:15:\"view_any_office\";s:1:\"c\";s:3:\"web\";s:1:\"r\";a:1:{i:0;i:1;}}i:231;a:4:{s:1:\"a\";i:232;s:1:\"b\";s:13:\"create_office\";s:1:\"c\";s:3:\"web\";s:1:\"r\";a:1:{i:0;i:1;}}i:232;a:4:{s:1:\"a\";i:233;s:1:\"b\";s:13:\"update_office\";s:1:\"c\";s:3:\"web\";s:1:\"r\";a:1:{i:0;i:1;}}i:233;a:4:{s:1:\"a\";i:234;s:1:\"b\";s:14:\"restore_office\";s:1:\"c\";s:3:\"web\";s:1:\"r\";a:1:{i:0;i:1;}}i:234;a:4:{s:1:\"a\";i:235;s:1:\"b\";s:18:\"restore_any_office\";s:1:\"c\";s:3:\"web\";s:1:\"r\";a:1:{i:0;i:1;}}i:235;a:4:{s:1:\"a\";i:236;s:1:\"b\";s:16:\"replicate_office\";s:1:\"c\";s:3:\"web\";s:1:\"r\";a:1:{i:0;i:1;}}i:236;a:4:{s:1:\"a\";i:237;s:1:\"b\";s:14:\"reorder_office\";s:1:\"c\";s:3:\"web\";s:1:\"r\";a:1:{i:0;i:1;}}i:237;a:4:{s:1:\"a\";i:238;s:1:\"b\";s:13:\"delete_office\";s:1:\"c\";s:3:\"web\";s:1:\"r\";a:1:{i:0;i:1;}}i:238;a:4:{s:1:\"a\";i:239;s:1:\"b\";s:17:\"delete_any_office\";s:1:\"c\";s:3:\"web\";s:1:\"r\";a:1:{i:0;i:1;}}i:239;a:4:{s:1:\"a\";i:240;s:1:\"b\";s:19:\"force_delete_office\";s:1:\"c\";s:3:\"web\";s:1:\"r\";a:1:{i:0;i:1;}}i:240;a:4:{s:1:\"a\";i:241;s:1:\"b\";s:23:\"force_delete_any_office\";s:1:\"c\";s:3:\"web\";s:1:\"r\";a:1:{i:0;i:1;}}i:241;a:4:{s:1:\"a\";i:242;s:1:\"b\";s:20:\"view_pkl::internship\";s:1:\"c\";s:3:\"web\";s:1:\"r\";a:1:{i:0;i:1;}}i:242;a:4:{s:1:\"a\";i:243;s:1:\"b\";s:24:\"view_any_pkl::internship\";s:1:\"c\";s:3:\"web\";s:1:\"r\";a:1:{i:0;i:1;}}i:243;a:4:{s:1:\"a\";i:244;s:1:\"b\";s:22:\"create_pkl::internship\";s:1:\"c\";s:3:\"web\";s:1:\"r\";a:1:{i:0;i:1;}}i:244;a:4:{s:1:\"a\";i:245;s:1:\"b\";s:22:\"update_pkl::internship\";s:1:\"c\";s:3:\"web\";s:1:\"r\";a:1:{i:0;i:1;}}i:245;a:4:{s:1:\"a\";i:246;s:1:\"b\";s:23:\"restore_pkl::internship\";s:1:\"c\";s:3:\"web\";s:1:\"r\";a:1:{i:0;i:1;}}i:246;a:4:{s:1:\"a\";i:247;s:1:\"b\";s:27:\"restore_any_pkl::internship\";s:1:\"c\";s:3:\"web\";s:1:\"r\";a:1:{i:0;i:1;}}i:247;a:4:{s:1:\"a\";i:248;s:1:\"b\";s:25:\"replicate_pkl::internship\";s:1:\"c\";s:3:\"web\";s:1:\"r\";a:1:{i:0;i:1;}}i:248;a:4:{s:1:\"a\";i:249;s:1:\"b\";s:23:\"reorder_pkl::internship\";s:1:\"c\";s:3:\"web\";s:1:\"r\";a:1:{i:0;i:1;}}i:249;a:4:{s:1:\"a\";i:250;s:1:\"b\";s:22:\"delete_pkl::internship\";s:1:\"c\";s:3:\"web\";s:1:\"r\";a:1:{i:0;i:1;}}i:250;a:4:{s:1:\"a\";i:251;s:1:\"b\";s:26:\"delete_any_pkl::internship\";s:1:\"c\";s:3:\"web\";s:1:\"r\";a:1:{i:0;i:1;}}i:251;a:4:{s:1:\"a\";i:252;s:1:\"b\";s:28:\"force_delete_pkl::internship\";s:1:\"c\";s:3:\"web\";s:1:\"r\";a:1:{i:0;i:1;}}i:252;a:4:{s:1:\"a\";i:253;s:1:\"b\";s:32:\"force_delete_any_pkl::internship\";s:1:\"c\";s:3:\"web\";s:1:\"r\";a:1:{i:0;i:1;}}i:253;a:4:{s:1:\"a\";i:254;s:1:\"b\";s:23:\"view_prayer::attendance\";s:1:\"c\";s:3:\"web\";s:1:\"r\";a:1:{i:0;i:1;}}i:254;a:4:{s:1:\"a\";i:255;s:1:\"b\";s:27:\"view_any_prayer::attendance\";s:1:\"c\";s:3:\"web\";s:1:\"r\";a:1:{i:0;i:1;}}i:255;a:4:{s:1:\"a\";i:256;s:1:\"b\";s:25:\"create_prayer::attendance\";s:1:\"c\";s:3:\"web\";s:1:\"r\";a:1:{i:0;i:1;}}i:256;a:4:{s:1:\"a\";i:257;s:1:\"b\";s:25:\"update_prayer::attendance\";s:1:\"c\";s:3:\"web\";s:1:\"r\";a:1:{i:0;i:1;}}i:257;a:4:{s:1:\"a\";i:258;s:1:\"b\";s:26:\"restore_prayer::attendance\";s:1:\"c\";s:3:\"web\";s:1:\"r\";a:1:{i:0;i:1;}}i:258;a:4:{s:1:\"a\";i:259;s:1:\"b\";s:30:\"restore_any_prayer::attendance\";s:1:\"c\";s:3:\"web\";s:1:\"r\";a:1:{i:0;i:1;}}i:259;a:4:{s:1:\"a\";i:260;s:1:\"b\";s:28:\"replicate_prayer::attendance\";s:1:\"c\";s:3:\"web\";s:1:\"r\";a:1:{i:0;i:1;}}i:260;a:4:{s:1:\"a\";i:261;s:1:\"b\";s:26:\"reorder_prayer::attendance\";s:1:\"c\";s:3:\"web\";s:1:\"r\";a:1:{i:0;i:1;}}i:261;a:4:{s:1:\"a\";i:262;s:1:\"b\";s:25:\"delete_prayer::attendance\";s:1:\"c\";s:3:\"web\";s:1:\"r\";a:1:{i:0;i:1;}}i:262;a:4:{s:1:\"a\";i:263;s:1:\"b\";s:29:\"delete_any_prayer::attendance\";s:1:\"c\";s:3:\"web\";s:1:\"r\";a:1:{i:0;i:1;}}i:263;a:4:{s:1:\"a\";i:264;s:1:\"b\";s:31:\"force_delete_prayer::attendance\";s:1:\"c\";s:3:\"web\";s:1:\"r\";a:1:{i:0;i:1;}}i:264;a:4:{s:1:\"a\";i:265;s:1:\"b\";s:35:\"force_delete_any_prayer::attendance\";s:1:\"c\";s:3:\"web\";s:1:\"r\";a:1:{i:0;i:1;}}i:265;a:4:{s:1:\"a\";i:266;s:1:\"b\";s:9:\"view_role\";s:1:\"c\";s:3:\"web\";s:1:\"r\";a:1:{i:0;i:1;}}i:266;a:4:{s:1:\"a\";i:267;s:1:\"b\";s:13:\"view_any_role\";s:1:\"c\";s:3:\"web\";s:1:\"r\";a:1:{i:0;i:1;}}i:267;a:4:{s:1:\"a\";i:268;s:1:\"b\";s:11:\"create_role\";s:1:\"c\";s:3:\"web\";s:1:\"r\";a:1:{i:0;i:1;}}i:268;a:4:{s:1:\"a\";i:269;s:1:\"b\";s:11:\"update_role\";s:1:\"c\";s:3:\"web\";s:1:\"r\";a:1:{i:0;i:1;}}i:269;a:4:{s:1:\"a\";i:270;s:1:\"b\";s:11:\"delete_role\";s:1:\"c\";s:3:\"web\";s:1:\"r\";a:1:{i:0;i:1;}}i:270;a:4:{s:1:\"a\";i:271;s:1:\"b\";s:15:\"delete_any_role\";s:1:\"c\";s:3:\"web\";s:1:\"r\";a:1:{i:0;i:1;}}i:271;a:4:{s:1:\"a\";i:272;s:1:\"b\";s:13:\"view_schedule\";s:1:\"c\";s:3:\"web\";s:1:\"r\";a:1:{i:0;i:1;}}i:272;a:4:{s:1:\"a\";i:273;s:1:\"b\";s:17:\"view_any_schedule\";s:1:\"c\";s:3:\"web\";s:1:\"r\";a:1:{i:0;i:1;}}i:273;a:4:{s:1:\"a\";i:274;s:1:\"b\";s:15:\"create_schedule\";s:1:\"c\";s:3:\"web\";s:1:\"r\";a:1:{i:0;i:1;}}i:274;a:4:{s:1:\"a\";i:275;s:1:\"b\";s:15:\"update_schedule\";s:1:\"c\";s:3:\"web\";s:1:\"r\";a:1:{i:0;i:1;}}i:275;a:4:{s:1:\"a\";i:276;s:1:\"b\";s:16:\"restore_schedule\";s:1:\"c\";s:3:\"web\";s:1:\"r\";a:1:{i:0;i:1;}}i:276;a:4:{s:1:\"a\";i:277;s:1:\"b\";s:20:\"restore_any_schedule\";s:1:\"c\";s:3:\"web\";s:1:\"r\";a:1:{i:0;i:1;}}i:277;a:4:{s:1:\"a\";i:278;s:1:\"b\";s:18:\"replicate_schedule\";s:1:\"c\";s:3:\"web\";s:1:\"r\";a:1:{i:0;i:1;}}i:278;a:4:{s:1:\"a\";i:279;s:1:\"b\";s:16:\"reorder_schedule\";s:1:\"c\";s:3:\"web\";s:1:\"r\";a:1:{i:0;i:1;}}i:279;a:4:{s:1:\"a\";i:280;s:1:\"b\";s:15:\"delete_schedule\";s:1:\"c\";s:3:\"web\";s:1:\"r\";a:1:{i:0;i:1;}}i:280;a:4:{s:1:\"a\";i:281;s:1:\"b\";s:19:\"delete_any_schedule\";s:1:\"c\";s:3:\"web\";s:1:\"r\";a:1:{i:0;i:1;}}i:281;a:4:{s:1:\"a\";i:282;s:1:\"b\";s:21:\"force_delete_schedule\";s:1:\"c\";s:3:\"web\";s:1:\"r\";a:1:{i:0;i:1;}}i:282;a:4:{s:1:\"a\";i:283;s:1:\"b\";s:25:\"force_delete_any_schedule\";s:1:\"c\";s:3:\"web\";s:1:\"r\";a:1:{i:0;i:1;}}i:283;a:4:{s:1:\"a\";i:284;s:1:\"b\";s:17:\"view_school::year\";s:1:\"c\";s:3:\"web\";s:1:\"r\";a:1:{i:0;i:1;}}i:284;a:4:{s:1:\"a\";i:285;s:1:\"b\";s:21:\"view_any_school::year\";s:1:\"c\";s:3:\"web\";s:1:\"r\";a:1:{i:0;i:1;}}i:285;a:4:{s:1:\"a\";i:286;s:1:\"b\";s:19:\"create_school::year\";s:1:\"c\";s:3:\"web\";s:1:\"r\";a:1:{i:0;i:1;}}i:286;a:4:{s:1:\"a\";i:287;s:1:\"b\";s:19:\"update_school::year\";s:1:\"c\";s:3:\"web\";s:1:\"r\";a:1:{i:0;i:1;}}i:287;a:4:{s:1:\"a\";i:288;s:1:\"b\";s:20:\"restore_school::year\";s:1:\"c\";s:3:\"web\";s:1:\"r\";a:1:{i:0;i:1;}}i:288;a:4:{s:1:\"a\";i:289;s:1:\"b\";s:24:\"restore_any_school::year\";s:1:\"c\";s:3:\"web\";s:1:\"r\";a:1:{i:0;i:1;}}i:289;a:4:{s:1:\"a\";i:290;s:1:\"b\";s:22:\"replicate_school::year\";s:1:\"c\";s:3:\"web\";s:1:\"r\";a:1:{i:0;i:1;}}i:290;a:4:{s:1:\"a\";i:291;s:1:\"b\";s:20:\"reorder_school::year\";s:1:\"c\";s:3:\"web\";s:1:\"r\";a:1:{i:0;i:1;}}i:291;a:4:{s:1:\"a\";i:292;s:1:\"b\";s:19:\"delete_school::year\";s:1:\"c\";s:3:\"web\";s:1:\"r\";a:1:{i:0;i:1;}}i:292;a:4:{s:1:\"a\";i:293;s:1:\"b\";s:23:\"delete_any_school::year\";s:1:\"c\";s:3:\"web\";s:1:\"r\";a:1:{i:0;i:1;}}i:293;a:4:{s:1:\"a\";i:294;s:1:\"b\";s:25:\"force_delete_school::year\";s:1:\"c\";s:3:\"web\";s:1:\"r\";a:1:{i:0;i:1;}}i:294;a:4:{s:1:\"a\";i:295;s:1:\"b\";s:29:\"force_delete_any_school::year\";s:1:\"c\";s:3:\"web\";s:1:\"r\";a:1:{i:0;i:1;}}i:295;a:4:{s:1:\"a\";i:296;s:1:\"b\";s:10:\"view_shift\";s:1:\"c\";s:3:\"web\";s:1:\"r\";a:1:{i:0;i:1;}}i:296;a:4:{s:1:\"a\";i:297;s:1:\"b\";s:14:\"view_any_shift\";s:1:\"c\";s:3:\"web\";s:1:\"r\";a:1:{i:0;i:1;}}i:297;a:4:{s:1:\"a\";i:298;s:1:\"b\";s:12:\"create_shift\";s:1:\"c\";s:3:\"web\";s:1:\"r\";a:1:{i:0;i:1;}}i:298;a:4:{s:1:\"a\";i:299;s:1:\"b\";s:12:\"update_shift\";s:1:\"c\";s:3:\"web\";s:1:\"r\";a:1:{i:0;i:1;}}i:299;a:4:{s:1:\"a\";i:300;s:1:\"b\";s:13:\"restore_shift\";s:1:\"c\";s:3:\"web\";s:1:\"r\";a:1:{i:0;i:1;}}i:300;a:4:{s:1:\"a\";i:301;s:1:\"b\";s:17:\"restore_any_shift\";s:1:\"c\";s:3:\"web\";s:1:\"r\";a:1:{i:0;i:1;}}i:301;a:4:{s:1:\"a\";i:302;s:1:\"b\";s:15:\"replicate_shift\";s:1:\"c\";s:3:\"web\";s:1:\"r\";a:1:{i:0;i:1;}}i:302;a:4:{s:1:\"a\";i:303;s:1:\"b\";s:13:\"reorder_shift\";s:1:\"c\";s:3:\"web\";s:1:\"r\";a:1:{i:0;i:1;}}i:303;a:4:{s:1:\"a\";i:304;s:1:\"b\";s:12:\"delete_shift\";s:1:\"c\";s:3:\"web\";s:1:\"r\";a:1:{i:0;i:1;}}i:304;a:4:{s:1:\"a\";i:305;s:1:\"b\";s:16:\"delete_any_shift\";s:1:\"c\";s:3:\"web\";s:1:\"r\";a:1:{i:0;i:1;}}i:305;a:4:{s:1:\"a\";i:306;s:1:\"b\";s:18:\"force_delete_shift\";s:1:\"c\";s:3:\"web\";s:1:\"r\";a:1:{i:0;i:1;}}i:306;a:4:{s:1:\"a\";i:307;s:1:\"b\";s:22:\"force_delete_any_shift\";s:1:\"c\";s:3:\"web\";s:1:\"r\";a:1:{i:0;i:1;}}i:307;a:4:{s:1:\"a\";i:308;s:1:\"b\";s:15:\"restore_student\";s:1:\"c\";s:3:\"web\";s:1:\"r\";a:1:{i:0;i:1;}}i:308;a:4:{s:1:\"a\";i:309;s:1:\"b\";s:19:\"restore_any_student\";s:1:\"c\";s:3:\"web\";s:1:\"r\";a:1:{i:0;i:1;}}i:309;a:4:{s:1:\"a\";i:310;s:1:\"b\";s:17:\"replicate_student\";s:1:\"c\";s:3:\"web\";s:1:\"r\";a:1:{i:0;i:1;}}i:310;a:4:{s:1:\"a\";i:311;s:1:\"b\";s:15:\"reorder_student\";s:1:\"c\";s:3:\"web\";s:1:\"r\";a:1:{i:0;i:1;}}i:311;a:4:{s:1:\"a\";i:312;s:1:\"b\";s:18:\"delete_any_student\";s:1:\"c\";s:3:\"web\";s:1:\"r\";a:1:{i:0;i:1;}}i:312;a:4:{s:1:\"a\";i:313;s:1:\"b\";s:20:\"force_delete_student\";s:1:\"c\";s:3:\"web\";s:1:\"r\";a:1:{i:0;i:1;}}i:313;a:4:{s:1:\"a\";i:314;s:1:\"b\";s:24:\"force_delete_any_student\";s:1:\"c\";s:3:\"web\";s:1:\"r\";a:1:{i:0;i:1;}}i:314;a:4:{s:1:\"a\";i:315;s:1:\"b\";s:20:\"view_student::permit\";s:1:\"c\";s:3:\"web\";s:1:\"r\";a:1:{i:0;i:1;}}i:315;a:4:{s:1:\"a\";i:316;s:1:\"b\";s:24:\"view_any_student::permit\";s:1:\"c\";s:3:\"web\";s:1:\"r\";a:1:{i:0;i:1;}}i:316;a:4:{s:1:\"a\";i:317;s:1:\"b\";s:22:\"create_student::permit\";s:1:\"c\";s:3:\"web\";s:1:\"r\";a:1:{i:0;i:1;}}i:317;a:4:{s:1:\"a\";i:318;s:1:\"b\";s:22:\"update_student::permit\";s:1:\"c\";s:3:\"web\";s:1:\"r\";a:1:{i:0;i:1;}}i:318;a:4:{s:1:\"a\";i:319;s:1:\"b\";s:23:\"restore_student::permit\";s:1:\"c\";s:3:\"web\";s:1:\"r\";a:1:{i:0;i:1;}}i:319;a:4:{s:1:\"a\";i:320;s:1:\"b\";s:27:\"restore_any_student::permit\";s:1:\"c\";s:3:\"web\";s:1:\"r\";a:1:{i:0;i:1;}}i:320;a:4:{s:1:\"a\";i:321;s:1:\"b\";s:25:\"replicate_student::permit\";s:1:\"c\";s:3:\"web\";s:1:\"r\";a:1:{i:0;i:1;}}i:321;a:4:{s:1:\"a\";i:322;s:1:\"b\";s:23:\"reorder_student::permit\";s:1:\"c\";s:3:\"web\";s:1:\"r\";a:1:{i:0;i:1;}}i:322;a:4:{s:1:\"a\";i:323;s:1:\"b\";s:22:\"delete_student::permit\";s:1:\"c\";s:3:\"web\";s:1:\"r\";a:1:{i:0;i:1;}}i:323;a:4:{s:1:\"a\";i:324;s:1:\"b\";s:26:\"delete_any_student::permit\";s:1:\"c\";s:3:\"web\";s:1:\"r\";a:1:{i:0;i:1;}}i:324;a:4:{s:1:\"a\";i:325;s:1:\"b\";s:28:\"force_delete_student::permit\";s:1:\"c\";s:3:\"web\";s:1:\"r\";a:1:{i:0;i:1;}}i:325;a:4:{s:1:\"a\";i:326;s:1:\"b\";s:32:\"force_delete_any_student::permit\";s:1:\"c\";s:3:\"web\";s:1:\"r\";a:1:{i:0;i:1;}}i:326;a:4:{s:1:\"a\";i:327;s:1:\"b\";s:22:\"view_teacher::schedule\";s:1:\"c\";s:3:\"web\";s:1:\"r\";a:2:{i:0;i:1;i:1;i:3;}}i:327;a:4:{s:1:\"a\";i:328;s:1:\"b\";s:26:\"view_any_teacher::schedule\";s:1:\"c\";s:3:\"web\";s:1:\"r\";a:2:{i:0;i:1;i:1;i:3;}}i:328;a:4:{s:1:\"a\";i:329;s:1:\"b\";s:24:\"create_teacher::schedule\";s:1:\"c\";s:3:\"web\";s:1:\"r\";a:2:{i:0;i:1;i:1;i:3;}}i:329;a:4:{s:1:\"a\";i:330;s:1:\"b\";s:24:\"update_teacher::schedule\";s:1:\"c\";s:3:\"web\";s:1:\"r\";a:2:{i:0;i:1;i:1;i:3;}}i:330;a:4:{s:1:\"a\";i:331;s:1:\"b\";s:25:\"restore_teacher::schedule\";s:1:\"c\";s:3:\"web\";s:1:\"r\";a:2:{i:0;i:1;i:1;i:3;}}i:331;a:4:{s:1:\"a\";i:332;s:1:\"b\";s:29:\"restore_any_teacher::schedule\";s:1:\"c\";s:3:\"web\";s:1:\"r\";a:2:{i:0;i:1;i:1;i:3;}}i:332;a:4:{s:1:\"a\";i:333;s:1:\"b\";s:27:\"replicate_teacher::schedule\";s:1:\"c\";s:3:\"web\";s:1:\"r\";a:2:{i:0;i:1;i:1;i:3;}}i:333;a:4:{s:1:\"a\";i:334;s:1:\"b\";s:25:\"reorder_teacher::schedule\";s:1:\"c\";s:3:\"web\";s:1:\"r\";a:2:{i:0;i:1;i:1;i:3;}}i:334;a:4:{s:1:\"a\";i:335;s:1:\"b\";s:24:\"delete_teacher::schedule\";s:1:\"c\";s:3:\"web\";s:1:\"r\";a:2:{i:0;i:1;i:1;i:3;}}i:335;a:4:{s:1:\"a\";i:336;s:1:\"b\";s:28:\"delete_any_teacher::schedule\";s:1:\"c\";s:3:\"web\";s:1:\"r\";a:2:{i:0;i:1;i:1;i:3;}}i:336;a:4:{s:1:\"a\";i:337;s:1:\"b\";s:30:\"force_delete_teacher::schedule\";s:1:\"c\";s:3:\"web\";s:1:\"r\";a:2:{i:0;i:1;i:1;i:3;}}i:337;a:4:{s:1:\"a\";i:338;s:1:\"b\";s:34:\"force_delete_any_teacher::schedule\";s:1:\"c\";s:3:\"web\";s:1:\"r\";a:2:{i:0;i:1;i:1;i:3;}}i:338;a:4:{s:1:\"a\";i:339;s:1:\"b\";s:23:\"view_teaching::activity\";s:1:\"c\";s:3:\"web\";s:1:\"r\";a:2:{i:0;i:1;i:1;i:3;}}i:339;a:4:{s:1:\"a\";i:340;s:1:\"b\";s:27:\"view_any_teaching::activity\";s:1:\"c\";s:3:\"web\";s:1:\"r\";a:2:{i:0;i:1;i:1;i:3;}}i:340;a:4:{s:1:\"a\";i:341;s:1:\"b\";s:25:\"create_teaching::activity\";s:1:\"c\";s:3:\"web\";s:1:\"r\";a:2:{i:0;i:1;i:1;i:3;}}i:341;a:4:{s:1:\"a\";i:342;s:1:\"b\";s:25:\"update_teaching::activity\";s:1:\"c\";s:3:\"web\";s:1:\"r\";a:2:{i:0;i:1;i:1;i:3;}}i:342;a:4:{s:1:\"a\";i:343;s:1:\"b\";s:26:\"restore_teaching::activity\";s:1:\"c\";s:3:\"web\";s:1:\"r\";a:2:{i:0;i:1;i:1;i:3;}}i:343;a:4:{s:1:\"a\";i:344;s:1:\"b\";s:30:\"restore_any_teaching::activity\";s:1:\"c\";s:3:\"web\";s:1:\"r\";a:2:{i:0;i:1;i:1;i:3;}}i:344;a:4:{s:1:\"a\";i:345;s:1:\"b\";s:28:\"replicate_teaching::activity\";s:1:\"c\";s:3:\"web\";s:1:\"r\";a:2:{i:0;i:1;i:1;i:3;}}i:345;a:4:{s:1:\"a\";i:346;s:1:\"b\";s:26:\"reorder_teaching::activity\";s:1:\"c\";s:3:\"web\";s:1:\"r\";a:2:{i:0;i:1;i:1;i:3;}}i:346;a:4:{s:1:\"a\";i:347;s:1:\"b\";s:25:\"delete_teaching::activity\";s:1:\"c\";s:3:\"web\";s:1:\"r\";a:2:{i:0;i:1;i:1;i:3;}}i:347;a:4:{s:1:\"a\";i:348;s:1:\"b\";s:29:\"delete_any_teaching::activity\";s:1:\"c\";s:3:\"web\";s:1:\"r\";a:2:{i:0;i:1;i:1;i:3;}}i:348;a:4:{s:1:\"a\";i:349;s:1:\"b\";s:31:\"force_delete_teaching::activity\";s:1:\"c\";s:3:\"web\";s:1:\"r\";a:2:{i:0;i:1;i:1;i:3;}}i:349;a:4:{s:1:\"a\";i:350;s:1:\"b\";s:35:\"force_delete_any_teaching::activity\";s:1:\"c\";s:3:\"web\";s:1:\"r\";a:2:{i:0;i:1;i:1;i:3;}}i:350;a:4:{s:1:\"a\";i:351;s:1:\"b\";s:9:\"view_user\";s:1:\"c\";s:3:\"web\";s:1:\"r\";a:1:{i:0;i:1;}}i:351;a:4:{s:1:\"a\";i:352;s:1:\"b\";s:13:\"view_any_user\";s:1:\"c\";s:3:\"web\";s:1:\"r\";a:1:{i:0;i:1;}}i:352;a:4:{s:1:\"a\";i:353;s:1:\"b\";s:11:\"create_user\";s:1:\"c\";s:3:\"web\";s:1:\"r\";a:1:{i:0;i:1;}}i:353;a:4:{s:1:\"a\";i:354;s:1:\"b\";s:11:\"update_user\";s:1:\"c\";s:3:\"web\";s:1:\"r\";a:1:{i:0;i:1;}}i:354;a:4:{s:1:\"a\";i:355;s:1:\"b\";s:12:\"restore_user\";s:1:\"c\";s:3:\"web\";s:1:\"r\";a:1:{i:0;i:1;}}i:355;a:4:{s:1:\"a\";i:356;s:1:\"b\";s:16:\"restore_any_user\";s:1:\"c\";s:3:\"web\";s:1:\"r\";a:1:{i:0;i:1;}}i:356;a:4:{s:1:\"a\";i:357;s:1:\"b\";s:14:\"replicate_user\";s:1:\"c\";s:3:\"web\";s:1:\"r\";a:1:{i:0;i:1;}}i:357;a:4:{s:1:\"a\";i:358;s:1:\"b\";s:12:\"reorder_user\";s:1:\"c\";s:3:\"web\";s:1:\"r\";a:1:{i:0;i:1;}}i:358;a:4:{s:1:\"a\";i:359;s:1:\"b\";s:11:\"delete_user\";s:1:\"c\";s:3:\"web\";s:1:\"r\";a:1:{i:0;i:1;}}i:359;a:4:{s:1:\"a\";i:360;s:1:\"b\";s:15:\"delete_any_user\";s:1:\"c\";s:3:\"web\";s:1:\"r\";a:1:{i:0;i:1;}}i:360;a:4:{s:1:\"a\";i:361;s:1:\"b\";s:17:\"force_delete_user\";s:1:\"c\";s:3:\"web\";s:1:\"r\";a:1:{i:0;i:1;}}i:361;a:4:{s:1:\"a\";i:362;s:1:\"b\";s:21:\"force_delete_any_user\";s:1:\"c\";s:3:\"web\";s:1:\"r\";a:1:{i:0;i:1;}}i:362;a:4:{s:1:\"a\";i:363;s:1:\"b\";s:21:\"page_AttendanceRecaps\";s:1:\"c\";s:3:\"web\";s:1:\"r\";a:1:{i:0;i:1;}}i:363;a:4:{s:1:\"a\";i:364;s:1:\"b\";s:16:\"page_ClassQrCode\";s:1:\"c\";s:3:\"web\";s:1:\"r\";a:1:{i:0;i:1;}}i:364;a:4:{s:1:\"a\";i:365;s:1:\"b\";s:27:\"page_CompleteStudentProfile\";s:1:\"c\";s:3:\"web\";s:1:\"r\";a:1:{i:0;i:1;}}i:365;a:4:{s:1:\"a\";i:366;s:1:\"b\";s:26:\"page_ExtracurricularQrCode\";s:1:\"c\";s:3:\"web\";s:1:\"r\";a:1:{i:0;i:1;}}i:366;a:4:{s:1:\"a\";i:367;s:1:\"b\";s:12:\"page_MapPage\";s:1:\"c\";s:3:\"web\";s:1:\"r\";a:1:{i:0;i:1;}}i:367;a:4:{s:1:\"a\";i:368;s:1:\"b\";s:17:\"page_PrayerQrCode\";s:1:\"c\";s:3:\"web\";s:1:\"r\";a:1:{i:0;i:1;}}i:368;a:4:{s:1:\"a\";i:369;s:1:\"b\";s:19:\"page_QrCodeGenerate\";s:1:\"c\";s:3:\"web\";s:1:\"r\";a:1:{i:0;i:1;}}i:369;a:4:{s:1:\"a\";i:370;s:1:\"b\";s:16:\"widget_GuruChart\";s:1:\"c\";s:3:\"web\";s:1:\"r\";a:2:{i:0;i:1;i:1;i:3;}}i:370;a:4:{s:1:\"a\";i:371;s:1:\"b\";s:17:\"widget_LatestGuru\";s:1:\"c\";s:3:\"web\";s:1:\"r\";a:2:{i:0;i:1;i:1;i:3;}}i:371;a:4:{s:1:\"a\";i:372;s:1:\"b\";s:23:\"widget_PklStatsOverview\";s:1:\"c\";s:3:\"web\";s:1:\"r\";a:1:{i:0;i:1;}}i:372;a:4:{s:1:\"a\";i:373;s:1:\"b\";s:20:\"widget_StatsOverview\";s:1:\"c\";s:3:\"web\";s:1:\"r\";a:1:{i:0;i:1;}}i:373;a:4:{s:1:\"a\";i:374;s:1:\"b\";s:11:\"view_backup\";s:1:\"c\";s:3:\"web\";s:1:\"r\";a:1:{i:0;i:1;}}i:374;a:4:{s:1:\"a\";i:375;s:1:\"b\";s:15:\"view_any_backup\";s:1:\"c\";s:3:\"web\";s:1:\"r\";a:1:{i:0;i:1;}}i:375;a:4:{s:1:\"a\";i:376;s:1:\"b\";s:13:\"create_backup\";s:1:\"c\";s:3:\"web\";s:1:\"r\";a:1:{i:0;i:1;}}i:376;a:4:{s:1:\"a\";i:377;s:1:\"b\";s:13:\"update_backup\";s:1:\"c\";s:3:\"web\";s:1:\"r\";a:1:{i:0;i:1;}}i:377;a:4:{s:1:\"a\";i:378;s:1:\"b\";s:14:\"restore_backup\";s:1:\"c\";s:3:\"web\";s:1:\"r\";a:1:{i:0;i:1;}}i:378;a:4:{s:1:\"a\";i:379;s:1:\"b\";s:18:\"restore_any_backup\";s:1:\"c\";s:3:\"web\";s:1:\"r\";a:1:{i:0;i:1;}}i:379;a:4:{s:1:\"a\";i:380;s:1:\"b\";s:16:\"replicate_backup\";s:1:\"c\";s:3:\"web\";s:1:\"r\";a:1:{i:0;i:1;}}i:380;a:4:{s:1:\"a\";i:381;s:1:\"b\";s:14:\"reorder_backup\";s:1:\"c\";s:3:\"web\";s:1:\"r\";a:1:{i:0;i:1;}}i:381;a:4:{s:1:\"a\";i:382;s:1:\"b\";s:13:\"delete_backup\";s:1:\"c\";s:3:\"web\";s:1:\"r\";a:1:{i:0;i:1;}}i:382;a:4:{s:1:\"a\";i:383;s:1:\"b\";s:17:\"delete_any_backup\";s:1:\"c\";s:3:\"web\";s:1:\"r\";a:1:{i:0;i:1;}}i:383;a:4:{s:1:\"a\";i:384;s:1:\"b\";s:19:\"force_delete_backup\";s:1:\"c\";s:3:\"web\";s:1:\"r\";a:1:{i:0;i:1;}}i:384;a:4:{s:1:\"a\";i:385;s:1:\"b\";s:23:\"force_delete_any_backup\";s:1:\"c\";s:3:\"web\";s:1:\"r\";a:1:{i:0;i:1;}}i:385;a:4:{s:1:\"a\";i:386;s:1:\"b\";s:19:\"view_office::backup\";s:1:\"c\";s:3:\"web\";s:1:\"r\";a:2:{i:0;i:1;i:1;i:2;}}i:386;a:4:{s:1:\"a\";i:387;s:1:\"b\";s:23:\"view_any_office::backup\";s:1:\"c\";s:3:\"web\";s:1:\"r\";a:2:{i:0;i:1;i:1;i:2;}}i:387;a:4:{s:1:\"a\";i:388;s:1:\"b\";s:21:\"create_office::backup\";s:1:\"c\";s:3:\"web\";s:1:\"r\";a:2:{i:0;i:1;i:1;i:2;}}i:388;a:4:{s:1:\"a\";i:389;s:1:\"b\";s:21:\"update_office::backup\";s:1:\"c\";s:3:\"web\";s:1:\"r\";a:2:{i:0;i:1;i:1;i:2;}}i:389;a:4:{s:1:\"a\";i:390;s:1:\"b\";s:22:\"restore_office::backup\";s:1:\"c\";s:3:\"web\";s:1:\"r\";a:2:{i:0;i:1;i:1;i:2;}}i:390;a:4:{s:1:\"a\";i:391;s:1:\"b\";s:26:\"restore_any_office::backup\";s:1:\"c\";s:3:\"web\";s:1:\"r\";a:2:{i:0;i:1;i:1;i:2;}}i:391;a:4:{s:1:\"a\";i:392;s:1:\"b\";s:24:\"replicate_office::backup\";s:1:\"c\";s:3:\"web\";s:1:\"r\";a:2:{i:0;i:1;i:1;i:2;}}i:392;a:4:{s:1:\"a\";i:393;s:1:\"b\";s:22:\"reorder_office::backup\";s:1:\"c\";s:3:\"web\";s:1:\"r\";a:2:{i:0;i:1;i:1;i:2;}}i:393;a:4:{s:1:\"a\";i:394;s:1:\"b\";s:21:\"delete_office::backup\";s:1:\"c\";s:3:\"web\";s:1:\"r\";a:2:{i:0;i:1;i:1;i:2;}}i:394;a:4:{s:1:\"a\";i:395;s:1:\"b\";s:25:\"delete_any_office::backup\";s:1:\"c\";s:3:\"web\";s:1:\"r\";a:2:{i:0;i:1;i:1;i:2;}}i:395;a:4:{s:1:\"a\";i:396;s:1:\"b\";s:27:\"force_delete_office::backup\";s:1:\"c\";s:3:\"web\";s:1:\"r\";a:2:{i:0;i:1;i:1;i:2;}}i:396;a:4:{s:1:\"a\";i:397;s:1:\"b\";s:31:\"force_delete_any_office::backup\";s:1:\"c\";s:3:\"web\";s:1:\"r\";a:2:{i:0;i:1;i:1;i:2;}}i:397;a:4:{s:1:\"a\";i:398;s:1:\"b\";s:24:\"view_student::assessment\";s:1:\"c\";s:3:\"web\";s:1:\"r\";a:1:{i:0;i:1;}}i:398;a:4:{s:1:\"a\";i:399;s:1:\"b\";s:28:\"view_any_student::assessment\";s:1:\"c\";s:3:\"web\";s:1:\"r\";a:1:{i:0;i:1;}}i:399;a:4:{s:1:\"a\";i:400;s:1:\"b\";s:26:\"create_student::assessment\";s:1:\"c\";s:3:\"web\";s:1:\"r\";a:1:{i:0;i:1;}}i:400;a:4:{s:1:\"a\";i:401;s:1:\"b\";s:26:\"update_student::assessment\";s:1:\"c\";s:3:\"web\";s:1:\"r\";a:1:{i:0;i:1;}}i:401;a:4:{s:1:\"a\";i:402;s:1:\"b\";s:27:\"restore_student::assessment\";s:1:\"c\";s:3:\"web\";s:1:\"r\";a:1:{i:0;i:1;}}i:402;a:4:{s:1:\"a\";i:403;s:1:\"b\";s:31:\"restore_any_student::assessment\";s:1:\"c\";s:3:\"web\";s:1:\"r\";a:1:{i:0;i:1;}}i:403;a:4:{s:1:\"a\";i:404;s:1:\"b\";s:29:\"replicate_student::assessment\";s:1:\"c\";s:3:\"web\";s:1:\"r\";a:1:{i:0;i:1;}}i:404;a:4:{s:1:\"a\";i:405;s:1:\"b\";s:27:\"reorder_student::assessment\";s:1:\"c\";s:3:\"web\";s:1:\"r\";a:1:{i:0;i:1;}}i:405;a:4:{s:1:\"a\";i:406;s:1:\"b\";s:26:\"delete_student::assessment\";s:1:\"c\";s:3:\"web\";s:1:\"r\";a:1:{i:0;i:1;}}i:406;a:4:{s:1:\"a\";i:407;s:1:\"b\";s:30:\"delete_any_student::assessment\";s:1:\"c\";s:3:\"web\";s:1:\"r\";a:1:{i:0;i:1;}}i:407;a:4:{s:1:\"a\";i:408;s:1:\"b\";s:32:\"force_delete_student::assessment\";s:1:\"c\";s:3:\"web\";s:1:\"r\";a:1:{i:0;i:1;}}i:408;a:4:{s:1:\"a\";i:409;s:1:\"b\";s:36:\"force_delete_any_student::assessment\";s:1:\"c\";s:3:\"web\";s:1:\"r\";a:1:{i:0;i:1;}}i:409;a:4:{s:1:\"a\";i:410;s:1:\"b\";s:31:\"view_teacher::activity::journal\";s:1:\"c\";s:3:\"web\";s:1:\"r\";a:1:{i:0;i:1;}}i:410;a:4:{s:1:\"a\";i:411;s:1:\"b\";s:35:\"view_any_teacher::activity::journal\";s:1:\"c\";s:3:\"web\";s:1:\"r\";a:1:{i:0;i:1;}}i:411;a:4:{s:1:\"a\";i:412;s:1:\"b\";s:33:\"create_teacher::activity::journal\";s:1:\"c\";s:3:\"web\";s:1:\"r\";a:1:{i:0;i:1;}}i:412;a:4:{s:1:\"a\";i:413;s:1:\"b\";s:33:\"update_teacher::activity::journal\";s:1:\"c\";s:3:\"web\";s:1:\"r\";a:1:{i:0;i:1;}}i:413;a:4:{s:1:\"a\";i:414;s:1:\"b\";s:34:\"restore_teacher::activity::journal\";s:1:\"c\";s:3:\"web\";s:1:\"r\";a:1:{i:0;i:1;}}i:414;a:4:{s:1:\"a\";i:415;s:1:\"b\";s:38:\"restore_any_teacher::activity::journal\";s:1:\"c\";s:3:\"web\";s:1:\"r\";a:1:{i:0;i:1;}}i:415;a:4:{s:1:\"a\";i:416;s:1:\"b\";s:36:\"replicate_teacher::activity::journal\";s:1:\"c\";s:3:\"web\";s:1:\"r\";a:1:{i:0;i:1;}}i:416;a:4:{s:1:\"a\";i:417;s:1:\"b\";s:34:\"reorder_teacher::activity::journal\";s:1:\"c\";s:3:\"web\";s:1:\"r\";a:1:{i:0;i:1;}}i:417;a:4:{s:1:\"a\";i:418;s:1:\"b\";s:33:\"delete_teacher::activity::journal\";s:1:\"c\";s:3:\"web\";s:1:\"r\";a:1:{i:0;i:1;}}i:418;a:4:{s:1:\"a\";i:419;s:1:\"b\";s:37:\"delete_any_teacher::activity::journal\";s:1:\"c\";s:3:\"web\";s:1:\"r\";a:1:{i:0;i:1;}}i:419;a:4:{s:1:\"a\";i:420;s:1:\"b\";s:39:\"force_delete_teacher::activity::journal\";s:1:\"c\";s:3:\"web\";s:1:\"r\";a:1:{i:0;i:1;}}i:420;a:4:{s:1:\"a\";i:421;s:1:\"b\";s:43:\"force_delete_any_teacher::activity::journal\";s:1:\"c\";s:3:\"web\";s:1:\"r\";a:1:{i:0;i:1;}}}s:5:\"roles\";a:4:{i:0;a:3:{s:1:\"a\";i:1;s:1:\"b\";s:11:\"super_admin\";s:1:\"c\";s:3:\"web\";}i:1;a:3:{s:1:\"a\";i:2;s:1:\"b\";s:5:\"admin\";s:1:\"c\";s:3:\"web\";}i:2;a:3:{s:1:\"a\";i:4;s:1:\"b\";s:5:\"siswa\";s:1:\"c\";s:3:\"web\";}i:3;a:3:{s:1:\"a\";i:3;s:1:\"b\";s:4:\"guru\";s:1:\"c\";s:3:\"web\";}}}',1736370244);
/*!40000 ALTER TABLE `cache` ENABLE KEYS */;
UNLOCK TABLES;
DROP TABLE IF EXISTS `cache_locks`;
/*!40101 SET @saved_cs_client     = @@character_set_client */;
/*!50503 SET character_set_client = utf8mb4 */;
CREATE TABLE `cache_locks` (
  `key` varchar(255) COLLATE utf8mb4_unicode_ci NOT NULL,
  `owner` varchar(255) COLLATE utf8mb4_unicode_ci NOT NULL,
  `expiration` int NOT NULL,
  PRIMARY KEY (`key`)
) ENGINE=InnoDB DEFAULT CHARSET=utf8mb4 COLLATE=utf8mb4_unicode_ci;
/*!40101 SET character_set_client = @saved_cs_client */;

LOCK TABLES `cache_locks` WRITE;
/*!40000 ALTER TABLE `cache_locks` DISABLE KEYS */;
/*!40000 ALTER TABLE `cache_locks` ENABLE KEYS */;
UNLOCK TABLES;
DROP TABLE IF EXISTS `career_guidances`;
/*!40101 SET @saved_cs_client     = @@character_set_client */;
/*!50503 SET character_set_client = utf8mb4 */;
CREATE TABLE `career_guidances` (
  `id` bigint unsigned NOT NULL AUTO_INCREMENT,
  `student_id` bigint unsigned NOT NULL,
  `class_room_id` bigint unsigned NOT NULL,
  `type` enum('sumatif','non_sumatif') COLLATE utf8mb4_unicode_ci NOT NULL,
  `subject` varchar(255) COLLATE utf8mb4_unicode_ci NOT NULL,
  `assessment_name` varchar(255) COLLATE utf8mb4_unicode_ci NOT NULL,
  `date` date NOT NULL,
  `score` double NOT NULL,
  `description` text COLLATE utf8mb4_unicode_ci,
  `notes` text COLLATE utf8mb4_unicode_ci,
  `created_at` timestamp NULL DEFAULT NULL,
  `updated_at` timestamp NULL DEFAULT NULL,
  PRIMARY KEY (`id`),
  KEY `career_guidances_student_id_foreign` (`student_id`),
  KEY `career_guidances_class_room_id_foreign` (`class_room_id`),
  CONSTRAINT `career_guidances_class_room_id_foreign` FOREIGN KEY (`class_room_id`) REFERENCES `class_rooms` (`id`) ON DELETE CASCADE,
  CONSTRAINT `career_guidances_student_id_foreign` FOREIGN KEY (`student_id`) REFERENCES `users` (`id`) ON DELETE CASCADE
) ENGINE=InnoDB DEFAULT CHARSET=utf8mb4 COLLATE=utf8mb4_unicode_ci;
/*!40101 SET character_set_client = @saved_cs_client */;

LOCK TABLES `career_guidances` WRITE;
/*!40000 ALTER TABLE `career_guidances` DISABLE KEYS */;
/*!40000 ALTER TABLE `career_guidances` ENABLE KEYS */;
UNLOCK TABLES;
DROP TABLE IF EXISTS `class_attendances`;
/*!40101 SET @saved_cs_client     = @@character_set_client */;
/*!50503 SET character_set_client = utf8mb4 */;
CREATE TABLE `class_attendances` (
  `id` bigint unsigned NOT NULL AUTO_INCREMENT,
  `user_id` bigint unsigned NOT NULL,
  `class_room_id` bigint unsigned NOT NULL,
  `teaching_activity_id` bigint unsigned NOT NULL,
  `date` date NOT NULL,
  `check_in` time DEFAULT NULL,
  `status` enum('hadir','izin','sakit','alpha') COLLATE utf8mb4_unicode_ci NOT NULL DEFAULT 'alpha',
  `notes` text COLLATE utf8mb4_unicode_ci,
  `journal` text COLLATE utf8mb4_unicode_ci,
  `created_at` timestamp NULL DEFAULT NULL,
  `updated_at` timestamp NULL DEFAULT NULL,
  PRIMARY KEY (`id`),
  KEY `class_attendances_user_id_foreign` (`user_id`),
  KEY `class_attendances_class_room_id_foreign` (`class_room_id`),
  KEY `class_attendances_teaching_activity_id_foreign` (`teaching_activity_id`),
  CONSTRAINT `class_attendances_class_room_id_foreign` FOREIGN KEY (`class_room_id`) REFERENCES `class_rooms` (`id`) ON DELETE CASCADE,
  CONSTRAINT `class_attendances_teaching_activity_id_foreign` FOREIGN KEY (`teaching_activity_id`) REFERENCES `teaching_activities` (`id`) ON DELETE CASCADE,
  CONSTRAINT `class_attendances_user_id_foreign` FOREIGN KEY (`user_id`) REFERENCES `users` (`id`) ON DELETE CASCADE
) ENGINE=InnoDB DEFAULT CHARSET=utf8mb4 COLLATE=utf8mb4_unicode_ci;
/*!40101 SET character_set_client = @saved_cs_client */;

LOCK TABLES `class_attendances` WRITE;
/*!40000 ALTER TABLE `class_attendances` DISABLE KEYS */;
/*!40000 ALTER TABLE `class_attendances` ENABLE KEYS */;
UNLOCK TABLES;
DROP TABLE IF EXISTS `class_rooms`;
/*!40101 SET @saved_cs_client     = @@character_set_client */;
/*!50503 SET character_set_client = utf8mb4 */;
CREATE TABLE `class_rooms` (
  `id` bigint unsigned NOT NULL AUTO_INCREMENT,
  `name` varchar(255) COLLATE utf8mb4_unicode_ci NOT NULL,
  `level` varchar(255) COLLATE utf8mb4_unicode_ci NOT NULL,
  `department_id` bigint unsigned NOT NULL,
  `school_year_id` bigint unsigned NOT NULL,
  `homeroom_teacher_id` bigint unsigned DEFAULT NULL,
  `is_active` tinyint(1) NOT NULL DEFAULT '1',
  `created_at` timestamp NULL DEFAULT NULL,
  `updated_at` timestamp NULL DEFAULT NULL,
  PRIMARY KEY (`id`),
  KEY `class_rooms_department_id_foreign` (`department_id`),
  KEY `class_rooms_school_year_id_foreign` (`school_year_id`),
  KEY `class_rooms_homeroom_teacher_id_foreign` (`homeroom_teacher_id`),
  CONSTRAINT `class_rooms_department_id_foreign` FOREIGN KEY (`department_id`) REFERENCES `departments` (`id`) ON DELETE CASCADE,
  CONSTRAINT `class_rooms_homeroom_teacher_id_foreign` FOREIGN KEY (`homeroom_teacher_id`) REFERENCES `users` (`id`) ON DELETE SET NULL,
  CONSTRAINT `class_rooms_school_year_id_foreign` FOREIGN KEY (`school_year_id`) REFERENCES `school_years` (`id`) ON DELETE CASCADE
) ENGINE=InnoDB AUTO_INCREMENT=43 DEFAULT CHARSET=utf8mb4 COLLATE=utf8mb4_unicode_ci;
/*!40101 SET character_set_client = @saved_cs_client */;

LOCK TABLES `class_rooms` WRITE;
/*!40000 ALTER TABLE `class_rooms` DISABLE KEYS */;
INSERT INTO `class_rooms` VALUES (1,'X AKL 1','X',1,1,NULL,1,'2025-01-06 12:21:36','2025-01-06 12:21:36'),(2,'X AKL 2','X',1,1,NULL,1,'2025-01-06 12:21:36','2025-01-06 12:21:36'),(3,'X AKL 3','X',1,1,NULL,1,'2025-01-06 12:21:36','2025-01-06 12:21:36'),(4,'X AKL 4','X',1,1,NULL,1,'2025-01-06 12:21:36','2025-01-06 12:21:36'),(5,'XI AKL 1','XI',1,1,NULL,1,'2025-01-06 12:21:36','2025-01-06 12:21:36'),(6,'XI AKL 2','XI',1,1,NULL,1,'2025-01-06 12:21:36','2025-01-06 12:21:36'),(7,'XI AKL 3','XI',1,1,NULL,1,'2025-01-06 12:21:36','2025-01-06 12:21:36'),(8,'XI AKL 4','XI',1,1,NULL,1,'2025-01-06 12:21:36','2025-01-06 12:21:36'),(9,'XII AKL 1','XII',1,1,NULL,1,'2025-01-06 12:21:36','2025-01-06 12:21:36'),(10,'XII AKL 2','XII',1,1,NULL,1,'2025-01-06 12:21:36','2025-01-06 12:21:36'),(11,'XII AKL 3','XII',1,1,NULL,1,'2025-01-06 12:21:36','2025-01-06 12:21:36'),(12,'XII AKL 4','XII',1,1,NULL,1,'2025-01-06 12:21:36','2025-01-06 12:21:36'),(13,'X SIJA 1','X',2,1,NULL,1,'2025-01-06 12:21:36','2025-01-06 12:21:36'),(14,'X SIJA 2','X',2,1,NULL,1,'2025-01-06 12:21:36','2025-01-06 12:21:36'),(15,'X SIJA 3','X',2,1,NULL,1,'2025-01-06 12:21:36','2025-01-06 12:21:36'),(16,'XI SIJA 1','XI',2,1,NULL,1,'2025-01-06 12:21:36','2025-01-06 12:21:36'),(17,'XI SIJA 2','XI',2,1,NULL,1,'2025-01-06 12:21:36','2025-01-06 12:21:36'),(18,'XI SIJA 3','XI',2,1,NULL,1,'2025-01-06 12:21:36','2025-01-06 12:21:36'),(19,'XII SIJA 1','XII',2,1,NULL,1,'2025-01-06 12:21:36','2025-01-06 12:21:36'),(20,'XII SIJA 2','XII',2,1,NULL,1,'2025-01-06 12:21:36','2025-01-06 12:21:36'),(21,'XII SIJA 3','XII',2,1,NULL,1,'2025-01-06 12:21:36','2025-01-06 12:21:36'),(22,'XIII SIJA 1','XIII',2,1,NULL,1,'2025-01-06 12:21:36','2025-01-06 12:21:36'),(23,'XIII SIJA 2','XIII',2,1,NULL,1,'2025-01-06 12:21:36','2025-01-06 12:21:36'),(24,'XIII SIJA 3','XIII',2,1,NULL,1,'2025-01-06 12:21:36','2025-01-06 12:21:36'),(25,'X TBO 1','X',3,1,NULL,1,'2025-01-06 12:21:37','2025-01-06 12:21:37'),(26,'X TBO 2','X',3,1,NULL,1,'2025-01-06 12:21:37','2025-01-06 12:21:37'),(27,'X TBO 3','X',3,1,NULL,1,'2025-01-06 12:21:37','2025-01-06 12:21:37'),(28,'XI TBO 1','XI',3,1,NULL,1,'2025-01-06 12:21:37','2025-01-06 12:21:37'),(29,'XI TBO 2','XI',3,1,NULL,1,'2025-01-06 12:21:37','2025-01-06 12:21:37'),(30,'XI TBO 3','XI',3,1,NULL,1,'2025-01-06 12:21:37','2025-01-06 12:21:37'),(31,'XII TBO 1','XII',3,1,NULL,1,'2025-01-06 12:21:37','2025-01-06 12:21:37'),(32,'XII TBO 2','XII',3,1,NULL,1,'2025-01-06 12:21:37','2025-01-06 12:21:37'),(33,'XII TBO 3','XII',3,1,NULL,1,'2025-01-06 12:21:37','2025-01-06 12:21:37'),(34,'X TKRO 1','X',4,1,NULL,1,'2025-01-06 12:21:37','2025-01-06 12:21:37'),(35,'X TKRO 2','X',4,1,NULL,1,'2025-01-06 12:21:37','2025-01-06 12:21:37'),(36,'X TKRO 3','X',4,1,NULL,1,'2025-01-06 12:21:37','2025-01-06 12:21:37'),(37,'XI TKRO 1','XI',4,1,NULL,1,'2025-01-06 12:21:37','2025-01-06 12:21:37'),(38,'XI TKRO 2','XI',4,1,NULL,1,'2025-01-06 12:21:37','2025-01-06 12:21:37'),(39,'XI TKRO 3','XI',4,1,NULL,1,'2025-01-06 12:21:37','2025-01-06 12:21:37'),(40,'XII TKRO 1','XII',4,1,NULL,1,'2025-01-06 12:21:37','2025-01-06 12:21:37'),(41,'XII TKRO 2','XII',4,1,NULL,1,'2025-01-06 12:21:37','2025-01-06 12:21:37'),(42,'XII TKRO 3','XII',4,1,NULL,1,'2025-01-06 12:21:37','2025-01-06 12:21:37');
/*!40000 ALTER TABLE `class_rooms` ENABLE KEYS */;
UNLOCK TABLES;
DROP TABLE IF EXISTS `classes`;
/*!40101 SET @saved_cs_client     = @@character_set_client */;
/*!50503 SET character_set_client = utf8mb4 */;
CREATE TABLE `classes` (
  `id` bigint unsigned NOT NULL AUTO_INCREMENT,
  `name` varchar(255) COLLATE utf8mb4_unicode_ci NOT NULL,
  `level` varchar(255) COLLATE utf8mb4_unicode_ci NOT NULL,
  `major` varchar(255) COLLATE utf8mb4_unicode_ci DEFAULT NULL,
  `year` varchar(255) COLLATE utf8mb4_unicode_ci NOT NULL,
  `is_active` tinyint(1) NOT NULL DEFAULT '1',
  `created_at` timestamp NULL DEFAULT NULL,
  `updated_at` timestamp NULL DEFAULT NULL,
  PRIMARY KEY (`id`)
) ENGINE=InnoDB DEFAULT CHARSET=utf8mb4 COLLATE=utf8mb4_unicode_ci;
/*!40101 SET character_set_client = @saved_cs_client */;

LOCK TABLES `classes` WRITE;
/*!40000 ALTER TABLE `classes` DISABLE KEYS */;
/*!40000 ALTER TABLE `classes` ENABLE KEYS */;
UNLOCK TABLES;
DROP TABLE IF EXISTS `counselings`;
/*!40101 SET @saved_cs_client     = @@character_set_client */;
/*!50503 SET character_set_client = utf8mb4 */;
CREATE TABLE `counselings` (
  `id` bigint unsigned NOT NULL AUTO_INCREMENT,
  `student_id` bigint unsigned NOT NULL,
  `counselor_id` bigint unsigned NOT NULL,
  `counseling_date` date NOT NULL,
  `start_time` time NOT NULL,
  `end_time` time DEFAULT NULL,
  `type` varchar(255) COLLATE utf8mb4_unicode_ci NOT NULL,
  `case_type` varchar(255) COLLATE utf8mb4_unicode_ci NOT NULL,
  `problem_desc` text COLLATE utf8mb4_unicode_ci NOT NULL,
  `solution` text COLLATE utf8mb4_unicode_ci NOT NULL,
  `follow_up` text COLLATE utf8mb4_unicode_ci,
  `status` enum('open','in_progress','completed','need_visit') COLLATE utf8mb4_unicode_ci NOT NULL DEFAULT 'open',
  `notes` text COLLATE utf8mb4_unicode_ci,
  `created_at` timestamp NULL DEFAULT NULL,
  `updated_at` timestamp NULL DEFAULT NULL,
  `deleted_at` timestamp NULL DEFAULT NULL,
  PRIMARY KEY (`id`),
  KEY `counselings_student_id_foreign` (`student_id`),
  KEY `counselings_counselor_id_foreign` (`counselor_id`),
  CONSTRAINT `counselings_counselor_id_foreign` FOREIGN KEY (`counselor_id`) REFERENCES `users` (`id`) ON DELETE CASCADE,
  CONSTRAINT `counselings_student_id_foreign` FOREIGN KEY (`student_id`) REFERENCES `users` (`id`) ON DELETE CASCADE
) ENGINE=InnoDB DEFAULT CHARSET=utf8mb4 COLLATE=utf8mb4_unicode_ci;
/*!40101 SET character_set_client = @saved_cs_client */;

LOCK TABLES `counselings` WRITE;
/*!40000 ALTER TABLE `counselings` DISABLE KEYS */;
/*!40000 ALTER TABLE `counselings` ENABLE KEYS */;
UNLOCK TABLES;
DROP TABLE IF EXISTS `departments`;
/*!40101 SET @saved_cs_client     = @@character_set_client */;
/*!50503 SET character_set_client = utf8mb4 */;
CREATE TABLE `departments` (
  `id` bigint unsigned NOT NULL AUTO_INCREMENT,
  `name` varchar(255) COLLATE utf8mb4_unicode_ci NOT NULL,
  `code` varchar(255) COLLATE utf8mb4_unicode_ci NOT NULL,
  `description` text COLLATE utf8mb4_unicode_ci,
  `is_active` tinyint(1) NOT NULL DEFAULT '1',
  `created_at` timestamp NULL DEFAULT NULL,
  `updated_at` timestamp NULL DEFAULT NULL,
  `deleted_at` timestamp NULL DEFAULT NULL,
  PRIMARY KEY (`id`),
  UNIQUE KEY `departments_name_unique` (`name`),
  UNIQUE KEY `departments_code_unique` (`code`)
) ENGINE=InnoDB AUTO_INCREMENT=5 DEFAULT CHARSET=utf8mb4 COLLATE=utf8mb4_unicode_ci;
/*!40101 SET character_set_client = @saved_cs_client */;

LOCK TABLES `departments` WRITE;
/*!40000 ALTER TABLE `departments` DISABLE KEYS */;
INSERT INTO `departments` VALUES (1,'AKL','AKL-2024','Akuntansi dan Keuangan Lembaga',1,'2025-01-06 12:21:36','2025-01-06 12:21:36',NULL),(2,'SIJA','SIJA-2024','Sistem Informasi Jaringan dan Aplikasi',1,'2025-01-06 12:21:36','2025-01-06 12:21:36',NULL),(3,'TBO','TBO-2024','Teknik Bodi Otomotif',1,'2025-01-06 12:21:36','2025-01-06 12:21:36',NULL),(4,'TKRO','TKRO-2024','Teknik Kendaraan Ringan Otomotif',1,'2025-01-06 12:21:36','2025-01-06 12:21:36',NULL);
/*!40000 ALTER TABLE `departments` ENABLE KEYS */;
UNLOCK TABLES;
DROP TABLE IF EXISTS `extracurricular_activities`;
/*!40101 SET @saved_cs_client     = @@character_set_client */;
/*!50503 SET character_set_client = utf8mb4 */;
CREATE TABLE `extracurricular_activities` (
  `id` bigint unsigned NOT NULL AUTO_INCREMENT,
  `extracurricular_id` bigint unsigned NOT NULL,
  `tanggal` date NOT NULL,
  `materi` text COLLATE utf8mb4_unicode_ci NOT NULL,
  `important_notes` text COLLATE utf8mb4_unicode_ci,
  `jam_mulai` time NOT NULL,
  `jam_selesai` time NOT NULL,
  `created_at` timestamp NULL DEFAULT NULL,
  `updated_at` timestamp NULL DEFAULT NULL,
  PRIMARY KEY (`id`),
  KEY `extracurricular_activities_extracurricular_id_foreign` (`extracurricular_id`),
  CONSTRAINT `extracurricular_activities_extracurricular_id_foreign` FOREIGN KEY (`extracurricular_id`) REFERENCES `extracurriculars` (`id`) ON DELETE CASCADE
) ENGINE=InnoDB AUTO_INCREMENT=5 DEFAULT CHARSET=utf8mb4 COLLATE=utf8mb4_unicode_ci;
/*!40101 SET character_set_client = @saved_cs_client */;

LOCK TABLES `extracurricular_activities` WRITE;
/*!40000 ALTER TABLE `extracurricular_activities` DISABLE KEYS */;
INSERT INTO `extracurricular_activities` VALUES (1,3,'2025-01-05','materi',NULL,'16:00:00','17:00:00','2025-01-06 16:35:54','2025-01-06 16:35:54'),(2,3,'2025-01-02','materi',NULL,'16:00:00','17:00:00','2025-01-06 16:38:56','2025-01-06 16:38:56'),(3,3,'2025-01-07','Materi',NULL,'16:00:00','17:00:00','2025-01-06 19:05:35','2025-01-06 19:05:35');
/*!40000 ALTER TABLE `extracurricular_activities` ENABLE KEYS */;
UNLOCK TABLES;
DROP TABLE IF EXISTS `extracurricular_attendances`;
/*!40101 SET @saved_cs_client     = @@character_set_client */;
/*!50503 SET character_set_client = utf8mb4 */;
CREATE TABLE `extracurricular_attendances` (
  `id` bigint unsigned NOT NULL AUTO_INCREMENT,
  `user_id` bigint unsigned NOT NULL,
  `extracurricular_activity_id` bigint unsigned NOT NULL,
  `date` date NOT NULL,
  `check_in` time DEFAULT NULL,
  `status` enum('hadir','izin','sakit','alpha') COLLATE utf8mb4_unicode_ci NOT NULL DEFAULT 'alpha',
  `notes` text COLLATE utf8mb4_unicode_ci,
  `activity_summary` text COLLATE utf8mb4_unicode_ci,
  `created_at` timestamp NULL DEFAULT NULL,
  `updated_at` timestamp NULL DEFAULT NULL,
  PRIMARY KEY (`id`),
  KEY `extracurricular_attendances_user_id_foreign` (`user_id`),
  KEY `extracurricular_attendances_extracurricular_id_foreign` (`extracurricular_activity_id`),
  CONSTRAINT `extracurricular_attendances_extracurricular_id_foreign` FOREIGN KEY (`extracurricular_activity_id`) REFERENCES `extracurriculars` (`id`) ON DELETE CASCADE,
  CONSTRAINT `extracurricular_attendances_user_id_foreign` FOREIGN KEY (`user_id`) REFERENCES `users` (`id`) ON DELETE CASCADE
) ENGINE=InnoDB DEFAULT CHARSET=utf8mb4 COLLATE=utf8mb4_unicode_ci;
/*!40101 SET character_set_client = @saved_cs_client */;

LOCK TABLES `extracurricular_attendances` WRITE;
/*!40000 ALTER TABLE `extracurricular_attendances` DISABLE KEYS */;
/*!40000 ALTER TABLE `extracurricular_attendances` ENABLE KEYS */;
UNLOCK TABLES;
DROP TABLE IF EXISTS `extracurricular_student`;
/*!40101 SET @saved_cs_client     = @@character_set_client */;
/*!50503 SET character_set_client = utf8mb4 */;
CREATE TABLE `extracurricular_student` (
  `id` bigint unsigned NOT NULL AUTO_INCREMENT,
  `extracurricular_id` bigint unsigned NOT NULL,
  `student_id` bigint unsigned NOT NULL,
  `created_at` timestamp NULL DEFAULT NULL,
  `updated_at` timestamp NULL DEFAULT NULL,
  PRIMARY KEY (`id`),
  KEY `extracurricular_student_extracurricular_id_foreign` (`extracurricular_id`),
  KEY `extracurricular_student_student_id_foreign` (`student_id`),
  CONSTRAINT `extracurricular_student_extracurricular_id_foreign` FOREIGN KEY (`extracurricular_id`) REFERENCES `extracurriculars` (`id`) ON DELETE CASCADE,
  CONSTRAINT `extracurricular_student_student_id_foreign` FOREIGN KEY (`student_id`) REFERENCES `students` (`id`) ON DELETE CASCADE
) ENGINE=InnoDB AUTO_INCREMENT=6 DEFAULT CHARSET=utf8mb4 COLLATE=utf8mb4_unicode_ci;
/*!40101 SET character_set_client = @saved_cs_client */;

LOCK TABLES `extracurricular_student` WRITE;
/*!40000 ALTER TABLE `extracurricular_student` DISABLE KEYS */;
INSERT INTO `extracurricular_student` VALUES (1,3,886,NULL,NULL),(2,3,1404,NULL,NULL),(3,3,107,NULL,NULL),(4,2,886,NULL,NULL),(5,2,108,NULL,NULL);
/*!40000 ALTER TABLE `extracurricular_student` ENABLE KEYS */;
UNLOCK TABLES;
DROP TABLE IF EXISTS `extracurriculars`;
/*!40101 SET @saved_cs_client     = @@character_set_client */;
/*!50503 SET character_set_client = utf8mb4 */;
CREATE TABLE `extracurriculars` (
  `id` bigint unsigned NOT NULL AUTO_INCREMENT,
  `nama` varchar(255) COLLATE utf8mb4_unicode_ci NOT NULL,
  `guru_id` bigint unsigned DEFAULT NULL,
  `hari` varchar(255) COLLATE utf8mb4_unicode_ci NOT NULL,
  `jam_mulai` time NOT NULL,
  `jam_selesai` time NOT NULL,
  `deskripsi` text COLLATE utf8mb4_unicode_ci,
  `status` enum('aktif','nonaktif') COLLATE utf8mb4_unicode_ci NOT NULL DEFAULT 'aktif',
  `created_at` timestamp NULL DEFAULT NULL,
  `updated_at` timestamp NULL DEFAULT NULL,
  PRIMARY KEY (`id`),
  KEY `extracurriculars_guru_id_foreign` (`guru_id`),
  CONSTRAINT `extracurriculars_guru_id_foreign` FOREIGN KEY (`guru_id`) REFERENCES `users` (`id`) ON DELETE SET NULL
) ENGINE=InnoDB AUTO_INCREMENT=21 DEFAULT CHARSET=utf8mb4 COLLATE=utf8mb4_unicode_ci;
/*!40101 SET character_set_client = @saved_cs_client */;

LOCK TABLES `extracurriculars` WRITE;
/*!40000 ALTER TABLE `extracurriculars` DISABLE KEYS */;
INSERT INTO `extracurriculars` VALUES (1,'Pramuka Peminatan',NULL,'Jumat','14:00:00','16:00:00','Kegiatan kepramukaan untuk pengembangan minat dan bakat','aktif','2025-01-06 12:21:37','2025-01-06 12:21:37'),(2,'Pramuka Aktualisasi',7,'Sabtu','08:00:00','10:00:00','Kegiatan kepramukaan untuk pengembangan praktis','aktif','2025-01-06 12:21:37','2025-01-06 19:04:11'),(3,'Accounting Community',3,'Senin','15:00:00','17:00:00','Komunitas belajar akuntansi','aktif','2025-01-06 12:21:37','2025-01-06 19:04:54'),(4,'English Club',6,'Rabu','15:00:00','17:00:00','Klub bahasa Inggris untuk meningkatkan kemampuan berbahasa','aktif','2025-01-06 12:21:37','2025-01-06 16:32:43'),(5,'Mading dan KIR',NULL,'Selasa','14:00:00','16:00:00','Majalah dinding dan Karya Ilmiah Remaja','aktif','2025-01-06 12:21:37','2025-01-06 12:21:37'),(6,'Seni Rupa Melukis',NULL,'Kamis','14:00:00','16:00:00','Pengembangan bakat seni rupa dan melukis','aktif','2025-01-06 12:21:37','2025-01-06 12:21:37'),(7,'PKS dan Pleton Inti',NULL,'Jumat','15:00:00','17:00:00','Patroli Keamanan Sekolah dan Pleton Inti','aktif','2025-01-06 12:21:37','2025-01-06 12:21:37'),(8,'Kewirausahaan',NULL,'Rabu','14:00:00','16:00:00','Pengembangan jiwa kewirausahaan','aktif','2025-01-06 12:21:37','2025-01-06 12:21:37'),(9,'Seni Tari',NULL,'Senin','15:00:00','17:00:00','Pengembangan bakat seni tari','aktif','2025-01-06 12:21:37','2025-01-06 12:21:37'),(10,'Seni Vokal',NULL,'Selasa','14:00:00','16:00:00','Pengembangan bakat bernyanyi','aktif','2025-01-06 12:21:37','2025-01-06 12:21:37'),(11,'Seni Musik',NULL,'Kamis','15:00:00','17:00:00','Pengembangan bakat bermusik','aktif','2025-01-06 12:21:37','2025-01-06 12:21:37'),(12,'Perfilman',NULL,'Jumat','14:00:00','16:00:00','Pengembangan bakat di bidang perfilman','aktif','2025-01-06 12:21:37','2025-01-06 12:21:37'),(13,'Teater',NULL,'Rabu','15:00:00','17:00:00','Pengembangan bakat seni peran','aktif','2025-01-06 12:21:37','2025-01-06 12:21:37'),(14,'Karate',NULL,'Sabtu','09:00:00','11:00:00','Pengembangan bela diri karate','aktif','2025-01-06 12:21:37','2025-01-06 12:21:37'),(15,'Komputer',NULL,'Senin','14:00:00','16:00:00','Pengembangan keterampilan komputer','aktif','2025-01-06 12:21:37','2025-01-06 12:21:37'),(16,'PMR',NULL,'Selasa','15:00:00','17:00:00','Palang Merah Remaja','aktif','2025-01-06 12:21:37','2025-01-06 12:21:37'),(17,'Atletik',NULL,'Kamis','15:00:00','17:00:00','Pengembangan bakat atletik','aktif','2025-01-06 12:21:37','2025-01-06 12:21:37'),(18,'Basket',NULL,'Jumat','15:00:00','17:00:00','Olahraga bola basket','aktif','2025-01-06 12:21:37','2025-01-06 12:21:37'),(19,'Voli',NULL,'Rabu','15:00:00','17:00:00','Olahraga bola voli','aktif','2025-01-06 12:21:37','2025-01-06 12:21:37'),(20,'ROHIS',NULL,'Jumat','13:00:00','15:00:00','Rohani Islam','aktif','2025-01-06 12:21:37','2025-01-06 12:21:37');
/*!40000 ALTER TABLE `extracurriculars` ENABLE KEYS */;
UNLOCK TABLES;
DROP TABLE IF EXISTS `failed_jobs`;
/*!40101 SET @saved_cs_client     = @@character_set_client */;
/*!50503 SET character_set_client = utf8mb4 */;
CREATE TABLE `failed_jobs` (
  `id` bigint unsigned NOT NULL AUTO_INCREMENT,
  `uuid` varchar(255) COLLATE utf8mb4_unicode_ci NOT NULL,
  `connection` text COLLATE utf8mb4_unicode_ci NOT NULL,
  `queue` text COLLATE utf8mb4_unicode_ci NOT NULL,
  `payload` longtext COLLATE utf8mb4_unicode_ci NOT NULL,
  `exception` longtext COLLATE utf8mb4_unicode_ci NOT NULL,
  `failed_at` timestamp NOT NULL DEFAULT CURRENT_TIMESTAMP,
  PRIMARY KEY (`id`),
  UNIQUE KEY `failed_jobs_uuid_unique` (`uuid`)
) ENGINE=InnoDB DEFAULT CHARSET=utf8mb4 COLLATE=utf8mb4_unicode_ci;
/*!40101 SET character_set_client = @saved_cs_client */;

LOCK TABLES `failed_jobs` WRITE;
/*!40000 ALTER TABLE `failed_jobs` DISABLE KEYS */;
/*!40000 ALTER TABLE `failed_jobs` ENABLE KEYS */;
UNLOCK TABLES;
DROP TABLE IF EXISTS `filament_imports`;
/*!40101 SET @saved_cs_client     = @@character_set_client */;
/*!50503 SET character_set_client = utf8mb4 */;
CREATE TABLE `filament_imports` (
  `id` bigint unsigned NOT NULL AUTO_INCREMENT,
  `file_name` varchar(255) COLLATE utf8mb4_unicode_ci NOT NULL,
  `file_path` varchar(255) COLLATE utf8mb4_unicode_ci NOT NULL,
  `total_rows` int unsigned NOT NULL DEFAULT '0',
  `processed_rows` int unsigned NOT NULL DEFAULT '0',
  `successful_rows` int unsigned NOT NULL DEFAULT '0',
  `successful_rows_data` json DEFAULT NULL,
  `failed_rows` int unsigned NOT NULL DEFAULT '0',
  `failed_rows_data` json DEFAULT NULL,
  `status` varchar(255) COLLATE utf8mb4_unicode_ci NOT NULL,
  `user_id` bigint unsigned DEFAULT NULL,
  `created_at` timestamp NULL DEFAULT NULL,
  `updated_at` timestamp NULL DEFAULT NULL,
  PRIMARY KEY (`id`),
  KEY `filament_imports_user_id_foreign` (`user_id`),
  CONSTRAINT `filament_imports_user_id_foreign` FOREIGN KEY (`user_id`) REFERENCES `users` (`id`) ON DELETE SET NULL
) ENGINE=InnoDB DEFAULT CHARSET=utf8mb4 COLLATE=utf8mb4_unicode_ci;
/*!40101 SET character_set_client = @saved_cs_client */;

LOCK TABLES `filament_imports` WRITE;
/*!40000 ALTER TABLE `filament_imports` DISABLE KEYS */;
/*!40000 ALTER TABLE `filament_imports` ENABLE KEYS */;
UNLOCK TABLES;
DROP TABLE IF EXISTS `guru`;
/*!40101 SET @saved_cs_client     = @@character_set_client */;
/*!50503 SET character_set_client = utf8mb4 */;
CREATE TABLE `guru` (
  `id` bigint unsigned NOT NULL AUTO_INCREMENT,
  `nip` varchar(255) COLLATE utf8mb4_unicode_ci NOT NULL,
  `nama_lengkap` varchar(255) COLLATE utf8mb4_unicode_ci NOT NULL,
  `email` varchar(255) COLLATE utf8mb4_unicode_ci NOT NULL,
  `no_hp` varchar(255) COLLATE utf8mb4_unicode_ci NOT NULL,
  `password` varchar(255) COLLATE utf8mb4_unicode_ci NOT NULL,
  `jenis_kelamin` enum('L','P') COLLATE utf8mb4_unicode_ci DEFAULT NULL,
  `tempat_lahir` varchar(255) COLLATE utf8mb4_unicode_ci DEFAULT NULL,
  `tanggal_lahir` date DEFAULT NULL,
  `alamat` text COLLATE utf8mb4_unicode_ci,
  `status` enum('aktif','tidak aktif') COLLATE utf8mb4_unicode_ci NOT NULL DEFAULT 'aktif',
  `created_at` timestamp NULL DEFAULT NULL,
  `updated_at` timestamp NULL DEFAULT NULL,
  PRIMARY KEY (`id`),
  UNIQUE KEY `guru_nip_unique` (`nip`),
  UNIQUE KEY `guru_email_unique` (`email`)
) ENGINE=InnoDB AUTO_INCREMENT=74 DEFAULT CHARSET=utf8mb4 COLLATE=utf8mb4_unicode_ci;
/*!40101 SET character_set_client = @saved_cs_client */;

LOCK TABLES `guru` WRITE;
/*!40000 ALTER TABLE `guru` DISABLE KEYS */;
INSERT INTO `guru` VALUES (1,'198311042022211006','Agung Efianto','efianto_banjar@yahoo.com','085228456315','$2y$12$Z.2gZQZwRCGRpghDmXleFeXvDJk8lq5DSjf/0M1PWfFYQCx0B6dfS','L','Default','2025-01-06','Default Address','aktif','2025-01-06 12:16:38','2025-01-06 12:16:38'),(2,'199405312022212013','ALFI NUR HAZIZAH','alfi.azizah05@gmail.com','085799841061','$2y$12$1FX9h0ASG5T.VKwBxUWJA./WLPGddJgCCQKenP2DAb47gnl0oFKaC','L','Default','2025-01-06','Default Address','aktif','2025-01-06 12:16:38','2025-01-06 12:16:38'),(3,'199108042022211004','Anggun Budiyawan','anggunbudiyawan@gmail.com','081392878256','$2y$12$5YjNztICPMTrSI8OnMyHh.GtEbWMlIYcbHnfv/a6Esktid47IaLKm','L','Default','2025-01-06','Default Address','aktif','2025-01-06 12:16:38','2025-01-06 12:16:38'),(4,'4750765666210142','Apri Linda Pratiwi','lindaptw18@gmail.com','083107186969','$2y$12$Bt4Gop4sR.AifbSFqVY2beJQ53HZkpIGso5oURpzDaY8VSu1GXBta','L','Default','2025-01-06','Default Address','aktif','2025-01-06 12:16:38','2025-01-06 12:16:38'),(5,'199604202022212008','APRILIAN EPTI WAHYUNI','aprilianeptiw@gmail.com','085747704808','$2y$12$4KKCnO4icAGA4n5xAwlbMOcGkKGyZIcVOMDZ17MA5GmNZ3B9c0kwC','L','Default','2025-01-06','Default Address','aktif','2025-01-06 12:16:38','2025-01-06 12:16:38'),(6,'198303202022211008','Aris Rusman','aris.arisrusman.rusman7@gmail.com','081215784502','$2y$12$x0/228.BNSzSlrlMppp2SuasPZowL94NCGmPcEWrxApkwDAFmy9vG','L','Default','2025-01-06','Default Address','aktif','2025-01-06 12:16:38','2025-01-06 12:16:38'),(7,'197907192022212013','Atun Istianah','iisazkaahdannisa@gmail.com','08121576012','$2y$12$MgL9XtOtnLbUDly0c77wh.jIz9rTnvRIkxxmHtIe3hG47niuzGUw2','L','Default','2025-01-06','Default Address','aktif','2025-01-06 12:16:38','2025-01-06 12:16:38'),(8,'198404242011011012','Catur Budi Satrio','caturagha@gmail.com','087837892488','$2y$12$WGyfiMCN6iSee.XxMAM26epYSQOLHVJILwBTORdijqH9WA/brHMh.','L','Default','2025-01-06','Default Address','aktif','2025-01-06 12:16:38','2025-01-06 12:16:38'),(9,'198612132022212010','Destriana Irmayasari','irmayasari.destriana@yahoo.com','085606049434','$2y$12$DhJr7fYmP9P4WRUa88o76OEPBKeyiH8.q028sxLJLxv7eMgD7jbZm','L','Default','2025-01-06','Default Address','aktif','2025-01-06 12:16:38','2025-01-06 12:16:38'),(10,'199110032022212018','Dian Fidya Hastuti','dianfidyahastuti.03@gmail.com','0895377025673','$2y$12$UJ3BvOXducjmJx6XNfLBGOIo2/XQC.Ec9OI8FJMQFxHiNZR20cfDO','L','Default','2025-01-06','Default Address','aktif','2025-01-06 12:16:38','2025-01-06 12:16:38'),(11,'198210272022211007','Didiet Wisang Wibowo','didietalfa@gmail.com','088221687753','$2y$12$LYEzdrLecFU9PmSvbnF2MOqyrvQ95r2yefKkovar4R020ogM0tqDG','L','Default','2025-01-06','Default Address','aktif','2025-01-06 12:16:38','2025-01-06 12:16:38'),(12,'198712192015021001','Eko Budi Santoso','kdkhimura@gmail.com','085729050161','$2y$12$lvUKVFJdEHsPfuo2a6gLuOFF50pYi/AjeHHJ3ceWJN642dOuHetvO','L','Default','2025-01-06','Default Address','aktif','2025-01-06 12:16:38','2025-01-06 12:16:38'),(13,'199604302022211001','EKO SANTOSO','Santoso456@gmail.com','082247343960','$2y$12$w81aMDaVofC6OIs6tNvFXeVLmyDZ4JJxNRlMxeJKxpXF8Fvd6WjIC','L','Default','2025-01-06','Default Address','aktif','2025-01-06 12:16:38','2025-01-06 12:16:38'),(14,'199207252022212010','ENDAH YULIANI','endahyuliani13@gmail.com','081226322095','$2y$12$X3CYbQQwRfF74hjjzXXZ9OZydMSqAtGfb/7boNk5B/kUNI6W.socy','L','Default','2025-01-06','Default Address','aktif','2025-01-06 12:16:38','2025-01-06 12:16:38'),(15,'2447764665210083','Evy Indah Nurmaningsih','evyindah1511@gmail.com','082221555536','$2y$12$/FeppTKKXNQB5tE5JR6YwOnS5/LWyYWwERBtSU5hHPoYk19HFORTK','L','Default','2025-01-06','Default Address','aktif','2025-01-06 12:16:38','2025-01-06 12:16:38'),(16,'199404052023212018','FAERA ASTUTI','faeraastuti46@gmail.com','08112917432','$2y$12$MFB2pJJAFick..p9q3v5ROMJ6NpR9TE5LnrwEjfmMtZi63gPrcpD6','L','Default','2025-01-06','Default Address','aktif','2025-01-06 12:16:38','2025-01-06 12:16:38'),(17,'9344768669230213','Farah Kun Arifah','fara.queinz@gmail.com','085747204046','$2y$12$xcHQDIplYKjZB2w0Ly6cA.Rgzb2KzM442nlOZxYAfnpXzIo8ARzQu','L','Default','2025-01-06','Default Address','aktif','2025-01-06 12:16:38','2025-01-06 12:16:38'),(18,'198102202022212016','Farkhah Tri Aryani','farkhahtriaryani@gmail.com','081328825395','$2y$12$z6etBqEPiuWBh/4cm6ksQO6xHstJF9gwPKWZXoogKzeeVk6l9a3jO','L','Default','2025-01-06','Default Address','aktif','2025-01-06 12:16:38','2025-01-06 12:16:38'),(19,'197710242007012004','Fifin Oktarini','fifinokta24@gmail.com','081327727751','$2y$12$ShCaWyiSUMCaczUVn3ZC4ugQcW8hrn5YyxfKVbOl.DQ8siyBNt/O2','L','Default','2025-01-06','Default Address','aktif','2025-01-06 12:16:38','2025-01-06 12:16:38'),(20,'197912262022211003','Gunawan Wibisono','gunawan@kkpi.or.id','081327057283','$2y$12$QSZe8Ag.HD0rMmnbH85bh.I607nw1FYw0stsEkOZXa5gi8LFec2VW','L','Default','2025-01-06','Default Address','aktif','2025-01-06 12:16:38','2025-01-06 12:16:38'),(21,'7335769670130163','Guntur Yugo Pratomo','gunturyugo12@gmail.com','085865782782','$2y$12$4.2hopVbefeAZKbVHOuLIuyksp6lhzUk2HVYGSjC1JZX9oIQc2qI2','L','Default','2025-01-06','Default Address','aktif','2025-01-06 12:16:38','2025-01-06 12:16:38'),(22,'197405252007012020','Harni Nuril Fitri','fitriharni151@gmail.com','081337267220','$2y$12$p4wBUZ9ZC1sWTXwGwdg4ReIBAd2zjkHUO0dAtZT6VdlK5NHTTt/6q','L','Default','2025-01-06','Default Address','aktif','2025-01-06 12:16:38','2025-01-06 12:16:38'),(23,'197710272014062006','Hasrining Wulandari','hasrining2015@gmail.com','085869333747','$2y$12$ltbI2ZvBtT/BUCq8M0Q4Je91jiHK.N3DH5aFIOsk1sr8IsXcop83m','L','Default','2025-01-06','Default Address','aktif','2025-01-06 12:16:38','2025-01-06 12:16:38'),(24,'199405262022211003','HERMANTO','herman.ptik@gmail.com','081904795400','$2y$12$7teWdMdAT8XFxr..Hk5c0e2iaIgh0AaUSd9Ax9O70pEC/q8pfTLPW','L','Default','2025-01-06','Default Address','aktif','2025-01-06 12:16:38','2025-01-06 12:16:38'),(25,'198308042022211006','Idiarso','idiarsosimbang99@gmail.com','081327382348','$2y$12$torvOlAkZyPQiUk8NuGAIuP/.lWjv5q4sUEJt4SsG8XdCLxXpUQ8q','L','Default','2025-01-06','Default Address','aktif','2025-01-06 12:16:38','2025-01-06 12:16:38'),(26,'197006242007011016','Jarwo','jarwojrw16@gmail.com','081327044739','$2y$12$aLLaRyHc0mfLmBWHt3NVJeXN1wnq5nNHpXA8uOBMjynY0OrHDHZOS','L','Default','2025-01-06','Default Address','aktif','2025-01-06 12:16:38','2025-01-06 12:16:38'),(27,'198907262022212008','Karmiyati','myutmya@gmail.com','085290597770','$2y$12$WkvK42f.0ygNMbVMo./LteOph9sPi40Xv8yin/YJYUho2zUowNjz6','L','Default','2025-01-06','Default Address','aktif','2025-01-06 12:16:38','2025-01-06 12:16:38'),(28,'199505132023212015','KIAT UJI PURWANI','purwanikiat@gmail.com','083109834954','$2y$12$b57OIjN16uRoW5sdoKXmzubTXM3x2i7ptzHTwfVu3M6DeHauoEeb2','L','Default','2025-01-06','Default Address','aktif','2025-01-06 12:16:38','2025-01-06 12:16:38'),(29,'198509172022212011','Kiki Rahayu','aqmarina1811@gmail.com','085291060145','$2y$12$FKePe4XaFAMokLjnGVmmf.RzflNMVo8963uOlr9hDpNoL0NqX/0BW','L','Default','2025-01-06','Default Address','aktif','2025-01-06 12:16:38','2025-01-06 12:16:38'),(30,'198908282023212008','Kuswanti','keaziyad22@gmail.com','085293969096','$2y$12$j1R324ao6waFsz1zURXJV.Zn9NZRegXX5RieN6k2aFfL7ZykvfrHG','L','Default','2025-01-06','Default Address','aktif','2025-01-06 12:16:38','2025-01-06 12:16:38'),(31,'198905022022212023','Lia Dwi Arumsari','liadwiarumsari@yahoo.co.id','085743589078','$2y$12$8MrtdJ9W9dk8YI/FG8.hxedNmgZGCvJkACOpBgnKVmfS2lKm4pDgu','L','Default','2025-01-06','Default Address','aktif','2025-01-06 12:16:38','2025-01-06 12:16:38'),(32,'197706162022212012','Lili Kusliamah','kusliamahlili@gmail.com','085226929671','$2y$12$Bk9GNBE4YvoVLg7nDd9wbeBx.kvbeho38ToqU/0aN7nr.eck7NPLG','L','Default','2025-01-06','Default Address','aktif','2025-01-06 12:16:38','2025-01-06 12:16:38'),(33,'199303162022211006','LUKMAN BUDI ANTO','kj1.lukman@gmail.com','082227588459','$2y$12$AlOPmUtOdlOqde349fRGbOEYVqIbIA6KrtDo.cUfP0MoRXh10kksG','L','Default','2025-01-06','Default Address','aktif','2025-01-06 12:16:38','2025-01-06 12:16:38'),(34,'197205092010012007','Lusinah','loeslestiono@gmail.com','085329405364','$2y$12$I6XZRleddFQRqX1oJHbYhuXzU79usOSbp4Xylaby8JEvWc5Gs17AS','L','Default','2025-01-06','Default Address','aktif','2025-01-06 12:16:38','2025-01-06 12:16:38'),(35,'197901092011011005','Mohamad Lutfi Hani Syukri','mahillatuzzahra@gmail.com','082226740055','$2y$12$bKYuKhGRlV7VRFXIvJlkNuogFDQpfGZqyOuH43nmjScgXagEf2OHa','L','Default','2025-01-06','Default Address','aktif','2025-01-06 12:16:38','2025-01-06 12:16:38'),(36,'2244767668130233','Mohamad Septulloh','m.septulloh@gmail.com','085869660760','$2y$12$6OZxAWaB8.L2YGeXTJ7RhOlM0nYLd.g41qKpGM/Ni7DarX5dKR5cC','L','Default','2025-01-06','Default Address','aktif','2025-01-06 12:16:38','2025-01-06 12:16:38'),(37,'198604072022211019','Mohamad Yogi Prasetyo','prastyogie25@gmail.com','088221510799','$2y$12$DaI4rGSGDEOAnEtN.2ktReivdgGFgpT5xXYMxLK1sg5SdOxeTYnL2','L','Default','2025-01-06','Default Address','aktif','2025-01-06 12:16:38','2025-01-06 12:16:38'),(38,'9237764665130223','Muh. Iman Satriya Gotama','satriyagotama09@gmail.com','081574469635','$2y$12$ZxgQfs7oqv7u9PXWruOp0emERkFW.1SZf4H/afuRBA444OZOA81G2','L','Default','2025-01-06','Default Address','aktif','2025-01-06 12:16:38','2025-01-06 12:16:38'),(39,'9060769670130203','Muhammad Lathif Waskito','muhammadwaskito@yahoo.com','085647959046','$2y$12$stxUoBVe4wf3z5OLI0iHBO2Px0xiQ5KS6j9lpnsSn8bTVgd12amU6','L','Default','2025-01-06','Default Address','aktif','2025-01-06 12:16:38','2025-01-06 12:16:38'),(40,'197509142022211003','Muji Novianto','mujinovianto14@gmail.com','085200842055','$2y$12$/t14nRr2ekEUT8Pr18uiAufm4GI6d03YJyFRHqEWd7ExaEwBuCmMC','L','Default','2025-01-06','Default Address','aktif','2025-01-06 12:16:38','2025-01-06 12:16:38'),(41,'0252770671130153','NAFAN SAEFULLOH','aang09941@gmail.com','08816769835','$2y$12$EwQZHA4nBGOEBol.4VDXZekF6xQoaPZjZeX.32pXm4/u8cKK1c1rm','L','Default','2025-01-06','Default Address','aktif','2025-01-06 12:16:38','2025-01-06 12:16:38'),(42,'196508041988031013','Ngaliman','glman0865@gmail.com','082331903244','$2y$12$W8Ve79a5e0taIx8Tc9lfBeuznGhQHLDBdjKAz4fLXRlvuKJdXmHtu','L','Default','2025-01-06','Default Address','aktif','2025-01-06 12:16:38','2025-01-06 12:16:38'),(43,'197806062014062004','Nining Yuni Prabawanti','nininganto09@gmail.com','081327440806','$2y$12$arRccYBjs2uP9mPOkHGiLOqLndMH87At7U1mast4csxxBtnw7qwJO','L','Default','2025-01-06','Default Address','aktif','2025-01-06 12:16:38','2025-01-06 12:16:38'),(44,'197011292008011003','Nur Fitrijono','nurgelviano1970@gmail.com','081327909113','$2y$12$g09ih31//lintxii/VLL0ujmXXCfJgzp.7U3JEBgYDeXcoA0/CnuS','L','Default','2025-01-06','Default Address','aktif','2025-01-06 12:16:38','2025-01-06 12:16:38'),(45,'199201112023212020','Nursetya Pamujiasih','nsp.asih@gmail.com','085771131532','$2y$12$QwU4YqZJKnxfZnffpWVer.uKebrQRhbBmWB15rklXV3D7wmpgvTL2','L','Default','2025-01-06','Default Address','aktif','2025-01-06 12:16:38','2025-01-06 12:16:38'),(46,'197307192022211002','Nurul Huda','nurulslepa@gmail.com','085291477925','$2y$12$DxdJ.xm6GBzTqmsDW1HXLuxsnLq2RMLH6/H1i5MFBH6mQ0FXAUqoi','L','Default','2025-01-06','Default Address','aktif','2025-01-06 12:16:38','2025-01-06 12:16:38'),(47,'198301112010011020','Priyatin Sutarwanto','pswanto99@gmail.com','085227150229','$2y$12$kO42yut/0ASyoglWV/eHBuxooygjRvdMkVSuUzrJ.AZNGG5dG3Iia','L','Default','2025-01-06','Default Address','aktif','2025-01-06 12:16:38','2025-01-06 12:16:38'),(48,'197406262022211001','Purwono','purwonopbg1@gmail.com','08139053185','$2y$12$qcBLwiCXSI0J82DM6ctWA.8br/3LouvwJBM.qMAt.U..idxVjG/A6','L','Default','2025-01-06','Default Address','aktif','2025-01-06 12:16:38','2025-01-06 12:16:38'),(49,'198505152009031004','Riyanto','riyantobrilian@gmail.com','085329181868','$2y$12$/9XEyj2hUZ7ryfWBBglQUO0VnFN0h7aJjKActWTO58WiZDPXbtsoO','L','Default','2025-01-06','Default Address','aktif','2025-01-06 12:16:38','2025-01-06 12:16:38'),(50,'8456772673130002','Rizki Kharismawati','rizkikharisma1994@gmail.com','087804120278','$2y$12$u592bgjLnkdaP6C4hzR.dOYkt18Bh6ImdptbjoeJVckpCUxgNJUR2','L','Default','2025-01-06','Default Address','aktif','2025-01-06 12:16:38','2025-01-06 12:16:38'),(51,'196604032006041013','Rokhman','rokhman86@yahoo.co.id','08112701139','$2y$12$WEj/oKvDvVxALmxHuTKM8u5TVSARKXhld7VxQNEg.0bVlKJ75XBTW','L','Default','2025-01-06','Default Address','aktif','2025-01-06 12:16:38','2025-01-06 12:16:38'),(52,'9644771672130142','ROMADHON','romadhondaryono7@gmail.com','085747318679','$2y$12$yI9dKVakaJV.QbShqEbpFOifKUiuHIUBZ5dEsWYLUlLlE1IJjVOIK','L','Default','2025-01-06','Default Address','aktif','2025-01-06 12:16:38','2025-01-06 12:16:38'),(53,'197706012022211003','Sapto Pujianto','saptobo2019@gmail.com','081328748104','$2y$12$uz.rODphFEmcd0E4y1mVgexqZtBzkAe.wMJxpoxhUvmDFCauNWfUW','L','Default','2025-01-06','Default Address','aktif','2025-01-06 12:16:38','2025-01-06 12:16:38'),(54,'199306022019021007','Sidik Nurcahyo','sidiknurcahyo@smknegeri1punggelan.sch.id','08818788233','$2y$12$CszGLX5K2Y4.9UQwZlGSueWoMKsFyEKJ61rfXw/soJmieEAHGDMDm','L','Default','2025-01-06','Default Address','aktif','2025-01-06 12:16:38','2025-01-06 12:16:38'),(55,'199110072022211008','Sigit Prihantono','sigit.prihantono@gmail.com','085726297080','$2y$12$vzOjWcNwHx7adMIy4PhiD.eSxcC36nV9IEorTY7.YFKB17LVmSmI2','L','Default','2025-01-06','Default Address','aktif','2025-01-06 12:16:38','2025-01-06 12:16:38'),(56,'197808162011011007','Sri Herawan Kusuma','sriherawankusuma@yahoo.co.id','08170600043','$2y$12$O7S6WTljorLMl/xEwazd3uDBq.Fwvu1sGndOdJFwBbfmiLJPRW73y','L','Default','2025-01-06','Default Address','aktif','2025-01-06 12:16:38','2025-01-06 12:16:38'),(57,'197204042005011010','Suparman','suparmanuye7244@gmail.com','081327474730','$2y$12$FRMCdlvWa8bSL75lzz.gCu8jBGT94lSwGzrt5Nj9fWjlM7phz8w4G','L','Default','2025-01-06','Default Address','aktif','2025-01-06 12:16:38','2025-01-06 12:16:38'),(58,'196810102008011017','Supriyana','supriyanabna@gmail.com','085227518270','$2y$12$/gDrEkFTZdB1OCjtHad2wOT928TX0KT02VuaOZkm5WahZdlAvnlNG','L','Default','2025-01-06','Default Address','aktif','2025-01-06 12:16:38','2025-01-06 12:16:38'),(59,'199504262022212006','Supriyani','yanisupri49@gmail.com','085726314902','$2y$12$rkAlNYLw.NDINDs0XKUC7u1OLLGhUTr1vPIkwbxvBaQyLIxK6F1Mm','L','Default','2025-01-06','Default Address','aktif','2025-01-06 12:16:38','2025-01-06 12:16:38'),(60,'197410272006042003','Susmiyati','syati200@gmail.com','0895388461763','$2y$12$IGWRF9J0EMiLGwaMsv0QA.cQJmdo1kt59URvxAA4bZB/Cf3bIAt/G','L','Default','2025-01-06','Default Address','aktif','2025-01-06 12:16:38','2025-01-06 12:16:38'),(61,'198610072022211004','Syaifudin Aji Negara','ghara_7086@yahoo.co.id','087837575050','$2y$12$Sxf4fOjSPMe7X23xTO2zveT2ZkL6ydVO7Ba4GFJyZ0KJFDclK2NHi','L','Default','2025-01-06','Default Address','aktif','2025-01-06 12:16:38','2025-01-06 12:16:38'),(62,'4458770671130163','Teni Nur Arifin','teninurarifin@gmail.com','082225480774','$2y$12$jhFNQpQG3KT79epJQOfmWOzQuO7j/Gva8s3bI4V7oeLA/jH/.S2eW','L','Default','2025-01-06','Default Address','aktif','2025-01-06 12:16:38','2025-01-06 12:16:38'),(63,'198811072022212012','Titis Sulistarini','titissulistarini07@gmail.com','085700263289','$2y$12$WyPkqp9fzOYg/GAaKzPf2uUiQ37hI1kjpdb6Tc68SBYODnkVo8AKS','L','Default','2025-01-06','Default Address','aktif','2025-01-06 12:16:38','2025-01-06 12:16:38'),(64,'197809062022211004','Tri Haryadi','pakharyadi3@gmail.com','081329090225','$2y$12$99FZr/zaqANpqxqfGb5kAuXL02XYUtULYD5NP4H2LJibyrd9nzu56','L','Default','2025-01-06','Default Address','aktif','2025-01-06 12:16:38','2025-01-06 12:16:38'),(65,'199108112022211006','Tri Nur Huda','trinurhuda.pbg@gmail.com','085713550333','$2y$12$KBItRpgZp2SPR.SxshTQy.UT1nW1yWucr8zuXRISodcrOusDJ7lki','L','Default','2025-01-06','Default Address','aktif','2025-01-06 12:16:38','2025-01-06 12:16:38'),(66,'198903052022212013','Umi Rofingah','urofingah@gmail.com','088806063144','$2y$12$Dh1VrJpANSzBVXoEoPilkOxsroTuCSCdJNOKvkLCpKPj1ryqmTcpa','L','Default','2025-01-06','Default Address','aktif','2025-01-06 12:16:38','2025-01-06 12:16:38'),(67,'198412142010011020','Wahyono','wahyonopenjaskes@gmail.com','081575963332','$2y$12$jeckU6x.5FqmjO3Y.WT2be3TlVuaO2qNh077.fOuWOWKUS8QDgrLy','L','Default','2025-01-06','Default Address','aktif','2025-01-06 12:16:38','2025-01-06 12:16:38'),(68,'196905132007012009','Warni Astuti Kw','kusumawardaniwarniastuti1305@gmail.com','081327107469','$2y$12$H93T/RmgKEsZjlbR3eEZRumoks1MWqmwWhwimwKK658PbHjLTjscS','L','Default','2025-01-06','Default Address','aktif','2025-01-06 12:16:38','2025-01-06 12:16:38'),(69,'198006112022211004','Wijayadi Muliawan','wijayadi1106@gmail.com','085643173016','$2y$12$YE5mML1Gbi6XAni4MBtWkOlk5.nRbChpPlZxDck1JbW0UVO37VGA2','L','Default','2025-01-06','Default Address','aktif','2025-01-06 12:16:38','2025-01-06 12:16:38'),(70,'198911192022211005','Yan Indra Pratama','yanindrapratama@gmail.com','085739817100','$2y$12$a.ugidhrLe7Rvb0NfjBtXui.Flz.nfPSd09vFDOB4/shOj/aXnEiO','L','Default','2025-01-06','Default Address','aktif','2025-01-06 12:16:38','2025-01-06 12:16:38'),(71,'197108131998021004','Yudi Hermawan','youdhi2009@yahoo.co.id','085763542813','$2y$12$H7slDzdGFt.WVWrkTOeln.vI4d2lDh3VfwLkQRJVcRetIFqzSyFV2','L','Default','2025-01-06','Default Address','aktif','2025-01-06 12:16:38','2025-01-06 12:16:38'),(72,'198601052022211013','Yusuf Abdillah','yusup468@gmail.com','085641580044','$2y$12$c7y5qVBFtjx3fWDg1Qi7pOMQCk6TZMIvrbSlatMwEFfoOkw1ee/8u','L','Default','2025-01-06','Default Address','aktif','2025-01-06 12:16:38','2025-01-06 12:16:38');
/*!40000 ALTER TABLE `guru` ENABLE KEYS */;
UNLOCK TABLES;
DROP TABLE IF EXISTS `home_visits`;
/*!40101 SET @saved_cs_client     = @@character_set_client */;
/*!50503 SET character_set_client = utf8mb4 */;
CREATE TABLE `home_visits` (
  `id` bigint unsigned NOT NULL AUTO_INCREMENT,
  `counseling_id` bigint unsigned NOT NULL,
  `student_id` bigint unsigned NOT NULL,
  `counselor_id` bigint unsigned NOT NULL,
  `visit_date` date NOT NULL,
  `visit_time` time NOT NULL,
  `address` varchar(255) COLLATE utf8mb4_unicode_ci NOT NULL,
  `met_with` varchar(255) COLLATE utf8mb4_unicode_ci NOT NULL,
  `discussion_points` text COLLATE utf8mb4_unicode_ci NOT NULL,
  `agreements` text COLLATE utf8mb4_unicode_ci,
  `recommendations` text COLLATE utf8mb4_unicode_ci NOT NULL,
  `follow_up_plan` text COLLATE utf8mb4_unicode_ci,
  `status` enum('planned','completed','cancelled','rescheduled') COLLATE utf8mb4_unicode_ci NOT NULL DEFAULT 'planned',
  `notes` text COLLATE utf8mb4_unicode_ci,
  `created_at` timestamp NULL DEFAULT NULL,
  `updated_at` timestamp NULL DEFAULT NULL,
  `deleted_at` timestamp NULL DEFAULT NULL,
  PRIMARY KEY (`id`),
  KEY `home_visits_counseling_id_foreign` (`counseling_id`),
  KEY `home_visits_student_id_foreign` (`student_id`),
  KEY `home_visits_counselor_id_foreign` (`counselor_id`),
  CONSTRAINT `home_visits_counseling_id_foreign` FOREIGN KEY (`counseling_id`) REFERENCES `counselings` (`id`) ON DELETE CASCADE,
  CONSTRAINT `home_visits_counselor_id_foreign` FOREIGN KEY (`counselor_id`) REFERENCES `users` (`id`) ON DELETE CASCADE,
  CONSTRAINT `home_visits_student_id_foreign` FOREIGN KEY (`student_id`) REFERENCES `users` (`id`) ON DELETE CASCADE
) ENGINE=InnoDB DEFAULT CHARSET=utf8mb4 COLLATE=utf8mb4_unicode_ci;
/*!40101 SET character_set_client = @saved_cs_client */;

LOCK TABLES `home_visits` WRITE;
/*!40000 ALTER TABLE `home_visits` DISABLE KEYS */;
/*!40000 ALTER TABLE `home_visits` ENABLE KEYS */;
UNLOCK TABLES;
DROP TABLE IF EXISTS `imports`;
/*!40101 SET @saved_cs_client     = @@character_set_client */;
/*!50503 SET character_set_client = utf8mb4 */;
CREATE TABLE `imports` (
  `id` bigint unsigned NOT NULL AUTO_INCREMENT,
  `user_id` bigint unsigned NOT NULL,
  `file_name` varchar(255) COLLATE utf8mb4_unicode_ci NOT NULL,
  `file_path` varchar(255) COLLATE utf8mb4_unicode_ci NOT NULL,
  `importer` varchar(255) COLLATE utf8mb4_unicode_ci NOT NULL,
  `total_rows` int unsigned NOT NULL,
  `processed_rows` int unsigned NOT NULL DEFAULT '0',
  `successful_rows` int unsigned NOT NULL DEFAULT '0',
  `created_at` timestamp NULL DEFAULT NULL,
  `updated_at` timestamp NULL DEFAULT NULL,
  PRIMARY KEY (`id`),
  KEY `imports_user_id_foreign` (`user_id`),
  CONSTRAINT `imports_user_id_foreign` FOREIGN KEY (`user_id`) REFERENCES `users` (`id`) ON DELETE CASCADE
) ENGINE=InnoDB DEFAULT CHARSET=utf8mb4 COLLATE=utf8mb4_unicode_ci;
/*!40101 SET character_set_client = @saved_cs_client */;

LOCK TABLES `imports` WRITE;
/*!40000 ALTER TABLE `imports` DISABLE KEYS */;
/*!40000 ALTER TABLE `imports` ENABLE KEYS */;
UNLOCK TABLES;
DROP TABLE IF EXISTS `internships`;
/*!40101 SET @saved_cs_client     = @@character_set_client */;
/*!50503 SET character_set_client = utf8mb4 */;
CREATE TABLE `internships` (
  `id` bigint unsigned NOT NULL AUTO_INCREMENT,
  `user_id` bigint unsigned NOT NULL,
  `guru_pembimbing_id` bigint unsigned NOT NULL,
  `company_name` varchar(255) COLLATE utf8mb4_unicode_ci NOT NULL,
  `company_address` varchar(255) COLLATE utf8mb4_unicode_ci NOT NULL,
  `supervisor_name` varchar(255) COLLATE utf8mb4_unicode_ci NOT NULL,
  `supervisor_contact` varchar(255) COLLATE utf8mb4_unicode_ci NOT NULL,
  `start_date` date NOT NULL,
  `end_date` date NOT NULL,
  `status` enum('active','completed','terminated') COLLATE utf8mb4_unicode_ci NOT NULL DEFAULT 'active',
  `notes` text COLLATE utf8mb4_unicode_ci,
  `created_at` timestamp NULL DEFAULT NULL,
  `updated_at` timestamp NULL DEFAULT NULL,
  PRIMARY KEY (`id`),
  KEY `internships_user_id_foreign` (`user_id`),
  KEY `internships_guru_pembimbing_id_foreign` (`guru_pembimbing_id`),
  CONSTRAINT `internships_guru_pembimbing_id_foreign` FOREIGN KEY (`guru_pembimbing_id`) REFERENCES `users` (`id`) ON DELETE CASCADE,
  CONSTRAINT `internships_user_id_foreign` FOREIGN KEY (`user_id`) REFERENCES `users` (`id`) ON DELETE CASCADE
) ENGINE=InnoDB DEFAULT CHARSET=utf8mb4 COLLATE=utf8mb4_unicode_ci;
/*!40101 SET character_set_client = @saved_cs_client */;

LOCK TABLES `internships` WRITE;
/*!40000 ALTER TABLE `internships` DISABLE KEYS */;
/*!40000 ALTER TABLE `internships` ENABLE KEYS */;
UNLOCK TABLES;
DROP TABLE IF EXISTS `job_batches`;
/*!40101 SET @saved_cs_client     = @@character_set_client */;
/*!50503 SET character_set_client = utf8mb4 */;
CREATE TABLE `job_batches` (
  `id` varchar(255) COLLATE utf8mb4_unicode_ci NOT NULL,
  `name` varchar(255) COLLATE utf8mb4_unicode_ci NOT NULL,
  `total_jobs` int NOT NULL,
  `pending_jobs` int NOT NULL,
  `failed_jobs` int NOT NULL,
  `failed_job_ids` longtext COLLATE utf8mb4_unicode_ci NOT NULL,
  `options` mediumtext COLLATE utf8mb4_unicode_ci,
  `cancelled_at` int DEFAULT NULL,
  `created_at` int NOT NULL,
  `finished_at` int DEFAULT NULL,
  PRIMARY KEY (`id`)
) ENGINE=InnoDB DEFAULT CHARSET=utf8mb4 COLLATE=utf8mb4_unicode_ci;
/*!40101 SET character_set_client = @saved_cs_client */;

LOCK TABLES `job_batches` WRITE;
/*!40000 ALTER TABLE `job_batches` DISABLE KEYS */;
/*!40000 ALTER TABLE `job_batches` ENABLE KEYS */;
UNLOCK TABLES;
DROP TABLE IF EXISTS `jobs`;
/*!40101 SET @saved_cs_client     = @@character_set_client */;
/*!50503 SET character_set_client = utf8mb4 */;
CREATE TABLE `jobs` (
  `id` bigint unsigned NOT NULL AUTO_INCREMENT,
  `queue` varchar(255) COLLATE utf8mb4_unicode_ci NOT NULL,
  `payload` longtext COLLATE utf8mb4_unicode_ci NOT NULL,
  `attempts` tinyint unsigned NOT NULL,
  `reserved_at` int unsigned DEFAULT NULL,
  `available_at` int unsigned NOT NULL,
  `created_at` int unsigned NOT NULL,
  PRIMARY KEY (`id`),
  KEY `jobs_queue_index` (`queue`)
) ENGINE=InnoDB DEFAULT CHARSET=utf8mb4 COLLATE=utf8mb4_unicode_ci;
/*!40101 SET character_set_client = @saved_cs_client */;

LOCK TABLES `jobs` WRITE;
/*!40000 ALTER TABLE `jobs` DISABLE KEYS */;
/*!40000 ALTER TABLE `jobs` ENABLE KEYS */;
UNLOCK TABLES;
DROP TABLE IF EXISTS `journals`;
/*!40101 SET @saved_cs_client     = @@character_set_client */;
/*!50503 SET character_set_client = utf8mb4 */;
CREATE TABLE `journals` (
  `id` bigint unsigned NOT NULL AUTO_INCREMENT,
  `internship_id` bigint unsigned NOT NULL,
  `date` date NOT NULL,
  `activity_description` text COLLATE utf8mb4_unicode_ci NOT NULL,
  `learning_outcomes` text COLLATE utf8mb4_unicode_ci,
  `challenges` text COLLATE utf8mb4_unicode_ci,
  `solutions` text COLLATE utf8mb4_unicode_ci,
  `status` enum('pending','approved','rejected') COLLATE utf8mb4_unicode_ci NOT NULL DEFAULT 'pending',
  `feedback` text COLLATE utf8mb4_unicode_ci,
  `attachment` varchar(255) COLLATE utf8mb4_unicode_ci DEFAULT NULL,
  `created_at` timestamp NULL DEFAULT NULL,
  `updated_at` timestamp NULL DEFAULT NULL,
  PRIMARY KEY (`id`),
  KEY `journals_internship_id_foreign` (`internship_id`),
  CONSTRAINT `journals_internship_id_foreign` FOREIGN KEY (`internship_id`) REFERENCES `internships` (`id`) ON DELETE CASCADE
) ENGINE=InnoDB DEFAULT CHARSET=utf8mb4 COLLATE=utf8mb4_unicode_ci;
/*!40101 SET character_set_client = @saved_cs_client */;

LOCK TABLES `journals` WRITE;
/*!40000 ALTER TABLE `journals` DISABLE KEYS */;
/*!40000 ALTER TABLE `journals` ENABLE KEYS */;
UNLOCK TABLES;
DROP TABLE IF EXISTS `leaves`;
/*!40101 SET @saved_cs_client     = @@character_set_client */;
/*!50503 SET character_set_client = utf8mb4 */;
CREATE TABLE `leaves` (
  `id` bigint unsigned NOT NULL AUTO_INCREMENT,
  `user_id` bigint unsigned NOT NULL,
  `start_date` date NOT NULL,
  `end_date` date NOT NULL,
  `reason` text COLLATE utf8mb4_unicode_ci,
  `status` enum('pending','approved','rejected') COLLATE utf8mb4_unicode_ci NOT NULL DEFAULT 'pending',
  `note` text COLLATE utf8mb4_unicode_ci,
  `created_at` timestamp NULL DEFAULT NULL,
  `updated_at` timestamp NULL DEFAULT NULL,
  `deleted_at` timestamp NULL DEFAULT NULL,
  PRIMARY KEY (`id`),
  KEY `leaves_user_id_foreign` (`user_id`),
  CONSTRAINT `leaves_user_id_foreign` FOREIGN KEY (`user_id`) REFERENCES `users` (`id`) ON DELETE CASCADE
) ENGINE=InnoDB DEFAULT CHARSET=utf8mb4 COLLATE=utf8mb4_unicode_ci;
/*!40101 SET character_set_client = @saved_cs_client */;

LOCK TABLES `leaves` WRITE;
/*!40000 ALTER TABLE `leaves` DISABLE KEYS */;
/*!40000 ALTER TABLE `leaves` ENABLE KEYS */;
UNLOCK TABLES;
DROP TABLE IF EXISTS `majors`;
/*!40101 SET @saved_cs_client     = @@character_set_client */;
/*!50503 SET character_set_client = utf8mb4 */;
CREATE TABLE `majors` (
  `id` bigint unsigned NOT NULL AUTO_INCREMENT,
  `name` varchar(255) COLLATE utf8mb4_unicode_ci NOT NULL,
  `code` varchar(255) COLLATE utf8mb4_unicode_ci NOT NULL,
  `description` text COLLATE utf8mb4_unicode_ci,
  `created_at` timestamp NULL DEFAULT NULL,
  `updated_at` timestamp NULL DEFAULT NULL,
  PRIMARY KEY (`id`),
  UNIQUE KEY `majors_code_unique` (`code`)
) ENGINE=InnoDB DEFAULT CHARSET=utf8mb4 COLLATE=utf8mb4_unicode_ci;
/*!40101 SET character_set_client = @saved_cs_client */;

LOCK TABLES `majors` WRITE;
/*!40000 ALTER TABLE `majors` DISABLE KEYS */;
/*!40000 ALTER TABLE `majors` ENABLE KEYS */;
UNLOCK TABLES;
DROP TABLE IF EXISTS `menus`;
/*!40101 SET @saved_cs_client     = @@character_set_client */;
/*!50503 SET character_set_client = utf8mb4 */;
CREATE TABLE `menus` (
  `id` bigint unsigned NOT NULL AUTO_INCREMENT,
  `name` varchar(255) COLLATE utf8mb4_unicode_ci NOT NULL,
  `icon` varchar(255) COLLATE utf8mb4_unicode_ci DEFAULT NULL,
  `route` varchar(255) COLLATE utf8mb4_unicode_ci DEFAULT NULL,
  `parent_id` bigint unsigned DEFAULT NULL,
  `order` int NOT NULL DEFAULT '0',
  `created_at` timestamp NULL DEFAULT NULL,
  `updated_at` timestamp NULL DEFAULT NULL,
  PRIMARY KEY (`id`),
  KEY `menus_parent_id_foreign` (`parent_id`),
  CONSTRAINT `menus_parent_id_foreign` FOREIGN KEY (`parent_id`) REFERENCES `menus` (`id`) ON DELETE CASCADE
) ENGINE=InnoDB AUTO_INCREMENT=26 DEFAULT CHARSET=utf8mb4 COLLATE=utf8mb4_unicode_ci;
/*!40101 SET character_set_client = @saved_cs_client */;

LOCK TABLES `menus` WRITE;
/*!40000 ALTER TABLE `menus` DISABLE KEYS */;
INSERT INTO `menus` VALUES (1,'Dashboard','heroicon-o-home','filament.admin.pages.dashboard',NULL,1,NULL,NULL),(2,'Akademik','heroicon-o-academic-cap',NULL,NULL,2,NULL,NULL),(3,'Tahun Ajaran','heroicon-o-calendar','filament.admin.resources.school-years.index',2,1,NULL,NULL),(4,'Kelas','heroicon-o-user-group','filament.admin.resources.class-rooms.index',2,2,NULL,NULL),(5,'Jurusan','heroicon-o-academic-cap','filament.admin.resources.majors.index',2,3,NULL,NULL),(6,'Manajemen Siswa','heroicon-o-users',NULL,NULL,3,NULL,NULL),(7,'Data Siswa','heroicon-o-user','filament.admin.resources.students.index',6,1,NULL,NULL),(8,'Mutasi Siswa','heroicon-o-arrow-path','filament.admin.resources.mutations.index',6,2,NULL,NULL),(9,'Presensi','heroicon-o-clipboard-document-check',NULL,NULL,4,NULL,NULL),(10,'Presensi Kelas','heroicon-o-clipboard-document-list','filament.admin.resources.attendances.index',9,1,NULL,NULL),(11,'Presensi Sholat','heroicon-o-clipboard-document-list','filament.admin.resources.prayer-attendances.index',9,2,NULL,NULL),(12,'Presensi Ekstrakurikuler','heroicon-o-clipboard-document-list','filament.admin.resources.extracurricular-activities.index',9,3,NULL,NULL),(13,'Rekap Presensi','heroicon-o-document-chart-bar','filament.admin.resources.attendance-recaps.index',9,4,NULL,NULL),(14,'Perizinan','heroicon-o-document-text',NULL,NULL,5,NULL,NULL),(15,'Data Izin','heroicon-o-document-text','filament.admin.resources.leaves.index',14,1,NULL,NULL),(16,'Surat Izin','heroicon-o-document','filament.admin.resources.student-permits.index',14,2,NULL,NULL),(17,'Bimbingan Konseling','heroicon-o-chat-bubble-left-right',NULL,NULL,6,NULL,NULL),(18,'Konseling','heroicon-o-chat-bubble-left-right','filament.admin.resources.counselings.index',17,1,NULL,NULL),(19,'Home Visit','heroicon-o-home','filament.admin.resources.home-visits.index',17,2,NULL,NULL),(20,'Bimbingan Karir','heroicon-o-briefcase','filament.admin.resources.career-guidances.index',17,3,NULL,NULL),(21,'Ekstrakurikuler','heroicon-o-star','filament.admin.resources.extracurriculars.index',NULL,7,NULL,NULL),(22,'Pengaturan','heroicon-o-cog-6-tooth',NULL,NULL,8,NULL,NULL),(23,'Manajemen Pengguna','heroicon-o-users','filament.admin.resources.users.index',22,1,NULL,NULL),(24,'Hak Akses','heroicon-o-key','filament.admin.resources.roles.index',22,2,NULL,NULL),(25,'Backup Database','heroicon-o-arrow-down-tray','filament.admin.resources.backups.index',22,3,NULL,NULL);
/*!40000 ALTER TABLE `menus` ENABLE KEYS */;
UNLOCK TABLES;
DROP TABLE IF EXISTS `migrations`;
/*!40101 SET @saved_cs_client     = @@character_set_client */;
/*!50503 SET character_set_client = utf8mb4 */;
CREATE TABLE `migrations` (
  `id` int unsigned NOT NULL AUTO_INCREMENT,
  `migration` varchar(255) COLLATE utf8mb4_unicode_ci NOT NULL,
  `batch` int NOT NULL,
  PRIMARY KEY (`id`)
) ENGINE=InnoDB AUTO_INCREMENT=66 DEFAULT CHARSET=utf8mb4 COLLATE=utf8mb4_unicode_ci;
/*!40101 SET character_set_client = @saved_cs_client */;

LOCK TABLES `migrations` WRITE;
/*!40000 ALTER TABLE `migrations` DISABLE KEYS */;
INSERT INTO `migrations` VALUES (1,'0001_01_01_000000_create_users_table',1),(2,'0001_01_01_000001_create_cache_table',1),(3,'0001_01_01_000002_create_jobs_table',1),(4,'2024_01_01_000001_create_classes_table',1),(5,'2024_01_01_000002_create_subjects_table',1),(6,'2024_01_01_000003_create_extracurriculars_table',1),(7,'2024_01_01_000003_create_internships_table',1),(8,'2024_01_01_000004_create_journals_table',1),(9,'2024_01_05_000000_create_guru_table',1),(10,'2024_01_06_add_role_to_users_table',1),(11,'2024_01_06_add_username_to_users',1),(12,'2024_01_06_modify_username_in_users_table',1),(13,'2024_01_15_000001_create_student_details_table',1),(14,'2024_06_25_062223_create_offices_table',1),(15,'2024_06_25_062224_create_shifts_table',1),(16,'2024_06_25_062414_create_schedules_table',1),(17,'2024_06_25_063427_create_attendances_table',1),(18,'2024_06_25_074635_add_radius_to_office_table',1),(19,'2024_06_26_225701_add_is_wfa_to_schedule_table',1),(20,'2024_06_27_225449_change_attendance_table',1),(21,'2024_07_01_235626_create_personal_access_tokens_table',1),(22,'2024_07_20_043909_add_is_banned_to_schedule',1),(23,'2024_07_25_044208_create_leaves_table',1),(24,'2024_07_26_223656_add_is_leave_to_attendances_table',1),(25,'2024_08_02_062949_add_photo_profile_to_user_table',1),(26,'2024_09_03_140504_create_permission_tables',1),(27,'2024_12_24_000000_create_departments_table',1),(28,'2024_12_24_000000_create_majors_table',1),(29,'2024_12_24_000001_create_school_years_table',1),(30,'2024_12_25_000000_create_class_rooms_table',1),(31,'2024_12_25_165807_add_user_type_to_users_table',1),(32,'2024_12_25_204624_create_notifications_table',1),(33,'2024_12_26_000000_create_students_table',1),(34,'2024_12_26_000001_add_student_details_to_users_table',1),(35,'2024_12_26_000004_create_mutations_table',1),(36,'2024_12_26_000005_create_teaching_activities_table',1),(37,'2024_12_26_000006_create_pkl_internships_table',1),(38,'2024_12_26_000006_create_student_attendances_table',1),(39,'2024_12_27_013921_add_jam_ke_to_teaching_activities_table',1),(40,'2024_12_27_014939_add_class_room_id_to_users_table',1),(41,'2024_12_28_050500_rename_teacher_id_to_guru_id',1),(42,'2024_12_28_133700_create_prayer_attendances_table',1),(43,'2024_12_28_150000_create_career_guidances_table',1),(44,'2024_12_28_160000_create_assessments_table',1),(45,'2024_12_28_170000_create_teacher_schedules_table',1),(46,'2024_12_28_173049_create_student_permits_table',1),(47,'2024_12_28_174523_create_counselings_table',1),(48,'2024_12_28_174524_create_home_visits_table',1),(49,'2024_12_28_181349_add_user_id_to_students_table',1),(50,'2024_12_29_000001_create_class_attendances_table',1),(51,'2024_12_29_000002_create_extracurricular_attendances_table',1),(52,'2024_12_29_025501_create_imports_table',1),(53,'2024_12_31_110433_create_extracurricular_activities_table',1),(54,'2025_01_01_052724_create_extracurricular_student_table',1),(55,'2025_01_01_061911_add_is_active_to_school_years_table',1),(56,'2025_01_01_062308_create_filament_imports_table',1),(57,'2025_01_05_190339_create_menus_table',1),(58,'2025_01_05_193336_add_nip_and_phone_to_users_table',1),(59,'2025_01_06_093531_create_cache_table',1),(60,'2024_01_06_add_dispensasi_to_status_enum',2),(61,'2024_01_09_000000_rename_extracurricular_id_column',3),(62,'2024_01_09_000001_create_student_assessments_table',4),(63,'2024_01_09_000002_modify_student_assessments_table',5),(64,'2024_01_10_000001_add_guru_and_class_to_student_assessments',6),(65,'2024_01_07_create_backups_table',7);
/*!40000 ALTER TABLE `migrations` ENABLE KEYS */;
UNLOCK TABLES;
DROP TABLE IF EXISTS `model_has_permissions`;
/*!40101 SET @saved_cs_client     = @@character_set_client */;
/*!50503 SET character_set_client = utf8mb4 */;
CREATE TABLE `model_has_permissions` (
  `permission_id` bigint unsigned NOT NULL,
  `model_type` varchar(255) COLLATE utf8mb4_unicode_ci NOT NULL,
  `model_id` bigint unsigned NOT NULL,
  PRIMARY KEY (`permission_id`,`model_id`,`model_type`),
  KEY `model_has_permissions_model_id_model_type_index` (`model_id`,`model_type`),
  CONSTRAINT `model_has_permissions_permission_id_foreign` FOREIGN KEY (`permission_id`) REFERENCES `permissions` (`id`) ON DELETE CASCADE
) ENGINE=InnoDB DEFAULT CHARSET=utf8mb4 COLLATE=utf8mb4_unicode_ci;
/*!40101 SET character_set_client = @saved_cs_client */;

LOCK TABLES `model_has_permissions` WRITE;
/*!40000 ALTER TABLE `model_has_permissions` DISABLE KEYS */;
/*!40000 ALTER TABLE `model_has_permissions` ENABLE KEYS */;
UNLOCK TABLES;
DROP TABLE IF EXISTS `model_has_roles`;
/*!40101 SET @saved_cs_client     = @@character_set_client */;
/*!50503 SET character_set_client = utf8mb4 */;
CREATE TABLE `model_has_roles` (
  `role_id` bigint unsigned NOT NULL,
  `model_type` varchar(255) COLLATE utf8mb4_unicode_ci NOT NULL,
  `model_id` bigint unsigned NOT NULL,
  PRIMARY KEY (`role_id`,`model_id`,`model_type`),
  KEY `model_has_roles_model_id_model_type_index` (`model_id`,`model_type`),
  CONSTRAINT `model_has_roles_role_id_foreign` FOREIGN KEY (`role_id`) REFERENCES `roles` (`id`) ON DELETE CASCADE
) ENGINE=InnoDB DEFAULT CHARSET=utf8mb4 COLLATE=utf8mb4_unicode_ci;
/*!40101 SET character_set_client = @saved_cs_client */;

LOCK TABLES `model_has_roles` WRITE;
/*!40000 ALTER TABLE `model_has_roles` DISABLE KEYS */;
INSERT INTO `model_has_roles` VALUES (1,'App\\Models\\User',1),(1,'App\\Models\\User',2),(3,'App\\Models\\User',3),(3,'App\\Models\\User',4),(3,'App\\Models\\User',5),(3,'App\\Models\\User',6),(3,'App\\Models\\User',7),(3,'App\\Models\\User',8),(3,'App\\Models\\User',9),(3,'App\\Models\\User',10),(3,'App\\Models\\User',11),(3,'App\\Models\\User',12),(3,'App\\Models\\User',13),(3,'App\\Models\\User',14),(3,'App\\Models\\User',15),(3,'App\\Models\\User',16),(3,'App\\Models\\User',17),(3,'App\\Models\\User',18),(3,'App\\Models\\User',19),(3,'App\\Models\\User',20),(3,'App\\Models\\User',21),(3,'App\\Models\\User',22),(3,'App\\Models\\User',23),(3,'App\\Models\\User',24),(3,'App\\Models\\User',25),(3,'App\\Models\\User',26),(3,'App\\Models\\User',27),(3,'App\\Models\\User',28),(3,'App\\Models\\User',29),(3,'App\\Models\\User',30),(3,'App\\Models\\User',31),(3,'App\\Models\\User',32),(3,'App\\Models\\User',33),(3,'App\\Models\\User',34),(3,'App\\Models\\User',35),(3,'App\\Models\\User',36),(3,'App\\Models\\User',37),(3,'App\\Models\\User',38),(3,'App\\Models\\User',39),(3,'App\\Models\\User',40),(3,'App\\Models\\User',41),(3,'App\\Models\\User',42),(3,'App\\Models\\User',43),(3,'App\\Models\\User',44),(3,'App\\Models\\User',45),(3,'App\\Models\\User',46),(3,'App\\Models\\User',47),(3,'App\\Models\\User',48),(3,'App\\Models\\User',49),(3,'App\\Models\\User',50),(3,'App\\Models\\User',51),(3,'App\\Models\\User',52),(3,'App\\Models\\User',53),(3,'App\\Models\\User',54),(3,'App\\Models\\User',55),(3,'App\\Models\\User',56),(3,'App\\Models\\User',57),(3,'App\\Models\\User',58),(3,'App\\Models\\User',59),(3,'App\\Models\\User',60),(3,'App\\Models\\User',61),(3,'App\\Models\\User',62),(3,'App\\Models\\User',63),(3,'App\\Models\\User',64),(3,'App\\Models\\User',65),(3,'App\\Models\\User',66),(3,'App\\Models\\User',67),(3,'App\\Models\\User',68),(3,'App\\Models\\User',69),(3,'App\\Models\\User',70),(3,'App\\Models\\User',71),(3,'App\\Models\\User',72),(3,'App\\Models\\User',73),(3,'App\\Models\\User',74);
/*!40000 ALTER TABLE `model_has_roles` ENABLE KEYS */;
UNLOCK TABLES;
DROP TABLE IF EXISTS `mutations`;
/*!40101 SET @saved_cs_client     = @@character_set_client */;
/*!50503 SET character_set_client = utf8mb4 */;
CREATE TABLE `mutations` (
  `id` bigint unsigned NOT NULL AUTO_INCREMENT,
  `student_id` bigint unsigned NOT NULL,
  `tanggal` date NOT NULL,
  `jenis` enum('masuk','keluar') COLLATE utf8mb4_unicode_ci NOT NULL,
  `alasan` text COLLATE utf8mb4_unicode_ci NOT NULL,
  `sekolah_asal` varchar(255) COLLATE utf8mb4_unicode_ci DEFAULT NULL,
  `sekolah_tujuan` varchar(255) COLLATE utf8mb4_unicode_ci DEFAULT NULL,
  `status` enum('pending','approved','rejected') COLLATE utf8mb4_unicode_ci NOT NULL DEFAULT 'pending',
  `created_at` timestamp NULL DEFAULT NULL,
  `updated_at` timestamp NULL DEFAULT NULL,
  PRIMARY KEY (`id`),
  KEY `mutations_student_id_foreign` (`student_id`),
  CONSTRAINT `mutations_student_id_foreign` FOREIGN KEY (`student_id`) REFERENCES `users` (`id`) ON DELETE CASCADE
) ENGINE=InnoDB DEFAULT CHARSET=utf8mb4 COLLATE=utf8mb4_unicode_ci;
/*!40101 SET character_set_client = @saved_cs_client */;

LOCK TABLES `mutations` WRITE;
/*!40000 ALTER TABLE `mutations` DISABLE KEYS */;
/*!40000 ALTER TABLE `mutations` ENABLE KEYS */;
UNLOCK TABLES;
DROP TABLE IF EXISTS `notifications`;
/*!40101 SET @saved_cs_client     = @@character_set_client */;
/*!50503 SET character_set_client = utf8mb4 */;
CREATE TABLE `notifications` (
  `id` char(36) COLLATE utf8mb4_unicode_ci NOT NULL,
  `type` varchar(255) COLLATE utf8mb4_unicode_ci NOT NULL,
  `notifiable_type` varchar(255) COLLATE utf8mb4_unicode_ci NOT NULL,
  `notifiable_id` bigint unsigned NOT NULL,
  `data` text COLLATE utf8mb4_unicode_ci NOT NULL,
  `read_at` timestamp NULL DEFAULT NULL,
  `created_at` timestamp NULL DEFAULT NULL,
  `updated_at` timestamp NULL DEFAULT NULL,
  PRIMARY KEY (`id`),
  KEY `notifications_notifiable_type_notifiable_id_index` (`notifiable_type`,`notifiable_id`)
) ENGINE=InnoDB DEFAULT CHARSET=utf8mb4 COLLATE=utf8mb4_unicode_ci;
/*!40101 SET character_set_client = @saved_cs_client */;

LOCK TABLES `notifications` WRITE;
/*!40000 ALTER TABLE `notifications` DISABLE KEYS */;
/*!40000 ALTER TABLE `notifications` ENABLE KEYS */;
UNLOCK TABLES;
DROP TABLE IF EXISTS `offices`;
/*!40101 SET @saved_cs_client     = @@character_set_client */;
/*!50503 SET character_set_client = utf8mb4 */;
CREATE TABLE `offices` (
  `id` bigint unsigned NOT NULL AUTO_INCREMENT,
  `name` varchar(255) COLLATE utf8mb4_unicode_ci NOT NULL,
  `address` text COLLATE utf8mb4_unicode_ci,
  `latitude` double DEFAULT NULL,
  `longitude` double DEFAULT NULL,
  `created_at` timestamp NULL DEFAULT NULL,
  `updated_at` timestamp NULL DEFAULT NULL,
  `radius` int NOT NULL,
  PRIMARY KEY (`id`)
) ENGINE=InnoDB DEFAULT CHARSET=utf8mb4 COLLATE=utf8mb4_unicode_ci;
/*!40101 SET character_set_client = @saved_cs_client */;

LOCK TABLES `offices` WRITE;
/*!40000 ALTER TABLE `offices` DISABLE KEYS */;
/*!40000 ALTER TABLE `offices` ENABLE KEYS */;
UNLOCK TABLES;
DROP TABLE IF EXISTS `password_reset_tokens`;
/*!40101 SET @saved_cs_client     = @@character_set_client */;
/*!50503 SET character_set_client = utf8mb4 */;
CREATE TABLE `password_reset_tokens` (
  `email` varchar(255) COLLATE utf8mb4_unicode_ci NOT NULL,
  `token` varchar(255) COLLATE utf8mb4_unicode_ci NOT NULL,
  `created_at` timestamp NULL DEFAULT NULL,
  PRIMARY KEY (`email`)
) ENGINE=InnoDB DEFAULT CHARSET=utf8mb4 COLLATE=utf8mb4_unicode_ci;
/*!40101 SET character_set_client = @saved_cs_client */;

LOCK TABLES `password_reset_tokens` WRITE;
/*!40000 ALTER TABLE `password_reset_tokens` DISABLE KEYS */;
/*!40000 ALTER TABLE `password_reset_tokens` ENABLE KEYS */;
UNLOCK TABLES;
DROP TABLE IF EXISTS `permissions`;
/*!40101 SET @saved_cs_client     = @@character_set_client */;
/*!50503 SET character_set_client = utf8mb4 */;
CREATE TABLE `permissions` (
  `id` bigint unsigned NOT NULL AUTO_INCREMENT,
  `name` varchar(255) COLLATE utf8mb4_unicode_ci NOT NULL,
  `guard_name` varchar(255) COLLATE utf8mb4_unicode_ci NOT NULL,
  `created_at` timestamp NULL DEFAULT NULL,
  `updated_at` timestamp NULL DEFAULT NULL,
  PRIMARY KEY (`id`),
  UNIQUE KEY `permissions_name_guard_name_unique` (`name`,`guard_name`)
) ENGINE=InnoDB AUTO_INCREMENT=422 DEFAULT CHARSET=utf8mb4 COLLATE=utf8mb4_unicode_ci;
/*!40101 SET character_set_client = @saved_cs_client */;

LOCK TABLES `permissions` WRITE;
/*!40000 ALTER TABLE `permissions` DISABLE KEYS */;
INSERT INTO `permissions` VALUES (1,'view_users','web','2025-01-06 12:21:36','2025-01-06 12:21:36'),(2,'create_users','web','2025-01-06 12:21:36','2025-01-06 12:21:36'),(3,'edit_users','web','2025-01-06 12:21:36','2025-01-06 12:21:36'),(4,'delete_users','web','2025-01-06 12:21:36','2025-01-06 12:21:36'),(5,'view_any_student','web','2025-01-06 12:21:36','2025-01-06 12:21:36'),(6,'view_student','web','2025-01-06 12:21:36','2025-01-06 12:21:36'),(7,'create_student','web','2025-01-06 12:21:36','2025-01-06 12:21:36'),(8,'update_student','web','2025-01-06 12:21:36','2025-01-06 12:21:36'),(9,'delete_student','web','2025-01-06 12:21:36','2025-01-06 12:21:36'),(10,'import_student','web','2025-01-06 12:21:36','2025-01-06 12:21:36'),(11,'export_student','web','2025-01-06 12:21:36','2025-01-06 12:21:36'),(12,'view_any_guru','web','2025-01-06 12:21:36','2025-01-06 12:21:36'),(13,'view_guru','web','2025-01-06 12:21:36','2025-01-06 12:21:36'),(14,'create_guru','web','2025-01-06 12:21:36','2025-01-06 12:21:36'),(15,'update_guru','web','2025-01-06 12:21:36','2025-01-06 12:21:36'),(16,'delete_guru','web','2025-01-06 12:21:36','2025-01-06 12:21:36'),(17,'import_guru','web','2025-01-06 12:21:36','2025-01-06 12:21:36'),(18,'export_guru','web','2025-01-06 12:21:36','2025-01-06 12:21:36'),(19,'view_assessment','web','2025-01-06 12:22:13','2025-01-06 12:22:13'),(20,'view_any_assessment','web','2025-01-06 12:22:13','2025-01-06 12:22:13'),(21,'create_assessment','web','2025-01-06 12:22:13','2025-01-06 12:22:13'),(22,'update_assessment','web','2025-01-06 12:22:13','2025-01-06 12:22:13'),(23,'restore_assessment','web','2025-01-06 12:22:13','2025-01-06 12:22:13'),(24,'restore_any_assessment','web','2025-01-06 12:22:13','2025-01-06 12:22:13'),(25,'replicate_assessment','web','2025-01-06 12:22:13','2025-01-06 12:22:13'),(26,'reorder_assessment','web','2025-01-06 12:22:13','2025-01-06 12:22:13'),(27,'delete_assessment','web','2025-01-06 12:22:13','2025-01-06 12:22:13'),(28,'delete_any_assessment','web','2025-01-06 12:22:13','2025-01-06 12:22:13'),(29,'force_delete_assessment','web','2025-01-06 12:22:13','2025-01-06 12:22:13'),(30,'force_delete_any_assessment','web','2025-01-06 12:22:13','2025-01-06 12:22:13'),(31,'view_attendance','web','2025-01-06 12:22:13','2025-01-06 12:22:13'),(32,'view_any_attendance','web','2025-01-06 12:22:13','2025-01-06 12:22:13'),(33,'create_attendance','web','2025-01-06 12:22:13','2025-01-06 12:22:13'),(34,'update_attendance','web','2025-01-06 12:22:13','2025-01-06 12:22:13'),(35,'restore_attendance','web','2025-01-06 12:22:13','2025-01-06 12:22:13'),(36,'restore_any_attendance','web','2025-01-06 12:22:13','2025-01-06 12:22:13'),(37,'replicate_attendance','web','2025-01-06 12:22:13','2025-01-06 12:22:13'),(38,'reorder_attendance','web','2025-01-06 12:22:13','2025-01-06 12:22:13'),(39,'delete_attendance','web','2025-01-06 12:22:13','2025-01-06 12:22:13'),(40,'delete_any_attendance','web','2025-01-06 12:22:13','2025-01-06 12:22:13'),(41,'force_delete_attendance','web','2025-01-06 12:22:13','2025-01-06 12:22:13'),(42,'force_delete_any_attendance','web','2025-01-06 12:22:13','2025-01-06 12:22:13'),(43,'view_attendance::recap','web','2025-01-06 12:22:13','2025-01-06 12:22:13'),(44,'view_any_attendance::recap','web','2025-01-06 12:22:13','2025-01-06 12:22:13'),(45,'create_attendance::recap','web','2025-01-06 12:22:13','2025-01-06 12:22:13'),(46,'update_attendance::recap','web','2025-01-06 12:22:13','2025-01-06 12:22:13'),(47,'restore_attendance::recap','web','2025-01-06 12:22:13','2025-01-06 12:22:13'),(48,'restore_any_attendance::recap','web','2025-01-06 12:22:13','2025-01-06 12:22:13'),(49,'replicate_attendance::recap','web','2025-01-06 12:22:13','2025-01-06 12:22:13'),(50,'reorder_attendance::recap','web','2025-01-06 12:22:13','2025-01-06 12:22:13'),(51,'delete_attendance::recap','web','2025-01-06 12:22:14','2025-01-06 12:22:14'),(52,'delete_any_attendance::recap','web','2025-01-06 12:22:14','2025-01-06 12:22:14'),(53,'force_delete_attendance::recap','web','2025-01-06 12:22:14','2025-01-06 12:22:14'),(54,'force_delete_any_attendance::recap','web','2025-01-06 12:22:14','2025-01-06 12:22:14'),(55,'view_career::guidance','web','2025-01-06 12:22:14','2025-01-06 12:22:14'),(56,'view_any_career::guidance','web','2025-01-06 12:22:14','2025-01-06 12:22:14'),(57,'create_career::guidance','web','2025-01-06 12:22:14','2025-01-06 12:22:14'),(58,'update_career::guidance','web','2025-01-06 12:22:14','2025-01-06 12:22:14'),(59,'restore_career::guidance','web','2025-01-06 12:22:14','2025-01-06 12:22:14'),(60,'restore_any_career::guidance','web','2025-01-06 12:22:14','2025-01-06 12:22:14'),(61,'replicate_career::guidance','web','2025-01-06 12:22:14','2025-01-06 12:22:14'),(62,'reorder_career::guidance','web','2025-01-06 12:22:14','2025-01-06 12:22:14'),(63,'delete_career::guidance','web','2025-01-06 12:22:14','2025-01-06 12:22:14'),(64,'delete_any_career::guidance','web','2025-01-06 12:22:14','2025-01-06 12:22:14'),(65,'force_delete_career::guidance','web','2025-01-06 12:22:14','2025-01-06 12:22:14'),(66,'force_delete_any_career::guidance','web','2025-01-06 12:22:14','2025-01-06 12:22:14'),(67,'view_class::attendance','web','2025-01-06 12:22:14','2025-01-06 12:22:14'),(68,'view_any_class::attendance','web','2025-01-06 12:22:14','2025-01-06 12:22:14'),(69,'create_class::attendance','web','2025-01-06 12:22:14','2025-01-06 12:22:14'),(70,'update_class::attendance','web','2025-01-06 12:22:14','2025-01-06 12:22:14'),(71,'restore_class::attendance','web','2025-01-06 12:22:14','2025-01-06 12:22:14'),(72,'restore_any_class::attendance','web','2025-01-06 12:22:14','2025-01-06 12:22:14'),(73,'replicate_class::attendance','web','2025-01-06 12:22:14','2025-01-06 12:22:14'),(74,'reorder_class::attendance','web','2025-01-06 12:22:14','2025-01-06 12:22:14'),(75,'delete_class::attendance','web','2025-01-06 12:22:14','2025-01-06 12:22:14'),(76,'delete_any_class::attendance','web','2025-01-06 12:22:14','2025-01-06 12:22:14'),(77,'force_delete_class::attendance','web','2025-01-06 12:22:14','2025-01-06 12:22:14'),(78,'force_delete_any_class::attendance','web','2025-01-06 12:22:14','2025-01-06 12:22:14'),(79,'view_class::room','web','2025-01-06 12:22:14','2025-01-06 12:22:14'),(80,'view_any_class::room','web','2025-01-06 12:22:14','2025-01-06 12:22:14'),(81,'create_class::room','web','2025-01-06 12:22:14','2025-01-06 12:22:14'),(82,'update_class::room','web','2025-01-06 12:22:14','2025-01-06 12:22:14'),(83,'restore_class::room','web','2025-01-06 12:22:14','2025-01-06 12:22:14'),(84,'restore_any_class::room','web','2025-01-06 12:22:14','2025-01-06 12:22:14'),(85,'replicate_class::room','web','2025-01-06 12:22:14','2025-01-06 12:22:14'),(86,'reorder_class::room','web','2025-01-06 12:22:14','2025-01-06 12:22:14'),(87,'delete_class::room','web','2025-01-06 12:22:14','2025-01-06 12:22:14'),(88,'delete_any_class::room','web','2025-01-06 12:22:14','2025-01-06 12:22:14'),(89,'force_delete_class::room','web','2025-01-06 12:22:14','2025-01-06 12:22:14'),(90,'force_delete_any_class::room','web','2025-01-06 12:22:14','2025-01-06 12:22:14'),(91,'view_counseling','web','2025-01-06 12:22:14','2025-01-06 12:22:14'),(92,'view_any_counseling','web','2025-01-06 12:22:14','2025-01-06 12:22:14'),(93,'create_counseling','web','2025-01-06 12:22:14','2025-01-06 12:22:14'),(94,'update_counseling','web','2025-01-06 12:22:14','2025-01-06 12:22:14'),(95,'restore_counseling','web','2025-01-06 12:22:14','2025-01-06 12:22:14'),(96,'restore_any_counseling','web','2025-01-06 12:22:14','2025-01-06 12:22:14'),(97,'replicate_counseling','web','2025-01-06 12:22:14','2025-01-06 12:22:14'),(98,'reorder_counseling','web','2025-01-06 12:22:14','2025-01-06 12:22:14'),(99,'delete_counseling','web','2025-01-06 12:22:14','2025-01-06 12:22:14'),(100,'delete_any_counseling','web','2025-01-06 12:22:14','2025-01-06 12:22:14'),(101,'force_delete_counseling','web','2025-01-06 12:22:14','2025-01-06 12:22:14'),(102,'force_delete_any_counseling','web','2025-01-06 12:22:14','2025-01-06 12:22:14'),(103,'view_department','web','2025-01-06 12:22:14','2025-01-06 12:22:14'),(104,'view_any_department','web','2025-01-06 12:22:14','2025-01-06 12:22:14'),(105,'create_department','web','2025-01-06 12:22:14','2025-01-06 12:22:14'),(106,'update_department','web','2025-01-06 12:22:14','2025-01-06 12:22:14'),(107,'restore_department','web','2025-01-06 12:22:14','2025-01-06 12:22:14'),(108,'restore_any_department','web','2025-01-06 12:22:14','2025-01-06 12:22:14'),(109,'replicate_department','web','2025-01-06 12:22:14','2025-01-06 12:22:14'),(110,'reorder_department','web','2025-01-06 12:22:14','2025-01-06 12:22:14'),(111,'delete_department','web','2025-01-06 12:22:14','2025-01-06 12:22:14'),(112,'delete_any_department','web','2025-01-06 12:22:14','2025-01-06 12:22:14'),(113,'force_delete_department','web','2025-01-06 12:22:14','2025-01-06 12:22:14'),(114,'force_delete_any_department','web','2025-01-06 12:22:14','2025-01-06 12:22:14'),(115,'view_extracurricular','web','2025-01-06 12:22:14','2025-01-06 12:22:14'),(116,'view_any_extracurricular','web','2025-01-06 12:22:14','2025-01-06 12:22:14'),(117,'create_extracurricular','web','2025-01-06 12:22:14','2025-01-06 12:22:14'),(118,'update_extracurricular','web','2025-01-06 12:22:14','2025-01-06 12:22:14'),(119,'restore_extracurricular','web','2025-01-06 12:22:14','2025-01-06 12:22:14'),(120,'restore_any_extracurricular','web','2025-01-06 12:22:14','2025-01-06 12:22:14'),(121,'replicate_extracurricular','web','2025-01-06 12:22:14','2025-01-06 12:22:14'),(122,'reorder_extracurricular','web','2025-01-06 12:22:14','2025-01-06 12:22:14'),(123,'delete_extracurricular','web','2025-01-06 12:22:14','2025-01-06 12:22:14'),(124,'delete_any_extracurricular','web','2025-01-06 12:22:14','2025-01-06 12:22:14'),(125,'force_delete_extracurricular','web','2025-01-06 12:22:14','2025-01-06 12:22:14'),(126,'force_delete_any_extracurricular','web','2025-01-06 12:22:14','2025-01-06 12:22:14'),(127,'view_extracurricular::activity','web','2025-01-06 12:22:14','2025-01-06 12:22:14'),(128,'view_any_extracurricular::activity','web','2025-01-06 12:22:14','2025-01-06 12:22:14'),(129,'create_extracurricular::activity','web','2025-01-06 12:22:14','2025-01-06 12:22:14'),(130,'update_extracurricular::activity','web','2025-01-06 12:22:14','2025-01-06 12:22:14'),(131,'restore_extracurricular::activity','web','2025-01-06 12:22:14','2025-01-06 12:22:14'),(132,'restore_any_extracurricular::activity','web','2025-01-06 12:22:14','2025-01-06 12:22:14'),(133,'replicate_extracurricular::activity','web','2025-01-06 12:22:14','2025-01-06 12:22:14'),(134,'reorder_extracurricular::activity','web','2025-01-06 12:22:15','2025-01-06 12:22:15'),(135,'delete_extracurricular::activity','web','2025-01-06 12:22:15','2025-01-06 12:22:15'),(136,'delete_any_extracurricular::activity','web','2025-01-06 12:22:15','2025-01-06 12:22:15'),(137,'force_delete_extracurricular::activity','web','2025-01-06 12:22:15','2025-01-06 12:22:15'),(138,'force_delete_any_extracurricular::activity','web','2025-01-06 12:22:15','2025-01-06 12:22:15'),(139,'restore_guru','web','2025-01-06 12:22:15','2025-01-06 12:22:15'),(140,'restore_any_guru','web','2025-01-06 12:22:15','2025-01-06 12:22:15'),(141,'replicate_guru','web','2025-01-06 12:22:15','2025-01-06 12:22:15'),(142,'reorder_guru','web','2025-01-06 12:22:15','2025-01-06 12:22:15'),(143,'delete_any_guru','web','2025-01-06 12:22:15','2025-01-06 12:22:15'),(144,'force_delete_guru','web','2025-01-06 12:22:15','2025-01-06 12:22:15'),(145,'force_delete_any_guru','web','2025-01-06 12:22:15','2025-01-06 12:22:15'),(146,'view_guru::activity','web','2025-01-06 12:22:15','2025-01-06 12:22:15'),(147,'view_any_guru::activity','web','2025-01-06 12:22:15','2025-01-06 12:22:15'),(148,'create_guru::activity','web','2025-01-06 12:22:15','2025-01-06 12:22:15'),(149,'update_guru::activity','web','2025-01-06 12:22:15','2025-01-06 12:22:15'),(150,'restore_guru::activity','web','2025-01-06 12:22:15','2025-01-06 12:22:15'),(151,'restore_any_guru::activity','web','2025-01-06 12:22:15','2025-01-06 12:22:15'),(152,'replicate_guru::activity','web','2025-01-06 12:22:15','2025-01-06 12:22:15'),(153,'reorder_guru::activity','web','2025-01-06 12:22:15','2025-01-06 12:22:15'),(154,'delete_guru::activity','web','2025-01-06 12:22:15','2025-01-06 12:22:15'),(155,'delete_any_guru::activity','web','2025-01-06 12:22:15','2025-01-06 12:22:15'),(156,'force_delete_guru::activity','web','2025-01-06 12:22:15','2025-01-06 12:22:15'),(157,'force_delete_any_guru::activity','web','2025-01-06 12:22:15','2025-01-06 12:22:15'),(158,'view_home::visit','web','2025-01-06 12:22:15','2025-01-06 12:22:15'),(159,'view_any_home::visit','web','2025-01-06 12:22:15','2025-01-06 12:22:15'),(160,'create_home::visit','web','2025-01-06 12:22:15','2025-01-06 12:22:15'),(161,'update_home::visit','web','2025-01-06 12:22:15','2025-01-06 12:22:15'),(162,'restore_home::visit','web','2025-01-06 12:22:15','2025-01-06 12:22:15'),(163,'restore_any_home::visit','web','2025-01-06 12:22:15','2025-01-06 12:22:15'),(164,'replicate_home::visit','web','2025-01-06 12:22:15','2025-01-06 12:22:15'),(165,'reorder_home::visit','web','2025-01-06 12:22:15','2025-01-06 12:22:15'),(166,'delete_home::visit','web','2025-01-06 12:22:15','2025-01-06 12:22:15'),(167,'delete_any_home::visit','web','2025-01-06 12:22:15','2025-01-06 12:22:15'),(168,'force_delete_home::visit','web','2025-01-06 12:22:15','2025-01-06 12:22:15'),(169,'force_delete_any_home::visit','web','2025-01-06 12:22:15','2025-01-06 12:22:15'),(170,'view_journal','web','2025-01-06 12:22:15','2025-01-06 12:22:15'),(171,'view_any_journal','web','2025-01-06 12:22:15','2025-01-06 12:22:15'),(172,'create_journal','web','2025-01-06 12:22:15','2025-01-06 12:22:15'),(173,'update_journal','web','2025-01-06 12:22:15','2025-01-06 12:22:15'),(174,'restore_journal','web','2025-01-06 12:22:15','2025-01-06 12:22:15'),(175,'restore_any_journal','web','2025-01-06 12:22:15','2025-01-06 12:22:15'),(176,'replicate_journal','web','2025-01-06 12:22:15','2025-01-06 12:22:15'),(177,'reorder_journal','web','2025-01-06 12:22:15','2025-01-06 12:22:15'),(178,'delete_journal','web','2025-01-06 12:22:15','2025-01-06 12:22:15'),(179,'delete_any_journal','web','2025-01-06 12:22:15','2025-01-06 12:22:15'),(180,'force_delete_journal','web','2025-01-06 12:22:15','2025-01-06 12:22:15'),(181,'force_delete_any_journal','web','2025-01-06 12:22:15','2025-01-06 12:22:15'),(182,'view_jurnal::pkl','web','2025-01-06 12:22:15','2025-01-06 12:22:15'),(183,'view_any_jurnal::pkl','web','2025-01-06 12:22:15','2025-01-06 12:22:15'),(184,'create_jurnal::pkl','web','2025-01-06 12:22:15','2025-01-06 12:22:15'),(185,'update_jurnal::pkl','web','2025-01-06 12:22:15','2025-01-06 12:22:15'),(186,'restore_jurnal::pkl','web','2025-01-06 12:22:15','2025-01-06 12:22:15'),(187,'restore_any_jurnal::pkl','web','2025-01-06 12:22:15','2025-01-06 12:22:15'),(188,'replicate_jurnal::pkl','web','2025-01-06 12:22:15','2025-01-06 12:22:15'),(189,'reorder_jurnal::pkl','web','2025-01-06 12:22:15','2025-01-06 12:22:15'),(190,'delete_jurnal::pkl','web','2025-01-06 12:22:15','2025-01-06 12:22:15'),(191,'delete_any_jurnal::pkl','web','2025-01-06 12:22:15','2025-01-06 12:22:15'),(192,'force_delete_jurnal::pkl','web','2025-01-06 12:22:15','2025-01-06 12:22:15'),(193,'force_delete_any_jurnal::pkl','web','2025-01-06 12:22:15','2025-01-06 12:22:15'),(194,'view_leave','web','2025-01-06 12:22:15','2025-01-06 12:22:15'),(195,'view_any_leave','web','2025-01-06 12:22:15','2025-01-06 12:22:15'),(196,'create_leave','web','2025-01-06 12:22:15','2025-01-06 12:22:15'),(197,'update_leave','web','2025-01-06 12:22:15','2025-01-06 12:22:15'),(198,'restore_leave','web','2025-01-06 12:22:15','2025-01-06 12:22:15'),(199,'restore_any_leave','web','2025-01-06 12:22:15','2025-01-06 12:22:15'),(200,'replicate_leave','web','2025-01-06 12:22:15','2025-01-06 12:22:15'),(201,'reorder_leave','web','2025-01-06 12:22:15','2025-01-06 12:22:15'),(202,'delete_leave','web','2025-01-06 12:22:15','2025-01-06 12:22:15'),(203,'delete_any_leave','web','2025-01-06 12:22:15','2025-01-06 12:22:15'),(204,'force_delete_leave','web','2025-01-06 12:22:15','2025-01-06 12:22:15'),(205,'force_delete_any_leave','web','2025-01-06 12:22:15','2025-01-06 12:22:15'),(206,'view_major','web','2025-01-06 12:22:15','2025-01-06 12:22:15'),(207,'view_any_major','web','2025-01-06 12:22:15','2025-01-06 12:22:15'),(208,'create_major','web','2025-01-06 12:22:15','2025-01-06 12:22:15'),(209,'update_major','web','2025-01-06 12:22:15','2025-01-06 12:22:15'),(210,'restore_major','web','2025-01-06 12:22:15','2025-01-06 12:22:15'),(211,'restore_any_major','web','2025-01-06 12:22:15','2025-01-06 12:22:15'),(212,'replicate_major','web','2025-01-06 12:22:15','2025-01-06 12:22:15'),(213,'reorder_major','web','2025-01-06 12:22:15','2025-01-06 12:22:15'),(214,'delete_major','web','2025-01-06 12:22:15','2025-01-06 12:22:15'),(215,'delete_any_major','web','2025-01-06 12:22:15','2025-01-06 12:22:15'),(216,'force_delete_major','web','2025-01-06 12:22:15','2025-01-06 12:22:15'),(217,'force_delete_any_major','web','2025-01-06 12:22:15','2025-01-06 12:22:15'),(218,'view_mutation','web','2025-01-06 12:22:16','2025-01-06 12:22:16'),(219,'view_any_mutation','web','2025-01-06 12:22:16','2025-01-06 12:22:16'),(220,'create_mutation','web','2025-01-06 12:22:16','2025-01-06 12:22:16'),(221,'update_mutation','web','2025-01-06 12:22:16','2025-01-06 12:22:16'),(222,'restore_mutation','web','2025-01-06 12:22:16','2025-01-06 12:22:16'),(223,'restore_any_mutation','web','2025-01-06 12:22:16','2025-01-06 12:22:16'),(224,'replicate_mutation','web','2025-01-06 12:22:16','2025-01-06 12:22:16'),(225,'reorder_mutation','web','2025-01-06 12:22:16','2025-01-06 12:22:16'),(226,'delete_mutation','web','2025-01-06 12:22:16','2025-01-06 12:22:16'),(227,'delete_any_mutation','web','2025-01-06 12:22:16','2025-01-06 12:22:16'),(228,'force_delete_mutation','web','2025-01-06 12:22:16','2025-01-06 12:22:16'),(229,'force_delete_any_mutation','web','2025-01-06 12:22:16','2025-01-06 12:22:16'),(230,'view_office','web','2025-01-06 12:22:16','2025-01-06 12:22:16'),(231,'view_any_office','web','2025-01-06 12:22:16','2025-01-06 12:22:16'),(232,'create_office','web','2025-01-06 12:22:16','2025-01-06 12:22:16'),(233,'update_office','web','2025-01-06 12:22:16','2025-01-06 12:22:16'),(234,'restore_office','web','2025-01-06 12:22:16','2025-01-06 12:22:16'),(235,'restore_any_office','web','2025-01-06 12:22:16','2025-01-06 12:22:16'),(236,'replicate_office','web','2025-01-06 12:22:16','2025-01-06 12:22:16'),(237,'reorder_office','web','2025-01-06 12:22:16','2025-01-06 12:22:16'),(238,'delete_office','web','2025-01-06 12:22:16','2025-01-06 12:22:16'),(239,'delete_any_office','web','2025-01-06 12:22:16','2025-01-06 12:22:16'),(240,'force_delete_office','web','2025-01-06 12:22:16','2025-01-06 12:22:16'),(241,'force_delete_any_office','web','2025-01-06 12:22:16','2025-01-06 12:22:16'),(242,'view_pkl::internship','web','2025-01-06 12:22:16','2025-01-06 12:22:16'),(243,'view_any_pkl::internship','web','2025-01-06 12:22:16','2025-01-06 12:22:16'),(244,'create_pkl::internship','web','2025-01-06 12:22:16','2025-01-06 12:22:16'),(245,'update_pkl::internship','web','2025-01-06 12:22:16','2025-01-06 12:22:16'),(246,'restore_pkl::internship','web','2025-01-06 12:22:16','2025-01-06 12:22:16'),(247,'restore_any_pkl::internship','web','2025-01-06 12:22:16','2025-01-06 12:22:16'),(248,'replicate_pkl::internship','web','2025-01-06 12:22:16','2025-01-06 12:22:16'),(249,'reorder_pkl::internship','web','2025-01-06 12:22:16','2025-01-06 12:22:16'),(250,'delete_pkl::internship','web','2025-01-06 12:22:16','2025-01-06 12:22:16'),(251,'delete_any_pkl::internship','web','2025-01-06 12:22:16','2025-01-06 12:22:16'),(252,'force_delete_pkl::internship','web','2025-01-06 12:22:16','2025-01-06 12:22:16'),(253,'force_delete_any_pkl::internship','web','2025-01-06 12:22:16','2025-01-06 12:22:16'),(254,'view_prayer::attendance','web','2025-01-06 12:22:16','2025-01-06 12:22:16'),(255,'view_any_prayer::attendance','web','2025-01-06 12:22:16','2025-01-06 12:22:16'),(256,'create_prayer::attendance','web','2025-01-06 12:22:16','2025-01-06 12:22:16'),(257,'update_prayer::attendance','web','2025-01-06 12:22:16','2025-01-06 12:22:16'),(258,'restore_prayer::attendance','web','2025-01-06 12:22:16','2025-01-06 12:22:16'),(259,'restore_any_prayer::attendance','web','2025-01-06 12:22:16','2025-01-06 12:22:16'),(260,'replicate_prayer::attendance','web','2025-01-06 12:22:16','2025-01-06 12:22:16'),(261,'reorder_prayer::attendance','web','2025-01-06 12:22:16','2025-01-06 12:22:16'),(262,'delete_prayer::attendance','web','2025-01-06 12:22:16','2025-01-06 12:22:16'),(263,'delete_any_prayer::attendance','web','2025-01-06 12:22:16','2025-01-06 12:22:16'),(264,'force_delete_prayer::attendance','web','2025-01-06 12:22:16','2025-01-06 12:22:16'),(265,'force_delete_any_prayer::attendance','web','2025-01-06 12:22:16','2025-01-06 12:22:16'),(266,'view_role','web','2025-01-06 12:22:16','2025-01-06 12:22:16'),(267,'view_any_role','web','2025-01-06 12:22:16','2025-01-06 12:22:16'),(268,'create_role','web','2025-01-06 12:22:16','2025-01-06 12:22:16'),(269,'update_role','web','2025-01-06 12:22:16','2025-01-06 12:22:16'),(270,'delete_role','web','2025-01-06 12:22:16','2025-01-06 12:22:16'),(271,'delete_any_role','web','2025-01-06 12:22:16','2025-01-06 12:22:16'),(272,'view_schedule','web','2025-01-06 12:22:16','2025-01-06 12:22:16'),(273,'view_any_schedule','web','2025-01-06 12:22:16','2025-01-06 12:22:16'),(274,'create_schedule','web','2025-01-06 12:22:16','2025-01-06 12:22:16'),(275,'update_schedule','web','2025-01-06 12:22:16','2025-01-06 12:22:16'),(276,'restore_schedule','web','2025-01-06 12:22:16','2025-01-06 12:22:16'),(277,'restore_any_schedule','web','2025-01-06 12:22:16','2025-01-06 12:22:16'),(278,'replicate_schedule','web','2025-01-06 12:22:16','2025-01-06 12:22:16'),(279,'reorder_schedule','web','2025-01-06 12:22:16','2025-01-06 12:22:16'),(280,'delete_schedule','web','2025-01-06 12:22:16','2025-01-06 12:22:16'),(281,'delete_any_schedule','web','2025-01-06 12:22:16','2025-01-06 12:22:16'),(282,'force_delete_schedule','web','2025-01-06 12:22:16','2025-01-06 12:22:16'),(283,'force_delete_any_schedule','web','2025-01-06 12:22:16','2025-01-06 12:22:16'),(284,'view_school::year','web','2025-01-06 12:22:16','2025-01-06 12:22:16'),(285,'view_any_school::year','web','2025-01-06 12:22:16','2025-01-06 12:22:16'),(286,'create_school::year','web','2025-01-06 12:22:16','2025-01-06 12:22:16'),(287,'update_school::year','web','2025-01-06 12:22:16','2025-01-06 12:22:16'),(288,'restore_school::year','web','2025-01-06 12:22:16','2025-01-06 12:22:16'),(289,'restore_any_school::year','web','2025-01-06 12:22:16','2025-01-06 12:22:16'),(290,'replicate_school::year','web','2025-01-06 12:22:16','2025-01-06 12:22:16'),(291,'reorder_school::year','web','2025-01-06 12:22:16','2025-01-06 12:22:16'),(292,'delete_school::year','web','2025-01-06 12:22:16','2025-01-06 12:22:16'),(293,'delete_any_school::year','web','2025-01-06 12:22:16','2025-01-06 12:22:16'),(294,'force_delete_school::year','web','2025-01-06 12:22:16','2025-01-06 12:22:16'),(295,'force_delete_any_school::year','web','2025-01-06 12:22:16','2025-01-06 12:22:16'),(296,'view_shift','web','2025-01-06 12:22:16','2025-01-06 12:22:16'),(297,'view_any_shift','web','2025-01-06 12:22:16','2025-01-06 12:22:16'),(298,'create_shift','web','2025-01-06 12:22:16','2025-01-06 12:22:16'),(299,'update_shift','web','2025-01-06 12:22:16','2025-01-06 12:22:16'),(300,'restore_shift','web','2025-01-06 12:22:16','2025-01-06 12:22:16'),(301,'restore_any_shift','web','2025-01-06 12:22:16','2025-01-06 12:22:16'),(302,'replicate_shift','web','2025-01-06 12:22:16','2025-01-06 12:22:16'),(303,'reorder_shift','web','2025-01-06 12:22:16','2025-01-06 12:22:16'),(304,'delete_shift','web','2025-01-06 12:22:16','2025-01-06 12:22:16'),(305,'delete_any_shift','web','2025-01-06 12:22:16','2025-01-06 12:22:16'),(306,'force_delete_shift','web','2025-01-06 12:22:16','2025-01-06 12:22:16'),(307,'force_delete_any_shift','web','2025-01-06 12:22:16','2025-01-06 12:22:16'),(308,'restore_student','web','2025-01-06 12:22:17','2025-01-06 12:22:17'),(309,'restore_any_student','web','2025-01-06 12:22:17','2025-01-06 12:22:17'),(310,'replicate_student','web','2025-01-06 12:22:17','2025-01-06 12:22:17'),(311,'reorder_student','web','2025-01-06 12:22:17','2025-01-06 12:22:17'),(312,'delete_any_student','web','2025-01-06 12:22:17','2025-01-06 12:22:17'),(313,'force_delete_student','web','2025-01-06 12:22:17','2025-01-06 12:22:17'),(314,'force_delete_any_student','web','2025-01-06 12:22:17','2025-01-06 12:22:17'),(315,'view_student::permit','web','2025-01-06 12:22:17','2025-01-06 12:22:17'),(316,'view_any_student::permit','web','2025-01-06 12:22:17','2025-01-06 12:22:17'),(317,'create_student::permit','web','2025-01-06 12:22:17','2025-01-06 12:22:17'),(318,'update_student::permit','web','2025-01-06 12:22:17','2025-01-06 12:22:17'),(319,'restore_student::permit','web','2025-01-06 12:22:17','2025-01-06 12:22:17'),(320,'restore_any_student::permit','web','2025-01-06 12:22:17','2025-01-06 12:22:17'),(321,'replicate_student::permit','web','2025-01-06 12:22:17','2025-01-06 12:22:17'),(322,'reorder_student::permit','web','2025-01-06 12:22:17','2025-01-06 12:22:17'),(323,'delete_student::permit','web','2025-01-06 12:22:17','2025-01-06 12:22:17'),(324,'delete_any_student::permit','web','2025-01-06 12:22:17','2025-01-06 12:22:17'),(325,'force_delete_student::permit','web','2025-01-06 12:22:17','2025-01-06 12:22:17'),(326,'force_delete_any_student::permit','web','2025-01-06 12:22:17','2025-01-06 12:22:17'),(327,'view_teacher::schedule','web','2025-01-06 12:22:17','2025-01-06 12:22:17'),(328,'view_any_teacher::schedule','web','2025-01-06 12:22:17','2025-01-06 12:22:17'),(329,'create_teacher::schedule','web','2025-01-06 12:22:17','2025-01-06 12:22:17'),(330,'update_teacher::schedule','web','2025-01-06 12:22:17','2025-01-06 12:22:17'),(331,'restore_teacher::schedule','web','2025-01-06 12:22:17','2025-01-06 12:22:17'),(332,'restore_any_teacher::schedule','web','2025-01-06 12:22:17','2025-01-06 12:22:17'),(333,'replicate_teacher::schedule','web','2025-01-06 12:22:17','2025-01-06 12:22:17'),(334,'reorder_teacher::schedule','web','2025-01-06 12:22:17','2025-01-06 12:22:17'),(335,'delete_teacher::schedule','web','2025-01-06 12:22:17','2025-01-06 12:22:17'),(336,'delete_any_teacher::schedule','web','2025-01-06 12:22:17','2025-01-06 12:22:17'),(337,'force_delete_teacher::schedule','web','2025-01-06 12:22:17','2025-01-06 12:22:17'),(338,'force_delete_any_teacher::schedule','web','2025-01-06 12:22:17','2025-01-06 12:22:17'),(339,'view_teaching::activity','web','2025-01-06 12:22:17','2025-01-06 12:22:17'),(340,'view_any_teaching::activity','web','2025-01-06 12:22:17','2025-01-06 12:22:17'),(341,'create_teaching::activity','web','2025-01-06 12:22:17','2025-01-06 12:22:17'),(342,'update_teaching::activity','web','2025-01-06 12:22:17','2025-01-06 12:22:17'),(343,'restore_teaching::activity','web','2025-01-06 12:22:17','2025-01-06 12:22:17'),(344,'restore_any_teaching::activity','web','2025-01-06 12:22:17','2025-01-06 12:22:17'),(345,'replicate_teaching::activity','web','2025-01-06 12:22:17','2025-01-06 12:22:17'),(346,'reorder_teaching::activity','web','2025-01-06 12:22:17','2025-01-06 12:22:17'),(347,'delete_teaching::activity','web','2025-01-06 12:22:17','2025-01-06 12:22:17'),(348,'delete_any_teaching::activity','web','2025-01-06 12:22:17','2025-01-06 12:22:17'),(349,'force_delete_teaching::activity','web','2025-01-06 12:22:17','2025-01-06 12:22:17'),(350,'force_delete_any_teaching::activity','web','2025-01-06 12:22:17','2025-01-06 12:22:17'),(351,'view_user','web','2025-01-06 12:22:17','2025-01-06 12:22:17'),(352,'view_any_user','web','2025-01-06 12:22:17','2025-01-06 12:22:17'),(353,'create_user','web','2025-01-06 12:22:17','2025-01-06 12:22:17'),(354,'update_user','web','2025-01-06 12:22:17','2025-01-06 12:22:17'),(355,'restore_user','web','2025-01-06 12:22:17','2025-01-06 12:22:17'),(356,'restore_any_user','web','2025-01-06 12:22:17','2025-01-06 12:22:17'),(357,'replicate_user','web','2025-01-06 12:22:17','2025-01-06 12:22:17'),(358,'reorder_user','web','2025-01-06 12:22:17','2025-01-06 12:22:17'),(359,'delete_user','web','2025-01-06 12:22:17','2025-01-06 12:22:17'),(360,'delete_any_user','web','2025-01-06 12:22:17','2025-01-06 12:22:17'),(361,'force_delete_user','web','2025-01-06 12:22:17','2025-01-06 12:22:17'),(362,'force_delete_any_user','web','2025-01-06 12:22:17','2025-01-06 12:22:17'),(363,'page_AttendanceRecaps','web','2025-01-06 12:22:17','2025-01-06 12:22:17'),(364,'page_ClassQrCode','web','2025-01-06 12:22:17','2025-01-06 12:22:17'),(365,'page_CompleteStudentProfile','web','2025-01-06 12:22:18','2025-01-06 12:22:18'),(366,'page_ExtracurricularQrCode','web','2025-01-06 12:22:18','2025-01-06 12:22:18'),(367,'page_MapPage','web','2025-01-06 12:22:18','2025-01-06 12:22:18'),(368,'page_PrayerQrCode','web','2025-01-06 12:22:18','2025-01-06 12:22:18'),(369,'page_QrCodeGenerate','web','2025-01-06 12:22:18','2025-01-06 12:22:18'),(370,'widget_GuruChart','web','2025-01-06 12:22:18','2025-01-06 12:22:18'),(371,'widget_LatestGuru','web','2025-01-06 12:22:19','2025-01-06 12:22:19'),(372,'widget_PklStatsOverview','web','2025-01-06 12:22:19','2025-01-06 12:22:19'),(373,'widget_StatsOverview','web','2025-01-06 12:22:19','2025-01-06 12:22:19'),(374,'view_backup','web','2025-01-07 20:37:10','2025-01-07 20:37:10'),(375,'view_any_backup','web','2025-01-07 20:37:10','2025-01-07 20:37:10'),(376,'create_backup','web','2025-01-07 20:37:10','2025-01-07 20:37:10'),(377,'update_backup','web','2025-01-07 20:37:10','2025-01-07 20:37:10'),(378,'restore_backup','web','2025-01-07 20:37:10','2025-01-07 20:37:10'),(379,'restore_any_backup','web','2025-01-07 20:37:10','2025-01-07 20:37:10'),(380,'replicate_backup','web','2025-01-07 20:37:10','2025-01-07 20:37:10'),(381,'reorder_backup','web','2025-01-07 20:37:10','2025-01-07 20:37:10'),(382,'delete_backup','web','2025-01-07 20:37:10','2025-01-07 20:37:10'),(383,'delete_any_backup','web','2025-01-07 20:37:10','2025-01-07 20:37:10'),(384,'force_delete_backup','web','2025-01-07 20:37:10','2025-01-07 20:37:10'),(385,'force_delete_any_backup','web','2025-01-07 20:37:10','2025-01-07 20:37:10'),(386,'view_office::backup','web','2025-01-07 20:37:10','2025-01-07 20:37:10'),(387,'view_any_office::backup','web','2025-01-07 20:37:10','2025-01-07 20:37:10'),(388,'create_office::backup','web','2025-01-07 20:37:10','2025-01-07 20:37:10'),(389,'update_office::backup','web','2025-01-07 20:37:10','2025-01-07 20:37:10'),(390,'restore_office::backup','web','2025-01-07 20:37:10','2025-01-07 20:37:10'),(391,'restore_any_office::backup','web','2025-01-07 20:37:10','2025-01-07 20:37:10'),(392,'replicate_office::backup','web','2025-01-07 20:37:10','2025-01-07 20:37:10'),(393,'reorder_office::backup','web','2025-01-07 20:37:10','2025-01-07 20:37:10'),(394,'delete_office::backup','web','2025-01-07 20:37:10','2025-01-07 20:37:10'),(395,'delete_any_office::backup','web','2025-01-07 20:37:10','2025-01-07 20:37:10'),(396,'force_delete_office::backup','web','2025-01-07 20:37:10','2025-01-07 20:37:10'),(397,'force_delete_any_office::backup','web','2025-01-07 20:37:10','2025-01-07 20:37:10'),(398,'view_student::assessment','web','2025-01-07 20:43:08','2025-01-07 20:43:08'),(399,'view_any_student::assessment','web','2025-01-07 20:43:08','2025-01-07 20:43:08'),(400,'create_student::assessment','web','2025-01-07 20:43:08','2025-01-07 20:43:08'),(401,'update_student::assessment','web','2025-01-07 20:43:08','2025-01-07 20:43:08'),(402,'restore_student::assessment','web','2025-01-07 20:43:08','2025-01-07 20:43:08'),(403,'restore_any_student::assessment','web','2025-01-07 20:43:08','2025-01-07 20:43:08'),(404,'replicate_student::assessment','web','2025-01-07 20:43:08','2025-01-07 20:43:08'),(405,'reorder_student::assessment','web','2025-01-07 20:43:08','2025-01-07 20:43:08'),(406,'delete_student::assessment','web','2025-01-07 20:43:08','2025-01-07 20:43:08'),(407,'delete_any_student::assessment','web','2025-01-07 20:43:08','2025-01-07 20:43:08'),(408,'force_delete_student::assessment','web','2025-01-07 20:43:08','2025-01-07 20:43:08'),(409,'force_delete_any_student::assessment','web','2025-01-07 20:43:08','2025-01-07 20:43:08'),(410,'view_teacher::activity::journal','web','2025-01-07 20:43:08','2025-01-07 20:43:08'),(411,'view_any_teacher::activity::journal','web','2025-01-07 20:43:08','2025-01-07 20:43:08'),(412,'create_teacher::activity::journal','web','2025-01-07 20:43:08','2025-01-07 20:43:08'),(413,'update_teacher::activity::journal','web','2025-01-07 20:43:08','2025-01-07 20:43:08'),(414,'restore_teacher::activity::journal','web','2025-01-07 20:43:08','2025-01-07 20:43:08'),(415,'restore_any_teacher::activity::journal','web','2025-01-07 20:43:08','2025-01-07 20:43:08'),(416,'replicate_teacher::activity::journal','web','2025-01-07 20:43:08','2025-01-07 20:43:08'),(417,'reorder_teacher::activity::journal','web','2025-01-07 20:43:08','2025-01-07 20:43:08'),(418,'delete_teacher::activity::journal','web','2025-01-07 20:43:08','2025-01-07 20:43:08'),(419,'delete_any_teacher::activity::journal','web','2025-01-07 20:43:08','2025-01-07 20:43:08'),(420,'force_delete_teacher::activity::journal','web','2025-01-07 20:43:08','2025-01-07 20:43:08'),(421,'force_delete_any_teacher::activity::journal','web','2025-01-07 20:43:08','2025-01-07 20:43:08');
/*!40000 ALTER TABLE `permissions` ENABLE KEYS */;
UNLOCK TABLES;
DROP TABLE IF EXISTS `personal_access_tokens`;
/*!40101 SET @saved_cs_client     = @@character_set_client */;
/*!50503 SET character_set_client = utf8mb4 */;
CREATE TABLE `personal_access_tokens` (
  `id` bigint unsigned NOT NULL AUTO_INCREMENT,
  `tokenable_type` varchar(255) COLLATE utf8mb4_unicode_ci NOT NULL,
  `tokenable_id` bigint unsigned NOT NULL,
  `name` varchar(255) COLLATE utf8mb4_unicode_ci NOT NULL,
  `token` varchar(64) COLLATE utf8mb4_unicode_ci NOT NULL,
  `abilities` text COLLATE utf8mb4_unicode_ci,
  `last_used_at` timestamp NULL DEFAULT NULL,
  `expires_at` timestamp NULL DEFAULT NULL,
  `created_at` timestamp NULL DEFAULT NULL,
  `updated_at` timestamp NULL DEFAULT NULL,
  PRIMARY KEY (`id`),
  UNIQUE KEY `personal_access_tokens_token_unique` (`token`),
  KEY `personal_access_tokens_tokenable_type_tokenable_id_index` (`tokenable_type`,`tokenable_id`)
) ENGINE=InnoDB DEFAULT CHARSET=utf8mb4 COLLATE=utf8mb4_unicode_ci;
/*!40101 SET character_set_client = @saved_cs_client */;

LOCK TABLES `personal_access_tokens` WRITE;
/*!40000 ALTER TABLE `personal_access_tokens` DISABLE KEYS */;
/*!40000 ALTER TABLE `personal_access_tokens` ENABLE KEYS */;
UNLOCK TABLES;
DROP TABLE IF EXISTS `pkl_internships`;
/*!40101 SET @saved_cs_client     = @@character_set_client */;
/*!50503 SET character_set_client = utf8mb4 */;
CREATE TABLE `pkl_internships` (
  `id` bigint unsigned NOT NULL AUTO_INCREMENT,
  `student_id` bigint unsigned NOT NULL,
  `guru_pembimbing_id` bigint unsigned NOT NULL,
  `office_id` bigint unsigned NOT NULL,
  `company_leader` varchar(255) COLLATE utf8mb4_unicode_ci NOT NULL,
  `company_type` varchar(255) COLLATE utf8mb4_unicode_ci NOT NULL,
  `company_phone` varchar(255) COLLATE utf8mb4_unicode_ci NOT NULL,
  `company_description` text COLLATE utf8mb4_unicode_ci NOT NULL,
  `start_date` date NOT NULL,
  `end_date` date NOT NULL,
  `position` varchar(255) COLLATE utf8mb4_unicode_ci NOT NULL,
  `phone` varchar(255) COLLATE utf8mb4_unicode_ci NOT NULL,
  `description` text COLLATE utf8mb4_unicode_ci NOT NULL,
  `status` enum('pending','active','inactive') COLLATE utf8mb4_unicode_ci NOT NULL DEFAULT 'pending',
  `created_at` timestamp NULL DEFAULT NULL,
  `updated_at` timestamp NULL DEFAULT NULL,
  PRIMARY KEY (`id`),
  KEY `pkl_internships_student_id_foreign` (`student_id`),
  KEY `pkl_internships_guru_pembimbing_id_foreign` (`guru_pembimbing_id`),
  KEY `pkl_internships_office_id_foreign` (`office_id`),
  CONSTRAINT `pkl_internships_guru_pembimbing_id_foreign` FOREIGN KEY (`guru_pembimbing_id`) REFERENCES `users` (`id`) ON DELETE CASCADE,
  CONSTRAINT `pkl_internships_office_id_foreign` FOREIGN KEY (`office_id`) REFERENCES `offices` (`id`) ON DELETE CASCADE,
  CONSTRAINT `pkl_internships_student_id_foreign` FOREIGN KEY (`student_id`) REFERENCES `users` (`id`) ON DELETE CASCADE
) ENGINE=InnoDB DEFAULT CHARSET=utf8mb4 COLLATE=utf8mb4_unicode_ci;
/*!40101 SET character_set_client = @saved_cs_client */;

LOCK TABLES `pkl_internships` WRITE;
/*!40000 ALTER TABLE `pkl_internships` DISABLE KEYS */;
/*!40000 ALTER TABLE `pkl_internships` ENABLE KEYS */;
UNLOCK TABLES;
DROP TABLE IF EXISTS `prayer_attendances`;
/*!40101 SET @saved_cs_client     = @@character_set_client */;
/*!50503 SET character_set_client = utf8mb4 */;
CREATE TABLE `prayer_attendances` (
  `id` bigint unsigned NOT NULL AUTO_INCREMENT,
  `user_id` bigint unsigned NOT NULL,
  `date` date NOT NULL,
  `check_in` time DEFAULT NULL,
  `status` enum('hadir','izin','alpha') COLLATE utf8mb4_unicode_ci NOT NULL DEFAULT 'alpha',
  `notes` text COLLATE utf8mb4_unicode_ci,
  `created_at` timestamp NULL DEFAULT NULL,
  `updated_at` timestamp NULL DEFAULT NULL,
  PRIMARY KEY (`id`),
  KEY `prayer_attendances_user_id_foreign` (`user_id`),
  CONSTRAINT `prayer_attendances_user_id_foreign` FOREIGN KEY (`user_id`) REFERENCES `users` (`id`) ON DELETE CASCADE
) ENGINE=InnoDB DEFAULT CHARSET=utf8mb4 COLLATE=utf8mb4_unicode_ci;
/*!40101 SET character_set_client = @saved_cs_client */;

LOCK TABLES `prayer_attendances` WRITE;
/*!40000 ALTER TABLE `prayer_attendances` DISABLE KEYS */;
/*!40000 ALTER TABLE `prayer_attendances` ENABLE KEYS */;
UNLOCK TABLES;
DROP TABLE IF EXISTS `role_has_permissions`;
/*!40101 SET @saved_cs_client     = @@character_set_client */;
/*!50503 SET character_set_client = utf8mb4 */;
CREATE TABLE `role_has_permissions` (
  `permission_id` bigint unsigned NOT NULL,
  `role_id` bigint unsigned NOT NULL,
  PRIMARY KEY (`permission_id`,`role_id`),
  KEY `role_has_permissions_role_id_foreign` (`role_id`),
  CONSTRAINT `role_has_permissions_permission_id_foreign` FOREIGN KEY (`permission_id`) REFERENCES `permissions` (`id`) ON DELETE CASCADE,
  CONSTRAINT `role_has_permissions_role_id_foreign` FOREIGN KEY (`role_id`) REFERENCES `roles` (`id`) ON DELETE CASCADE
) ENGINE=InnoDB DEFAULT CHARSET=utf8mb4 COLLATE=utf8mb4_unicode_ci;
/*!40101 SET character_set_client = @saved_cs_client */;

LOCK TABLES `role_has_permissions` WRITE;
/*!40000 ALTER TABLE `role_has_permissions` DISABLE KEYS */;
INSERT INTO `role_has_permissions` VALUES (1,1),(2,1),(3,1),(4,1),(5,1),(6,1),(7,1),(8,1),(9,1),(10,1),(11,1),(12,1),(13,1),(14,1),(15,1),(16,1),(17,1),(18,1),(19,1),(20,1),(21,1),(22,1),(23,1),(24,1),(25,1),(26,1),(27,1),(28,1),(29,1),(30,1),(31,1),(32,1),(33,1),(34,1),(35,1),(36,1),(37,1),(38,1),(39,1),(40,1),(41,1),(42,1),(43,1),(44,1),(45,1),(46,1),(47,1),(48,1),(49,1),(50,1),(51,1),(52,1),(53,1),(54,1),(55,1),(56,1),(57,1),(58,1),(59,1),(60,1),(61,1),(62,1),(63,1),(64,1),(65,1),(66,1),(67,1),(68,1),(69,1),(70,1),(71,1),(72,1),(73,1),(74,1),(75,1),(76,1),(77,1),(78,1),(79,1),(80,1),(81,1),(82,1),(83,1),(84,1),(85,1),(86,1),(87,1),(88,1),(89,1),(90,1),(91,1),(92,1),(93,1),(94,1),(95,1),(96,1),(97,1),(98,1),(99,1),(100,1),(101,1),(102,1),(103,1),(104,1),(105,1),(106,1),(107,1),(108,1),(109,1),(110,1),(111,1),(112,1),(113,1),(114,1),(115,1),(116,1),(117,1),(118,1),(119,1),(120,1),(121,1),(122,1),(123,1),(124,1),(125,1),(126,1),(127,1),(128,1),(129,1),(130,1),(131,1),(132,1),(133,1),(134,1),(135,1),(136,1),(137,1),(138,1),(139,1),(140,1),(141,1),(142,1),(143,1),(144,1),(145,1),(146,1),(147,1),(148,1),(149,1),(150,1),(151,1),(152,1),(153,1),(154,1),(155,1),(156,1),(157,1),(158,1),(159,1),(160,1),(161,1),(162,1),(163,1),(164,1),(165,1),(166,1),(167,1),(168,1),(169,1),(170,1),(171,1),(172,1),(173,1),(174,1),(175,1),(176,1),(177,1),(178,1),(179,1),(180,1),(181,1),(182,1),(183,1),(184,1),(185,1),(186,1),(187,1),(188,1),(189,1),(190,1),(191,1),(192,1),(193,1),(194,1),(195,1),(196,1),(197,1),(198,1),(199,1),(200,1),(201,1),(202,1),(203,1),(204,1),(205,1),(206,1),(207,1),(208,1),(209,1),(210,1),(211,1),(212,1),(213,1),(214,1),(215,1),(216,1),(217,1),(218,1),(219,1),(220,1),(221,1),(222,1),(223,1),(224,1),(225,1),(226,1),(227,1),(228,1),(229,1),(230,1),(231,1),(232,1),(233,1),(234,1),(235,1),(236,1),(237,1),(238,1),(239,1),(240,1),(241,1),(242,1),(243,1),(244,1),(245,1),(246,1),(247,1),(248,1),(249,1),(250,1),(251,1),(252,1),(253,1),(254,1),(255,1),(256,1),(257,1),(258,1),(259,1),(260,1),(261,1),(262,1),(263,1),(264,1),(265,1),(266,1),(267,1),(268,1),(269,1),(270,1),(271,1),(272,1),(273,1),(274,1),(275,1),(276,1),(277,1),(278,1),(279,1),(280,1),(281,1),(282,1),(283,1),(284,1),(285,1),(286,1),(287,1),(288,1),(289,1),(290,1),(291,1),(292,1),(293,1),(294,1),(295,1),(296,1),(297,1),(298,1),(299,1),(300,1),(301,1),(302,1),(303,1),(304,1),(305,1),(306,1),(307,1),(308,1),(309,1),(310,1),(311,1),(312,1),(313,1),(314,1),(315,1),(316,1),(317,1),(318,1),(319,1),(320,1),(321,1),(322,1),(323,1),(324,1),(325,1),(326,1),(327,1),(328,1),(329,1),(330,1),(331,1),(332,1),(333,1),(334,1),(335,1),(336,1),(337,1),(338,1),(339,1),(340,1),(341,1),(342,1),(343,1),(344,1),(345,1),(346,1),(347,1),(348,1),(349,1),(350,1),(351,1),(352,1),(353,1),(354,1),(355,1),(356,1),(357,1),(358,1),(359,1),(360,1),(361,1),(362,1),(363,1),(364,1),(365,1),(366,1),(367,1),(368,1),(369,1),(370,1),(371,1),(372,1),(373,1),(374,1),(375,1),(376,1),(377,1),(378,1),(379,1),(380,1),(381,1),(382,1),(383,1),(384,1),(385,1),(386,1),(387,1),(388,1),(389,1),(390,1),(391,1),(392,1),(393,1),(394,1),(395,1),(396,1),(397,1),(398,1),(399,1),(400,1),(401,1),(402,1),(403,1),(404,1),(405,1),(406,1),(407,1),(408,1),(409,1),(410,1),(411,1),(412,1),(413,1),(414,1),(415,1),(416,1),(417,1),(418,1),(419,1),(420,1),(421,1),(1,2),(2,2),(3,2),(4,2),(5,2),(6,2),(7,2),(8,2),(9,2),(10,2),(11,2),(12,2),(13,2),(14,2),(15,2),(16,2),(17,2),(18,2),(386,2),(387,2),(388,2),(389,2),(390,2),(391,2),(392,2),(393,2),(394,2),(395,2),(396,2),(397,2),(19,3),(20,3),(21,3),(22,3),(23,3),(24,3),(25,3),(26,3),(27,3),(28,3),(29,3),(30,3),(43,3),(44,3),(45,3),(46,3),(47,3),(48,3),(49,3),(50,3),(51,3),(52,3),(53,3),(54,3),(127,3),(128,3),(129,3),(130,3),(131,3),(132,3),(133,3),(134,3),(135,3),(136,3),(137,3),(138,3),(327,3),(328,3),(329,3),(330,3),(331,3),(332,3),(333,3),(334,3),(335,3),(336,3),(337,3),(338,3),(339,3),(340,3),(341,3),(342,3),(343,3),(344,3),(345,3),(346,3),(347,3),(348,3),(349,3),(350,3),(370,3),(371,3),(5,4),(6,4);
/*!40000 ALTER TABLE `role_has_permissions` ENABLE KEYS */;
UNLOCK TABLES;
DROP TABLE IF EXISTS `roles`;
/*!40101 SET @saved_cs_client     = @@character_set_client */;
/*!50503 SET character_set_client = utf8mb4 */;
CREATE TABLE `roles` (
  `id` bigint unsigned NOT NULL AUTO_INCREMENT,
  `name` varchar(255) COLLATE utf8mb4_unicode_ci NOT NULL,
  `guard_name` varchar(255) COLLATE utf8mb4_unicode_ci NOT NULL,
  `created_at` timestamp NULL DEFAULT NULL,
  `updated_at` timestamp NULL DEFAULT NULL,
  PRIMARY KEY (`id`),
  UNIQUE KEY `roles_name_guard_name_unique` (`name`,`guard_name`)
) ENGINE=InnoDB AUTO_INCREMENT=5 DEFAULT CHARSET=utf8mb4 COLLATE=utf8mb4_unicode_ci;
/*!40101 SET character_set_client = @saved_cs_client */;

LOCK TABLES `roles` WRITE;
/*!40000 ALTER TABLE `roles` DISABLE KEYS */;
INSERT INTO `roles` VALUES (1,'super_admin','web','2025-01-06 12:21:36','2025-01-06 12:21:36'),(2,'admin','web','2025-01-06 12:21:36','2025-01-06 12:21:36'),(3,'guru','web','2025-01-06 12:21:36','2025-01-06 12:21:36'),(4,'siswa','web','2025-01-06 12:21:36','2025-01-06 12:21:36');
/*!40000 ALTER TABLE `roles` ENABLE KEYS */;
UNLOCK TABLES;
DROP TABLE IF EXISTS `schedules`;
/*!40101 SET @saved_cs_client     = @@character_set_client */;
/*!50503 SET character_set_client = utf8mb4 */;
CREATE TABLE `schedules` (
  `id` bigint unsigned NOT NULL AUTO_INCREMENT,
  `user_id` bigint unsigned NOT NULL,
  `shift_id` bigint unsigned NOT NULL,
  `office_id` bigint unsigned NOT NULL,
  `created_at` timestamp NULL DEFAULT NULL,
  `updated_at` timestamp NULL DEFAULT NULL,
  `is_wfa` tinyint(1) NOT NULL DEFAULT '0',
  `is_banned` tinyint(1) NOT NULL DEFAULT '0',
  PRIMARY KEY (`id`),
  UNIQUE KEY `schedules_user_id_unique` (`user_id`),
  KEY `schedules_shift_id_foreign` (`shift_id`),
  KEY `schedules_office_id_foreign` (`office_id`),
  CONSTRAINT `schedules_office_id_foreign` FOREIGN KEY (`office_id`) REFERENCES `offices` (`id`) ON DELETE CASCADE,
  CONSTRAINT `schedules_shift_id_foreign` FOREIGN KEY (`shift_id`) REFERENCES `shifts` (`id`) ON DELETE CASCADE,
  CONSTRAINT `schedules_user_id_foreign` FOREIGN KEY (`user_id`) REFERENCES `users` (`id`) ON DELETE CASCADE
) ENGINE=InnoDB DEFAULT CHARSET=utf8mb4 COLLATE=utf8mb4_unicode_ci;
/*!40101 SET character_set_client = @saved_cs_client */;

LOCK TABLES `schedules` WRITE;
/*!40000 ALTER TABLE `schedules` DISABLE KEYS */;
/*!40000 ALTER TABLE `schedules` ENABLE KEYS */;
UNLOCK TABLES;
DROP TABLE IF EXISTS `school_years`;
/*!40101 SET @saved_cs_client     = @@character_set_client */;
/*!50503 SET character_set_client = utf8mb4 */;
CREATE TABLE `school_years` (
  `id` bigint unsigned NOT NULL AUTO_INCREMENT,
  `tahun` varchar(255) COLLATE utf8mb4_unicode_ci NOT NULL,
  `semester` enum('ganjil','genap') COLLATE utf8mb4_unicode_ci NOT NULL,
  `status` enum('aktif','tidak aktif') COLLATE utf8mb4_unicode_ci NOT NULL DEFAULT 'aktif',
  `created_at` timestamp NULL DEFAULT NULL,
  `updated_at` timestamp NULL DEFAULT NULL,
  `is_active` tinyint(1) NOT NULL DEFAULT '0',
  PRIMARY KEY (`id`)
) ENGINE=InnoDB AUTO_INCREMENT=3 DEFAULT CHARSET=utf8mb4 COLLATE=utf8mb4_unicode_ci;
/*!40101 SET character_set_client = @saved_cs_client */;

LOCK TABLES `school_years` WRITE;
/*!40000 ALTER TABLE `school_years` DISABLE KEYS */;
INSERT INTO `school_years` VALUES (1,'2024/2025','ganjil','aktif','2025-01-06 12:21:36','2025-01-06 12:21:36',0),(2,'2024/2025','genap','aktif','2025-01-06 12:21:36','2025-01-06 12:21:36',0);
/*!40000 ALTER TABLE `school_years` ENABLE KEYS */;
UNLOCK TABLES;
DROP TABLE IF EXISTS `sessions`;
/*!40101 SET @saved_cs_client     = @@character_set_client */;
/*!50503 SET character_set_client = utf8mb4 */;
CREATE TABLE `sessions` (
  `id` varchar(255) COLLATE utf8mb4_unicode_ci NOT NULL,
  `user_id` bigint unsigned DEFAULT NULL,
  `ip_address` varchar(45) COLLATE utf8mb4_unicode_ci DEFAULT NULL,
  `user_agent` text COLLATE utf8mb4_unicode_ci,
  `payload` longtext COLLATE utf8mb4_unicode_ci NOT NULL,
  `last_activity` int NOT NULL,
  PRIMARY KEY (`id`),
  KEY `sessions_user_id_index` (`user_id`),
  KEY `sessions_last_activity_index` (`last_activity`)
) ENGINE=InnoDB DEFAULT CHARSET=utf8mb4 COLLATE=utf8mb4_unicode_ci;
/*!40101 SET character_set_client = @saved_cs_client */;

LOCK TABLES `sessions` WRITE;
/*!40000 ALTER TABLE `sessions` DISABLE KEYS */;
INSERT INTO `sessions` VALUES ('1VSwDIJ2aazarUn1H0tGIfd3qHQJyR4RqMNbqLJ7',NULL,'136.144.42.222','python-requests/2.31.0','YTozOntzOjY6Il90b2tlbiI7czo0MDoiSGE5TndhOUdrdHhqVzlxTlVDbzhkMk93TnhDRVgyamdzcFpISGxOeCI7czo5OiJfcHJldmlvdXMiO2E6MTp7czozOiJ1cmwiO3M6MzQ6Imh0dHBzOi8vYXBwLnNpamFzbWtuMXB1bmdnZWxhbi5vcmciO31zOjY6Il9mbGFzaCI7YToyOntzOjM6Im9sZCI7YTowOnt9czozOiJuZXciO2E6MDp7fX19',1736197759),('31qolmrDaYMXxa6mcY9oSHnpBDPZ1Zl8IuOLXtIP',NULL,'47.91.91.123','Mozilla/5.0 (Macintosh; Intel Mac OS X 10_12_2) AppleWebKit/537.36 (KHTML, like Gecko) Chrome/55.0.2883.95 Safari/537.36','YTozOntzOjY6Il90b2tlbiI7czo0MDoiNnBkZkw3TmtYeU82aXc5MEhnUHRKTER4S3RqaXNjRGxDbkZlbmN5diI7czo5OiJfcHJldmlvdXMiO2E6MTp7czozOiJ1cmwiO3M6MjI6Imh0dHBzOi8vMTc2LjEwMC4zOS4yMDIiO31zOjY6Il9mbGFzaCI7YToyOntzOjM6Im9sZCI7YTowOnt9czozOiJuZXciO2E6MDp7fX19',1736240522),('3PADxdGEhnpmlXaZv88cXawTPv72qr3iD0SddcAT',NULL,'185.192.69.74','Mozilla/5.0 (Windows NT 10.0; Win64; x64) AppleWebKit/537.36 (KHTML, like Gecko) Chrome/99.0.4844.51 Safari/537.36','YTozOntzOjY6Il90b2tlbiI7czo0MDoieWpwVWpsd1VHbmdtZ1JMQ25IdnRCV096Z0hIdmwyYTZDZkhhRlBGVCI7czo5OiJfcHJldmlvdXMiO2E6MTp7czozOiJ1cmwiO3M6MzQ6Imh0dHBzOi8vYXBwLnNpamFzbWtuMXB1bmdnZWxhbi5vcmciO31zOjY6Il9mbGFzaCI7YToyOntzOjM6Im9sZCI7YTowOnt9czozOiJuZXciO2E6MDp7fX19',1736227637),('54NKiHBWNMxoayz2UCiqi2jiDfvmWCuNATIPOjPL',NULL,'207.241.237.21','Go-http-client/1.1','YTozOntzOjY6Il90b2tlbiI7czo0MDoidGFETmFXSExXbmh1ODIyQUJsMUhTbldqdmpxdEhSNElZMmpvMk9MaCI7czo5OiJfcHJldmlvdXMiO2E6MTp7czozOiJ1cmwiO3M6MzQ6Imh0dHBzOi8vYXBwLnNpamFzbWtuMXB1bmdnZWxhbi5vcmciO31zOjY6Il9mbGFzaCI7YToyOntzOjM6Im9sZCI7YTowOnt9czozOiJuZXciO2E6MDp7fX19',1736264900),('59lovRvabvVi9DgA7B6kho3fE40aTLkZQOGNFLnn',NULL,'167.94.146.48','Mozilla/5.0 (compatible; CensysInspect/1.1; +https://about.censys.io/)','YTozOntzOjY6Il90b2tlbiI7czo0MDoiaUpjU2xvUUVtWWtoNngwWVAwZGxtNnd6SkZjT3gwNkd3QXNUeFE5ZSI7czo5OiJfcHJldmlvdXMiO2E6MTp7czozOiJ1cmwiO3M6MjI6Imh0dHBzOi8vMTc2LjEwMC4zOS4yMDIiO31zOjY6Il9mbGFzaCI7YToyOntzOjM6Im9sZCI7YTowOnt9czozOiJuZXciO2E6MDp7fX19',1736209961),('5FnflbBZq3jKw7VwJUlgw4DudL9AIe245Inhat1e',NULL,'106.75.130.42','Mozilla/5.0 (Windows NT 6.1) AppleWebKit/537.36 (KHTML, like Gecko) Chrome/49.0.2623.112 Safari/537.36','YTozOntzOjY6Il90b2tlbiI7czo0MDoidXFMZ3NOZjN1MHNiM3F1WFVsRmZTZWNhcG5lUWx3bEN4N256YzNpeiI7czo5OiJfcHJldmlvdXMiO2E6MTp7czozOiJ1cmwiO3M6MzQ6Imh0dHBzOi8vYXBwLnNpamFzbWtuMXB1bmdnZWxhbi5vcmciO31zOjY6Il9mbGFzaCI7YToyOntzOjM6Im9sZCI7YTowOnt9czozOiJuZXciO2E6MDp7fX19',1736265976),('8hWQyfYeyZaqaDDcogLgbqJp3sATwkRLeIgAiqGY',NULL,'3.147.59.36','Mozilla/5.0 (Macintosh; Intel Mac OS X 10_15_7) Chrome/126.0.0.0 Safari/537.36','YTozOntzOjY6Il90b2tlbiI7czo0MDoiM3hXU0ZITEZXc2Z5bERzMXZab3l2THo5NVcxbm5FZ1dHZjZTYkR1NiI7czo5OiJfcHJldmlvdXMiO2E6MTp7czozOiJ1cmwiO3M6MjI6Imh0dHBzOi8vMTc2LjEwMC4zOS4yMDIiO31zOjY6Il9mbGFzaCI7YToyOntzOjM6Im9sZCI7YTowOnt9czozOiJuZXciO2E6MDp7fX19',1736228492),('a8XCYoDTiEeQYpYbQVxxYcV8POlMWpC6OONwG2XF',NULL,'167.94.146.59','Mozilla/5.0 (compatible; CensysInspect/1.1; +https://about.censys.io/)','YTozOntzOjY6Il90b2tlbiI7czo0MDoiVjdCMTNHVkt4b3FjNkl6ZlR2Tkh4ZGVMZDJXcjhCeWtVRGhnalI5eSI7czo5OiJfcHJldmlvdXMiO2E6MTp7czozOiJ1cmwiO3M6MjI6Imh0dHBzOi8vMTc2LjEwMC4zOS4yMDIiO31zOjY6Il9mbGFzaCI7YToyOntzOjM6Im9sZCI7YTowOnt9czozOiJuZXciO2E6MDp7fX19',1736211138),('ANbu3RxUroAYP2kWCR3inAtaqGtFAWXyYPg6wQeO',NULL,'194.26.192.169','Mozilla/5.0 (Windows NT 10.0; Win64; x64) AppleWebKit/537.36 (KHTML, like Gecko) Chrome/89.0.4389.114 Safari/537.36','YTozOntzOjY6Il90b2tlbiI7czo0MDoiVkQ4QThVdDhsQ2kzMVE5cEg2S1pNUlYwWGxPYXlpVkYzNTFNNGxCUiI7czo5OiJfcHJldmlvdXMiO2E6MTp7czozOiJ1cmwiO3M6MzQ6Imh0dHBzOi8vYXBwLnNpamFzbWtuMXB1bmdnZWxhbi5vcmciO31zOjY6Il9mbGFzaCI7YToyOntzOjM6Im9sZCI7YTowOnt9czozOiJuZXciO2E6MDp7fX19',1736228882),('bwAGq5hPzZM4kZs2sVhint9ahzniFgXZiM7R3TVM',NULL,'92.255.57.58','Mozilla/5.0 (Windows NT 10.0; Win64; x64) AppleWebKit/537.36 (KHTML, like Gecko) Chrome/78.0.3904.108 Safari/537.36','YTozOntzOjY6Il90b2tlbiI7czo0MDoiRVZ6UUNVWkxFZkp1Tlp0NEd3SDYyZDBMQW16d2s2cXVBSHVNR0VXQSI7czo5OiJfcHJldmlvdXMiO2E6MTp7czozOiJ1cmwiO3M6MjI6Imh0dHBzOi8vMTc2LjEwMC4zOS4yMDIiO31zOjY6Il9mbGFzaCI7YToyOntzOjM6Im9sZCI7YTowOnt9czozOiJuZXciO2E6MDp7fX19',1736227098),('BwGX2pkXtGNRB3bC86wW9Px95kffuJqtbaeYoCfl',NULL,'92.255.57.58','Mozilla/5.0 (Windows NT 10.0; Win64; x64) AppleWebKit/537.36 (KHTML, like Gecko) Chrome/78.0.3904.108 Safari/537.36','YTozOntzOjY6Il90b2tlbiI7czo0MDoiN1VMbzB0SjFvZ1JCRDNoUXc0MVdrbklIeVVCWmRnZktuaFA5UW5XYiI7czo5OiJfcHJldmlvdXMiO2E6MTp7czozOiJ1cmwiO3M6MjI6Imh0dHBzOi8vMTc2LjEwMC4zOS4yMDIiO31zOjY6Il9mbGFzaCI7YToyOntzOjM6Im9sZCI7YTowOnt9czozOiJuZXciO2E6MDp7fX19',1736218015),('C1cOg1J9I3CsHJ65ArYz70X4grzQr6BxE8LwxkwS',NULL,'92.255.57.58','Mozilla/5.0 (Windows NT 10.0; Win64; x64) AppleWebKit/537.36 (KHTML, like Gecko) Chrome/78.0.3904.108 Safari/537.36','YTozOntzOjY6Il90b2tlbiI7czo0MDoiWmtRWVhCYXZJNXdpNFY3d0VnOWMzTmhlY2hZNFBhQUNrMUtJNzJaViI7czo5OiJfcHJldmlvdXMiO2E6MTp7czozOiJ1cmwiO3M6MjI6Imh0dHBzOi8vMTc2LjEwMC4zOS4yMDIiO31zOjY6Il9mbGFzaCI7YToyOntzOjM6Im9sZCI7YTowOnt9czozOiJuZXciO2E6MDp7fX19',1736227776),('CCtgUAZHo9t4rDsUFzB8vO6zlqEhQ5RjHNDrRBuo',NULL,'92.255.57.58','Mozilla/5.0 (Windows NT 10.0; Win64; x64) AppleWebKit/537.36 (KHTML, like Gecko) Chrome/78.0.3904.108 Safari/537.36','YTozOntzOjY6Il90b2tlbiI7czo0MDoibGpnOUxDczF1Y2s0dzhrSjZFdURRRzFkc21ZUmJNVTI4NE02SWk3eSI7czo5OiJfcHJldmlvdXMiO2E6MTp7czozOiJ1cmwiO3M6MjI6Imh0dHBzOi8vMTc2LjEwMC4zOS4yMDIiO31zOjY6Il9mbGFzaCI7YToyOntzOjM6Im9sZCI7YTowOnt9czozOiJuZXciO2E6MDp7fX19',1736223793),('dw3HpuWeu6cVB0bAikWQZu5zpIe32B91fsvUptAa',NULL,'154.28.229.177','Mozilla/5.0 (Macintosh; Intel Mac OS X 10_15_7) AppleWebKit/537.36 (KHTML, like Gecko) Chrome/116.0.0.0 Safari/537.36','YTozOntzOjY6Il90b2tlbiI7czo0MDoiU2IxSW1lckl6TlV4SzI4VGFhZ21nQ0FNWUZGanBoVkx5Q1dkWlFhTiI7czo5OiJfcHJldmlvdXMiO2E6MTp7czozOiJ1cmwiO3M6MzQ6Imh0dHBzOi8vYXBwLnNpamFzbWtuMXB1bmdnZWxhbi5vcmciO31zOjY6Il9mbGFzaCI7YToyOntzOjM6Im9sZCI7YTowOnt9czozOiJuZXciO2E6MDp7fX19',1736252295),('e1w4IdFW5hIWEbhaO5Y6DuOVvXoUjzuDhiJQOJno',NULL,'64.62.197.190','Mozilla/5.0 (Windows NT 10.0; Win64; x64) AppleWebKit/537.36 (KHTML, like Gecko) Chrome/108.0.0.0 Safari/537.36','YTozOntzOjY6Il90b2tlbiI7czo0MDoiSDNwOFg3c01kd0JPYlRPOTdRN2tHRnJhdXcxekVQSklPbTRTeEJzdSI7czo5OiJfcHJldmlvdXMiO2E6MTp7czozOiJ1cmwiO3M6MjI6Imh0dHBzOi8vMTc2LjEwMC4zOS4yMDIiO31zOjY6Il9mbGFzaCI7YToyOntzOjM6Im9sZCI7YTowOnt9czozOiJuZXciO2E6MDp7fX19',1736215118),('EzE4W5VQTkhjXudYQA56CfBwCKgAupxtr46QiAi6',NULL,'149.102.237.40','Mozilla/5.0 (Macintosh; Intel Mac OS X 10_15_7) AppleWebKit/537.36 (KHTML, like Gecko) Chrome/125.0.0.0 Safari/537.36','YTozOntzOjY6Il90b2tlbiI7czo0MDoiRk1TZGRNTW1BbHVnUXdmV29jUjVHT2lIT2Z4SmpodkJLTkNKYlJsUyI7czo5OiJfcHJldmlvdXMiO2E6MTp7czozOiJ1cmwiO3M6MzQ6Imh0dHBzOi8vYXBwLnNpamFzbWtuMXB1bmdnZWxhbi5vcmciO31zOjY6Il9mbGFzaCI7YToyOntzOjM6Im9sZCI7YTowOnt9czozOiJuZXciO2E6MDp7fX19',1736224820),('fiQoI894NEJNo48kkCSRsYFG2YzQveUIoqu8xswX',NULL,'136.0.100.142','Mozilla/5.0 (Macintosh; Intel Mac OS X 10_15_7) AppleWebKit/537.36 (KHTML, like Gecko) Chrome/128.0.0.0 Safari/537.36','YTozOntzOjY6Il90b2tlbiI7czo0MDoieFRHbVFXaWRycmV4WGpYMW5iMHFBczJxNmp3cjR2S0YxdURraVhObCI7czo5OiJfcHJldmlvdXMiO2E6MTp7czozOiJ1cmwiO3M6MzQ6Imh0dHBzOi8vYXBwLnNpamFzbWtuMXB1bmdnZWxhbi5vcmciO31zOjY6Il9mbGFzaCI7YToyOntzOjM6Im9sZCI7YTowOnt9czozOiJuZXciO2E6MDp7fX19',1736197760),('GhRnkduruHWSS9LL3H4rErK22FjXP84uHDWS9gND',NULL,'165.227.38.146','Mozilla/5.0 (Windows NT 10.0; Win64; x64) AppleWebKit/537.36 (KHTML, like Gecko) Chrome/108.0.0.0 Safari/537.36','YTozOntzOjY6Il90b2tlbiI7czo0MDoiaEl1WUpiOGhvM282aHhpWEtUUkJISDl6QmJwRXpnNzhVTU0wc21DeSI7czo5OiJfcHJldmlvdXMiO2E6MTp7czozOiJ1cmwiO3M6MjI6Imh0dHBzOi8vMTc2LjEwMC4zOS4yMDIiO31zOjY6Il9mbGFzaCI7YToyOntzOjM6Im9sZCI7YTowOnt9czozOiJuZXciO2E6MDp7fX19',1736250607),('h1nrWgsbrY52hIXD5wlTWKzIomyF4GYLdDfoOtT8',1,'103.144.170.54','Mozilla/5.0 (Windows NT 10.0; Win64; x64) AppleWebKit/537.36 (KHTML, like Gecko) Chrome/131.0.0.0 Safari/537.36','YTo1OntzOjY6Il90b2tlbiI7czo0MDoiOWsyMk1jczJjSWJSVGk5djRkVU1tdXprWmN5Q1FIMTJzcnpBUmlmQSI7czo5OiJfcHJldmlvdXMiO2E6MTp7czozOiJ1cmwiO3M6NTk6Imh0dHBzOi8vYXBwLnNpamFzbWtuMXB1bmdnZWxhbi5vcmcvYWRtaW4vYXNzZXNzbWVudHMvY3JlYXRlIjt9czo2OiJfZmxhc2giO2E6Mjp7czozOiJvbGQiO2E6MDp7fXM6MzoibmV3IjthOjA6e319czo1MDoibG9naW5fd2ViXzU5YmEzNmFkZGMyYjJmOTQwMTU4MGYwMTRjN2Y1OGVhNGUzMDk4OWQiO2k6MTtzOjE3OiJwYXNzd29yZF9oYXNoX3dlYiI7czo2MDoiJDJ5JDEyJGZiU0oxUmFBU1BGSExnUlJhN29ZMi5SU1dobEdiaHp6Qy5YUXVoQThPdTZFTGlXSE5JS242Ijt9',1736247457),('hk47Oe09ltoIFBn7zFjFoCm8tJiutbBp4qAkSmsX',NULL,'172.206.142.122','Mozilla/5.0 zgrab/0.x','YTozOntzOjY6Il90b2tlbiI7czo0MDoiamloa292QUZHRGpsbGRNTUk1M1J1RkFraDVqWmtpSXpMWjhrUFZOVCI7czo5OiJfcHJldmlvdXMiO2E6MTp7czozOiJ1cmwiO3M6MjI6Imh0dHBzOi8vMTc2LjEwMC4zOS4yMDIiO31zOjY6Il9mbGFzaCI7YToyOntzOjM6Im9sZCI7YTowOnt9czozOiJuZXciO2E6MDp7fX19',1736262565),('HMnajQ6sRueQ7r6ieY13kns5WiPVvsuFy7bSslj1',NULL,'45.156.129.46','Mozilla/5.0 (Windows NT 10.0; Win64; x64) AppleWebKit/537.36 (KHTML, like Gecko) Chrome/60.0.3112.113 Safari/537.36','YTozOntzOjY6Il90b2tlbiI7czo0MDoiZTl0enBIWDh5bUpIY2FxbjlFc1hTTVltMzVLRDVhQTVjSFFyMnhIeiI7czo5OiJfcHJldmlvdXMiO2E6MTp7czozOiJ1cmwiO3M6MjI6Imh0dHBzOi8vMTc2LjEwMC4zOS4yMDIiO31zOjY6Il9mbGFzaCI7YToyOntzOjM6Im9sZCI7YTowOnt9czozOiJuZXciO2E6MDp7fX19',1736216100),('HRZ821E4BoBebWCFXdun2IkDnhWXV8Oy3aiD5Xn6',NULL,'45.156.128.43','Mozilla/5.0 (Windows NT 10.0; Win64; x64) AppleWebKit/537.36 (KHTML, like Gecko) Chrome/60.0.3112.113 Safari/537.36','YTozOntzOjY6Il90b2tlbiI7czo0MDoiYzZHTlVPakRmRE5BUUdjN2FJeU84MWRDYmZLMERRbFViN3JjUTdHRSI7czo5OiJfcHJldmlvdXMiO2E6MTp7czozOiJ1cmwiO3M6MjI6Imh0dHBzOi8vMTc2LjEwMC4zOS4yMDIiO31zOjY6Il9mbGFzaCI7YToyOntzOjM6Im9sZCI7YTowOnt9czozOiJuZXciO2E6MDp7fX19',1736278755),('iRvXfA4EGRqFCnXMjlD4rvYX6D90Aphpcg8fdRmj',NULL,'206.168.34.115','Mozilla/5.0 (compatible; CensysInspect/1.1; +https://about.censys.io/)','YTozOntzOjY6Il90b2tlbiI7czo0MDoiWVgzU0VFcE43eUxHWG5nbXhvVGRhZFZXSko3OUVSUVdZeU9OZ0pUbCI7czo5OiJfcHJldmlvdXMiO2E6MTp7czozOiJ1cmwiO3M6MjI6Imh0dHBzOi8vMTc2LjEwMC4zOS4yMDIiO31zOjY6Il9mbGFzaCI7YToyOntzOjM6Im9sZCI7YTowOnt9czozOiJuZXciO2E6MDp7fX19',1736202364),('JdTL3woqCa5wyJ1G41zWIkLcBp4E3D1ll3HF84Bq',2,'114.10.17.161','Mozilla/5.0 (Linux; Android 10; K) AppleWebKit/537.36 (KHTML, like Gecko) Chrome/131.0.0.0 Mobile Safari/537.36','YTo2OntzOjY6Il90b2tlbiI7czo0MDoiNlpqRTQxNUpmSTlqTkhIdWFoWnlmZWlDWEtqZUU0NzdUNU9PVnk0VCI7czozOiJ1cmwiO2E6MDp7fXM6OToiX3ByZXZpb3VzIjthOjE6e3M6MzoidXJsIjtzOjYwOiJodHRwczovL2FwcC5zaWphc21rbjFwdW5nZ2VsYW4ub3JnL2FkbWluL3RlYWNoaW5nLWFjdGl2aXRpZXMiO31zOjY6Il9mbGFzaCI7YToyOntzOjM6Im9sZCI7YTowOnt9czozOiJuZXciO2E6MDp7fX1zOjUwOiJsb2dpbl93ZWJfNTliYTM2YWRkYzJiMmY5NDAxNTgwZjAxNGM3ZjU4ZWE0ZTMwOTg5ZCI7aToyO3M6MTc6InBhc3N3b3JkX2hhc2hfd2ViIjtzOjYwOiIkMnkkMTIkWjNURDBnV29HVHFwbnNkUGFTUjhsT0MvUkJyNmE0Y0tzbWMyNVBTUU51bHhoUFF2ck04Y1MiO30=',1736246960),('jm6WCNaf69TrTkbVqfngPPYnjZe52aW3FZRN0soZ',NULL,'185.242.226.163','Mozilla/5.0 (Windows NT 10.0; Win64; x64) AppleWebKit/537.36 (KHTML, like Gecko) Chrome/88.0.4324.190 Safari/537.36','YTozOntzOjY6Il90b2tlbiI7czo0MDoiV3RyZVNSbGxBbzJUYnEwUjkwTElod3NnT0RxVkFGU21LQVpqTW9rVyI7czo5OiJfcHJldmlvdXMiO2E6MTp7czozOiJ1cmwiO3M6MjI6Imh0dHBzOi8vMTc2LjEwMC4zOS4yMDIiO31zOjY6Il9mbGFzaCI7YToyOntzOjM6Im9sZCI7YTowOnt9czozOiJuZXciO2E6MDp7fX19',1736214743),('jXcfEKgOIlvW2kw7kHaPy1W1RnMteLWTTtn66zaQ',NULL,'89.248.171.23','Mozilla/5.0 (Windows NT 10.0; Win64; x64) AppleWebKit/537.36 (KHTML, like Gecko) Chrome/104.0.0.0 Safari/537.36','YTozOntzOjY6Il90b2tlbiI7czo0MDoiU01xVW4ycmVWOUVzTHJwTE0yYVNZWVZzbFVIY2VVYmxrVnNWdHlFMSI7czo5OiJfcHJldmlvdXMiO2E6MTp7czozOiJ1cmwiO3M6MzQ6Imh0dHBzOi8vYXBwLnNpamFzbWtuMXB1bmdnZWxhbi5vcmciO31zOjY6Il9mbGFzaCI7YToyOntzOjM6Im9sZCI7YTowOnt9czozOiJuZXciO2E6MDp7fX19',1736199779),('KMWKE7AYgdXekcMxXIZvdc0jh6ZR4smsrxMA9YQo',NULL,'212.143.94.254','Mozilla/5.0 (Windows NT 6.1; Win64; x64) AppleWebKit/537.36 (KHTML, like Gecko) Chrome/111.0.5563.65 Safari/537.36','YTozOntzOjY6Il90b2tlbiI7czo0MDoiZmxkMnBmWmJINm5FRFRlWVZoOFJrUkxNUG5XNllMYXBzdmd1UTZkdCI7czo5OiJfcHJldmlvdXMiO2E6MTp7czozOiJ1cmwiO3M6MzQ6Imh0dHBzOi8vYXBwLnNpamFzbWtuMXB1bmdnZWxhbi5vcmciO31zOjY6Il9mbGFzaCI7YToyOntzOjM6Im9sZCI7YTowOnt9czozOiJuZXciO2E6MDp7fX19',1736198056),('L1bkVxoHmAh05wbjelypFnifhrxBdBvuFqoVynIv',NULL,'95.173.219.10','Mozilla/5.0 (Macintosh; Intel Mac OS X 10_15_7) AppleWebKit/605.1.15 (KHTML, like Gecko) Version/17.5 Safari/605.1.15','YTozOntzOjY6Il90b2tlbiI7czo0MDoiZGpJQVZYOVFkU3lmdHNoZGtxaDdHdU5FRW9IQ21uejVMUFhFRG5tRyI7czo5OiJfcHJldmlvdXMiO2E6MTp7czozOiJ1cmwiO3M6MzQ6Imh0dHBzOi8vYXBwLnNpamFzbWtuMXB1bmdnZWxhbi5vcmciO31zOjY6Il9mbGFzaCI7YToyOntzOjM6Im9sZCI7YTowOnt9czozOiJuZXciO2E6MDp7fX19',1736202482),('LgFrGVxaUCffxFFMwCBHNhOxdMGeLABZkkb23gsw',NULL,'34.38.150.142','python-requests/2.32.3','YTozOntzOjY6Il90b2tlbiI7czo0MDoiOWZ5V2VrcVg5Sk5TQ1B1djJrUUx5elhMVE5uWUI3UTJKN3FVZGxobiI7czo5OiJfcHJldmlvdXMiO2E6MTp7czozOiJ1cmwiO3M6MjI6Imh0dHBzOi8vMTc2LjEwMC4zOS4yMDIiO31zOjY6Il9mbGFzaCI7YToyOntzOjM6Im9sZCI7YTowOnt9czozOiJuZXciO2E6MDp7fX19',1736280773),('LhKBmJX5P0zuIHoP9LnCOLZFbfRstToy7GXeRNdJ',NULL,'104.166.80.181','Mozilla/5.0 (X11; Linux i686; rv:109.0) Gecko/20100101 Firefox/120.0','YTozOntzOjY6Il90b2tlbiI7czo0MDoiNHp0QXNlanFsWWRoQ0V6QzFyVFNEYzFhOFJrZVZBc1VTQW1pSmMwRyI7czo5OiJfcHJldmlvdXMiO2E6MTp7czozOiJ1cmwiO3M6MzQ6Imh0dHBzOi8vYXBwLnNpamFzbWtuMXB1bmdnZWxhbi5vcmciO31zOjY6Il9mbGFzaCI7YToyOntzOjM6Im9sZCI7YTowOnt9czozOiJuZXciO2E6MDp7fX19',1736275369),('llTfDkUqJPa2aDbtngkmkltHFKftcWj01bue7VFJ',NULL,'52.247.239.25','Mozilla/5.0 (Windows NT 10.0; Win64; x64) AppleWebKit/537.36 (KHTML, like Gecko) Chrome/125.0.6422.78 Safari/537.36','YTozOntzOjY6Il90b2tlbiI7czo0MDoiczRSSzR2STc2SlZxQXhGRGxRNzFNNnB1TllsTWF1RVo0Q3lKSzVERSI7czo5OiJfcHJldmlvdXMiO2E6MTp7czozOiJ1cmwiO3M6NDY6Imh0dHBzOi8vYXBwLnNpamFzbWtuMXB1bmdnZWxhbi5vcmcvYWRtaW4vbG9naW4iO31zOjY6Il9mbGFzaCI7YToyOntzOjM6Im9sZCI7YTowOnt9czozOiJuZXciO2E6MDp7fX19',1736244349),('ltrdukC9KKQCEiLIVqQj2ju3dKUY3O2TZxYhNCZy',14,'103.94.3.138','Mozilla/5.0 (Windows NT 10.0; Win64; x64) AppleWebKit/537.36 (KHTML, like Gecko) Chrome/131.0.0.0 Safari/537.36','YTo2OntzOjY6Il90b2tlbiI7czo0MDoiMTJqaDk2anJKWVpBY3VoVmNtNEtwanpMSHBJVEpRNDkzeEl3bGxaVSI7czo5OiJfcHJldmlvdXMiO2E6MTp7czozOiJ1cmwiO3M6NjA6Imh0dHBzOi8vYXBwLnNpamFzbWtuMXB1bmdnZWxhbi5vcmcvYWRtaW4vdGVhY2hpbmctYWN0aXZpdGllcyI7fXM6NjoiX2ZsYXNoIjthOjI6e3M6Mzoib2xkIjthOjA6e31zOjM6Im5ldyI7YTowOnt9fXM6NTA6ImxvZ2luX3dlYl81OWJhMzZhZGRjMmIyZjk0MDE1ODBmMDE0YzdmNThlYTRlMzA5ODlkIjtpOjE0O3M6MTc6InBhc3N3b3JkX2hhc2hfd2ViIjtzOjYwOiIkMnkkMTIkbHZVS1ZGSmRFSHNQZnVvMmE2Z0x1T0ZGNTBwWWkvQWplSEhKM2NlV0pONjQyZE91SGV0dk8iO3M6ODoiZmlsYW1lbnQiO2E6MDp7fX0=',1736217024),('Lwrw5cbW8YgiVfYCUbBzik30z05YUNQtkIt0ZISk',1,'103.144.170.54','Mozilla/5.0 (Windows NT 10.0; Win64; x64) AppleWebKit/537.36 (KHTML, like Gecko) Chrome/131.0.0.0 Safari/537.36','YTo1OntzOjY6Il90b2tlbiI7czo0MDoiQzdYVnJKNEE1NmJvdk5XNTVnamlxREdrNUdtU3NPdEg1bzZFYTdNcCI7czo5OiJfcHJldmlvdXMiO2E6MTp7czozOiJ1cmwiO3M6NTk6Imh0dHBzOi8vYXBwLnNpamFzbWtuMXB1bmdnZWxhbi5vcmcvYWRtaW4vYXNzZXNzbWVudHMvY3JlYXRlIjt9czo2OiJfZmxhc2giO2E6Mjp7czozOiJvbGQiO2E6MDp7fXM6MzoibmV3IjthOjA6e319czo1MDoibG9naW5fd2ViXzU5YmEzNmFkZGMyYjJmOTQwMTU4MGYwMTRjN2Y1OGVhNGUzMDk4OWQiO2k6MTtzOjE3OiJwYXNzd29yZF9oYXNoX3dlYiI7czo2MDoiJDJ5JDEyJGZiU0oxUmFBU1BGSExnUlJhN29ZMi5SU1dobEdiaHp6Qy5YUXVoQThPdTZFTGlXSE5JS242Ijt9',1736245565),('M8WFkxeyCG8yiHgisr84G31mRt2CYQcEkbxBrLgg',NULL,'92.255.57.58','Mozilla/5.0 (Windows NT 10.0; Win64; x64) AppleWebKit/537.36 (KHTML, like Gecko) Chrome/78.0.3904.108 Safari/537.36','YTozOntzOjY6Il90b2tlbiI7czo0MDoiRzVzUFRJazJIREVraWJWUWRTUGE5MG91ZkM2TURyc3JFdXE4S2pmNCI7czo5OiJfcHJldmlvdXMiO2E6MTp7czozOiJ1cmwiO3M6MjI6Imh0dHBzOi8vMTc2LjEwMC4zOS4yMDIiO31zOjY6Il9mbGFzaCI7YToyOntzOjM6Im9sZCI7YTowOnt9czozOiJuZXciO2E6MDp7fX19',1736223335),('Md9FgOE4IYahWDJa3D2wNrt9lo7o1mux9PYol7vD',NULL,'185.180.140.106','Mozilla/5.0 (Windows NT 10.0; Win64; x64) AppleWebKit/537.36 (KHTML, like Gecko) Chrome/60.0.3112.113 Safari/537.36','YTozOntzOjY6Il90b2tlbiI7czo0MDoiQWVLc1hOeXY3NUdLaVh3dEpDR3N6bENWcHU4M2VxRk95TU84WHZkMSI7czo5OiJfcHJldmlvdXMiO2E6MTp7czozOiJ1cmwiO3M6MjI6Imh0dHBzOi8vMTc2LjEwMC4zOS4yMDIiO31zOjY6Il9mbGFzaCI7YToyOntzOjM6Im9sZCI7YTowOnt9czozOiJuZXciO2E6MDp7fX19',1736283083),('mJCDc7vejHEgKH4baZPbjbRiEQh7KySxAmJoAmjn',NULL,'198.235.24.126','Expanse, a Palo Alto Networks company, searches across the global IPv4 space multiple times per day to identify customers&#39; presences on the Internet. If you would like to be excluded from our scans, please send IP addresses/domains to: scaninfo@paloaltonetworks.com','YTozOntzOjY6Il90b2tlbiI7czo0MDoiZDlzbVpOWUNVazZUU0phUW5PMWpLdWgyUFpwS2JzUXlTR2dQRzRiNyI7czo5OiJfcHJldmlvdXMiO2E6MTp7czozOiJ1cmwiO3M6MjI6Imh0dHBzOi8vMTc2LjEwMC4zOS4yMDIiO31zOjY6Il9mbGFzaCI7YToyOntzOjM6Im9sZCI7YTowOnt9czozOiJuZXciO2E6MDp7fX19',1736267250),('MZgSkY7PS00YNLVIC5E2rXY9cDB4GQstWX4jTFxH',NULL,'45.156.129.135','Mozilla/5.0 (Windows NT 10.0; Win64; x64) AppleWebKit/537.36 (KHTML, like Gecko) Chrome/60.0.3112.113 Safari/537.36','YTozOntzOjY6Il90b2tlbiI7czo0MDoiU0RNNGpsY0JBNzkwdnFTTTlqNWV5VkpZbnFPbGMyQzFoWlJ2VnJabyI7czo5OiJfcHJldmlvdXMiO2E6MTp7czozOiJ1cmwiO3M6MjI6Imh0dHBzOi8vMTc2LjEwMC4zOS4yMDIiO31zOjY6Il9mbGFzaCI7YToyOntzOjM6Im9sZCI7YTowOnt9czozOiJuZXciO2E6MDp7fX19',1736213655),('nC4IGgDUQ5TbyUyFNDln7K6RJfHzsybuoi4JBFIh',NULL,'172.98.32.225','python-requests/2.31.0','YTozOntzOjY6Il90b2tlbiI7czo0MDoiTzZEbVZwNXlUWmVBZzJvZUlUaVdod0VNdXZlMkFLZlVCbnBncEY4RCI7czo5OiJfcHJldmlvdXMiO2E6MTp7czozOiJ1cmwiO3M6MzQ6Imh0dHBzOi8vYXBwLnNpamFzbWtuMXB1bmdnZWxhbi5vcmciO31zOjY6Il9mbGFzaCI7YToyOntzOjM6Im9sZCI7YTowOnt9czozOiJuZXciO2E6MDp7fX19',1736198018),('o8L6cQ3JlOERWdbL3h68NT2BGZClOMdTwVBW3QoF',NULL,'162.216.150.234','Expanse, a Palo Alto Networks company, searches across the global IPv4 space multiple times per day to identify customers&#39; presences on the Internet. If you would like to be excluded from our scans, please send IP addresses/domains to: scaninfo@paloaltonetworks.com','YTozOntzOjY6Il90b2tlbiI7czo0MDoiaTVCOWxuVWhSSUtCVmsyb0JaUDA2UGlpd2ZnR1FWOElaQUJQaDcyNSI7czo5OiJfcHJldmlvdXMiO2E6MTp7czozOiJ1cmwiO3M6MjI6Imh0dHBzOi8vMTc2LjEwMC4zOS4yMDIiO31zOjY6Il9mbGFzaCI7YToyOntzOjM6Im9sZCI7YTowOnt9czozOiJuZXciO2E6MDp7fX19',1736219017),('oC1nXWMZmZQgg3mgNwx6LbBjeZfs4KnBkOQBMQGK',NULL,'92.118.39.205','Mozilla/5.0 (Windows NT 10.0; Win64; x64) AppleWebKit/537.36 (KHTML, like Gecko) Chrome/42.0.2311.135 Safari/537.36 Edge/12.246','YTozOntzOjY6Il90b2tlbiI7czo0MDoiZDdBUjRtUDVDaE1TaHYzSnFoTjNESndPVnRFSjNCcWVCWlVxM3R4aCI7czo5OiJfcHJldmlvdXMiO2E6MTp7czozOiJ1cmwiO3M6MjI6Imh0dHBzOi8vMTc2LjEwMC4zOS4yMDIiO31zOjY6Il9mbGFzaCI7YToyOntzOjM6Im9sZCI7YTowOnt9czozOiJuZXciO2E6MDp7fX19',1736267825),('ogzDCycidlyba4t9OROa1Ox8sMpc04IG5SlTbe4Y',NULL,'45.81.148.90','Mozilla/5.0 (iPhone; CPU iPhone OS 17_4_1 like Mac OS X) AppleWebKit/605.1.15 (KHTML, like Gecko) CriOS/123.0.6312.52 Mobile/15E148 Safari/604.1','YTozOntzOjY6Il90b2tlbiI7czo0MDoiSUZsU2F2T1NVNDJyS1pHQmNIVnN0czdsNGZxS1BTYmJuY1ZGV3FDbSI7czo5OiJfcHJldmlvdXMiO2E6MTp7czozOiJ1cmwiO3M6MzQ6Imh0dHBzOi8vYXBwLnNpamFzbWtuMXB1bmdnZWxhbi5vcmciO31zOjY6Il9mbGFzaCI7YToyOntzOjM6Im9sZCI7YTowOnt9czozOiJuZXciO2E6MDp7fX19',1736200872),('pKuPwX79zzTw9zfr26tU0pNTqpEpUVtwSZEJdM7Y',NULL,'103.116.13.229','Mozilla/5.0 (Linux; Android 10; K) AppleWebKit/537.36 (KHTML, like Gecko) Chrome/129.0.0.0 Mobile Safari/537.36 OPR/85.0.0.0','YTo0OntzOjY6Il90b2tlbiI7czo0MDoiMEVPZElSZ1pSRGJ3WTc3TDlFUkdVNzhkelB2Q0Z2cVZnUVhIREFuUyI7czozOiJ1cmwiO2E6MTp7czo4OiJpbnRlbmRlZCI7czo0MDoiaHR0cHM6Ly9hcHAuc2lqYXNta24xcHVuZ2dlbGFuLm9yZy9hZG1pbiI7fXM6OToiX3ByZXZpb3VzIjthOjE6e3M6MzoidXJsIjtzOjQ2OiJodHRwczovL2FwcC5zaWphc21rbjFwdW5nZ2VsYW4ub3JnL2FkbWluL2xvZ2luIjt9czo2OiJfZmxhc2giO2E6Mjp7czozOiJvbGQiO2E6MDp7fXM6MzoibmV3IjthOjA6e319fQ==',1736246598),('PlAqI53CzmCtH3UfAxCxAyHOiE4kydia81uR72mU',1,'103.105.57.63','Mozilla/5.0 (Windows NT 10.0; Win64; x64) AppleWebKit/537.36 (KHTML, like Gecko) Chrome/131.0.0.0 Safari/537.36','YTo2OntzOjY6Il90b2tlbiI7czo0MDoiSWZKblB2NmdBem9SbzlKNzRBbGk3dEZIRVZWMWV0cUN2eEZ1Z2lQNiI7czo2OiJfZmxhc2giO2E6Mjp7czozOiJvbGQiO2E6MDp7fXM6MzoibmV3IjthOjA6e319czo5OiJfcHJldmlvdXMiO2E6MTp7czozOiJ1cmwiO3M6NTQ6Imh0dHBzOi8vYXBwLnNpamFzbWtuMXB1bmdnZWxhbi5vcmcvYWRtaW4vb2ZmaWNlL2JhY2t1cCI7fXM6NTA6ImxvZ2luX3dlYl81OWJhMzZhZGRjMmIyZjk0MDE1ODBmMDE0YzdmNThlYTRlMzA5ODlkIjtpOjE7czoxNzoicGFzc3dvcmRfaGFzaF93ZWIiO3M6NjA6IiQyeSQxMiRmYlNKMVJhQVNQRkhMZ1JSYTdvWTIuUlNXaGxHYmh6ekMuWFF1aEE4T3U2RUxpV0hOSUtuNiI7czo4OiJmaWxhbWVudCI7YTowOnt9fQ==',1736284423),('PzyPYvqTKWWgozlfvWXY8DUBtS7HTzkfJZ6yujmR',NULL,'47.237.66.187','Custom-AsyncHttpClient','YTozOntzOjY6Il90b2tlbiI7czo0MDoiakxpaGVLYTREQ0hOMU5FSENvaXFQbVJUWWRrRXRhbHZ0cmN1YVgwciI7czo5OiJfcHJldmlvdXMiO2E6MTp7czozOiJ1cmwiO3M6MjAxOiJodHRwczovLzE3Ni4xMDAuMzkuMjAyL2luZGV4LnBocD8lMkYlM0MlM0ZlY2hvJTI4bWQ1JTI4JTIyaGklMjIlMjklMjklM0IlM0YlM0UlMjAlMkZ0bXAlMkZpbmRleDEucGhwPSZjb25maWctY3JlYXRlJTIwJTJGPSZsYW5nPS4uJTJGLi4lMkYuLiUyRi4uJTJGLi4lMkYuLiUyRi4uJTJGLi4lMkZ1c3IlMkZsb2NhbCUyRmxpYiUyRnBocCUyRnBlYXJjbWQiO31zOjY6Il9mbGFzaCI7YToyOntzOjM6Im9sZCI7YTowOnt9czozOiJuZXciO2E6MDp7fX19',1736264265),('qd3fwEO96m0ZL0tqDORF6pAsHzTngulN8DQv51sE',NULL,'47.237.66.187','Custom-AsyncHttpClient','YTozOntzOjY6Il90b2tlbiI7czo0MDoidVBoNmZpMnA1NkM4Y0Rnck5oQTJtaFU0QVZSQ1oySUhvYTdYVW5QUyI7czo5OiJfcHJldmlvdXMiO2E6MTp7czozOiJ1cmwiO3M6MTQ4OiJodHRwczovLzE3Ni4xMDAuMzkuMjAyL2luZGV4LnBocD9mdW5jdGlvbj1jYWxsX3VzZXJfZnVuY19hcnJheSZzPSUyRmluZGV4JTJGJTVDdGhpbmslNUNhcHAlMkZpbnZva2VmdW5jdGlvbiZ2YXJzJTVCMCU1RD1tZDUmdmFycyU1QjElNUQlNUIwJTVEPUhlbGxvIjt9czo2OiJfZmxhc2giO2E6Mjp7czozOiJvbGQiO2E6MDp7fXM6MzoibmV3IjthOjA6e319fQ==',1736264263),('QGmmI61P0Z9JlMVyEdImQHgl18WI5DiCdg6pBZ8x',NULL,'47.237.66.187','Custom-AsyncHttpClient','YTozOntzOjY6Il90b2tlbiI7czo0MDoiUDExTHJucE5mUFcxVjRtWjZqMkJuU3NkaG5YMmpxZUdhd09BSTVuUSI7czo5OiJfcHJldmlvdXMiO2E6MTp7czozOiJ1cmwiO3M6OTA6Imh0dHBzOi8vMTc2LjEwMC4zOS4yMDIvaW5kZXgucGhwP2xhbmc9Li4lMkYuLiUyRi4uJTJGLi4lMkYuLiUyRi4uJTJGLi4lMkYuLiUyRnRtcCUyRmluZGV4MSI7fXM6NjoiX2ZsYXNoIjthOjI6e3M6Mzoib2xkIjthOjA6e31zOjM6Im5ldyI7YTowOnt9fX0=',1736264267),('R8sOAWXOvTgi9xHCXYzpAEKdNUzqSCYMtMOVpiK2',NULL,'3.124.3.234','Mozilla/5.0 (iPhone; CPU iPhone OS 17_3_1 like Mac OS X) AppleWebKit/605.1.15 (KHTML, like Gecko) Version/17.3.1 Mobile/15E148 Safari/604.1','YTozOntzOjY6Il90b2tlbiI7czo0MDoiT2x1WUVIWjFNR1BITGplZTNDMHFrOFZpTUNpM2FmQ3JEeFFlS3lseiI7czo5OiJfcHJldmlvdXMiO2E6MTp7czozOiJ1cmwiO3M6MzQ6Imh0dHBzOi8vYXBwLnNpamFzbWtuMXB1bmdnZWxhbi5vcmciO31zOjY6Il9mbGFzaCI7YToyOntzOjM6Im9sZCI7YTowOnt9czozOiJuZXciO2E6MDp7fX19',1736224819),('SLrIeo4RrA6scLNTXe90mQe5qZZKScREjG162Lz4',NULL,'102.129.152.183','Mozilla/5.0 (iPhone; CPU iPhone OS 17_3_1 like Mac OS X) AppleWebKit/605.1.15 (KHTML, like Gecko) Version/17.3.1 Mobile/15E148 Safari/604.1','YTozOntzOjY6Il90b2tlbiI7czo0MDoibnhYU3RUYm1KQWZmbWQxWUhEWWM2dXl2RnVHZUJIc1dZaXlHTGJRbCI7czo5OiJfcHJldmlvdXMiO2E6MTp7czozOiJ1cmwiO3M6MzQ6Imh0dHBzOi8vYXBwLnNpamFzbWtuMXB1bmdnZWxhbi5vcmciO31zOjY6Il9mbGFzaCI7YToyOntzOjM6Im9sZCI7YTowOnt9czozOiJuZXciO2E6MDp7fX19',1736224986),('smBE3L0egKQhgddZ1sTMokAqvva0mwdfbVZjI2xl',NULL,'198.44.131.203','Mozilla/5.0 (Macintosh; Intel Mac OS X 10.15; rv:125.0) Gecko/20100101 Firefox/125.0','YTozOntzOjY6Il90b2tlbiI7czo0MDoiRGZzN1ZzM3F6d2tUMHZPZ250YWljZkhVMkNqbHR5cm9BN3o2TGhqeCI7czo5OiJfcHJldmlvdXMiO2E6MTp7czozOiJ1cmwiO3M6MzQ6Imh0dHBzOi8vYXBwLnNpamFzbWtuMXB1bmdnZWxhbi5vcmciO31zOjY6Il9mbGFzaCI7YToyOntzOjM6Im9sZCI7YTowOnt9czozOiJuZXciO2E6MDp7fX19',1736201957),('STofOm3wEkcPK9MHuJGfJoYnHBQxlSmI1qs9Nuj3',NULL,'156.233.225.192','Mozilla/5.0 (Windows NT 10.0; Win64; x64) AppleWebKit/537.36 (KHTML, like Gecko) Chrome/58.0.3029.110 Safari/537.3','YTozOntzOjY6Il90b2tlbiI7czo0MDoibjVxajdzTEVhdDlWUjd4cGxWVHJSc0IzT215UjdYWXo1bXp6UVhCaSI7czo5OiJfcHJldmlvdXMiO2E6MTp7czozOiJ1cmwiO3M6MjI6Imh0dHBzOi8vMTc2LjEwMC4zOS4yMDIiO31zOjY6Il9mbGFzaCI7YToyOntzOjM6Im9sZCI7YTowOnt9czozOiJuZXciO2E6MDp7fX19',1736246442),('TpO5rmpINpHKCe109qsIdry237uaJ5yHx32Hjx6b',NULL,'106.75.181.50','Mozilla/5.0 (Windows NT 6.1) AppleWebKit/537.36 (KHTML, like Gecko) Chrome/49.0.2623.112 Safari/537.36','YTozOntzOjY6Il90b2tlbiI7czo0MDoiUUU1Z2F3UFhUNVhPWHptcnh4RUlGNWtQaTBmd1pSZW1NamRydElNZiI7czo5OiJfcHJldmlvdXMiO2E6MTp7czozOiJ1cmwiO3M6MzQ6Imh0dHBzOi8vYXBwLnNpamFzbWtuMXB1bmdnZWxhbi5vcmciO31zOjY6Il9mbGFzaCI7YToyOntzOjM6Im9sZCI7YTowOnt9czozOiJuZXciO2E6MDp7fX19',1736259340),('TQIgZF7isnt8A31fwuJsB9wQQqePIVzvlehh3nk8',NULL,'184.105.247.196','Mozilla/5.0 (X11; Linux x86_64; rv:107.0) Gecko/20100101 Firefox/107.0','YTozOntzOjY6Il90b2tlbiI7czo0MDoiN2NOWEJKTVoxOEVnSzZUOGloWm1wZTd4S3Z0QnZQcWRxTTNpYzd1QSI7czo5OiJfcHJldmlvdXMiO2E6MTp7czozOiJ1cmwiO3M6MjI6Imh0dHBzOi8vMTc2LjEwMC4zOS4yMDIiO31zOjY6Il9mbGFzaCI7YToyOntzOjM6Im9sZCI7YTowOnt9czozOiJuZXciO2E6MDp7fX19',1736229573),('tWj4qX34ojOL1oB4T2huOlc2qjD0YlyQdYPORX8S',NULL,'104.164.173.252','Mozilla/5.0 (Macintosh; Intel Mac OS X 10_15_7) AppleWebKit/537.36 (KHTML, like Gecko) Chrome/117.0.0.0 Safari/537.36','YTozOntzOjY6Il90b2tlbiI7czo0MDoiQXhqVDQ2b1hKUEJRMVhFb3QzSUV5RndkR3N2S2g1SnZabVNiYmxkMyI7czo5OiJfcHJldmlvdXMiO2E6MTp7czozOiJ1cmwiO3M6MzQ6Imh0dHBzOi8vYXBwLnNpamFzbWtuMXB1bmdnZWxhbi5vcmciO31zOjY6Il9mbGFzaCI7YToyOntzOjM6Im9sZCI7YTowOnt9czozOiJuZXciO2E6MDp7fX19',1736252281),('tyFhIeOtbm9Q1FrUhBmjcuw5BiqVRhnvP2B4lkee',NULL,'212.143.94.254','Mozilla/5.0 (X11; Linux x86_64) AppleWebKit/537.36 (KHTML, like Gecko) HeadlessChrome/122.0.0.0 Safari/537.36','YTozOntzOjY6Il90b2tlbiI7czo0MDoibWNoNGVpNHZ4NTJQTU8zcXV0aVpuTFJkOTIxZ3c3UXRoVkR5cWFhTSI7czo5OiJfcHJldmlvdXMiO2E6MTp7czozOiJ1cmwiO3M6MzQ6Imh0dHBzOi8vYXBwLnNpamFzbWtuMXB1bmdnZWxhbi5vcmciO31zOjY6Il9mbGFzaCI7YToyOntzOjM6Im9sZCI7YTowOnt9czozOiJuZXciO2E6MDp7fX19',1736198060),('ua6ak3grpZtIlEzY5d5hl3LHequJrGeKvhJ1AOuC',3,'103.105.57.63','Mozilla/5.0 (Windows NT 10.0; Win64; x64) AppleWebKit/537.36 (KHTML, like Gecko) Chrome/131.0.0.0 Safari/537.36','YTo2OntzOjY6Il90b2tlbiI7czo0MDoiVnUwQklDTWRmem5rRFY3V0s2R3VaaTZ2RkQ1MlEyaEFMNFlxRFFBVCI7czo2OiJfZmxhc2giO2E6Mjp7czozOiJvbGQiO2E6MDp7fXM6MzoibmV3IjthOjA6e319czo5OiJfcHJldmlvdXMiO2E6MTp7czozOiJ1cmwiO3M6NTI6Imh0dHBzOi8vYXBwLnNpamFzbWtuMXB1bmdnZWxhbi5vcmcvYWRtaW4vYXNzZXNzbWVudHMiO31zOjUwOiJsb2dpbl93ZWJfNTliYTM2YWRkYzJiMmY5NDAxNTgwZjAxNGM3ZjU4ZWE0ZTMwOTg5ZCI7aTozO3M6MTc6InBhc3N3b3JkX2hhc2hfd2ViIjtzOjYwOiIkMnkkMTIkWi4yZ1pRWndSQ0dScGdoRG1YbGVGZVh2REprOGxxNURTamYvME0xUFdmRllRQ3gwQjZkZlMiO3M6ODoiZmlsYW1lbnQiO2E6MDp7fX0=',1736281625),('UrPSQuVEwzxIR4NGjFwpS6hJHswGJsVe3vURxegr',NULL,'194.26.192.169','Mozilla/5.0 (Windows NT 10.0; Win64; x64) AppleWebKit/537.36 (KHTML, like Gecko) Chrome/89.0.4389.114 Safari/537.36','YTozOntzOjY6Il90b2tlbiI7czo0MDoiTXRhQzBnUzFwQmliVEVtT3dxMFZnQzZ3Vlgzd1plUWo1ejZZVmFHVCI7czo5OiJfcHJldmlvdXMiO2E6MTp7czozOiJ1cmwiO3M6MzQ6Imh0dHBzOi8vYXBwLnNpamFzbWtuMXB1bmdnZWxhbi5vcmciO31zOjY6Il9mbGFzaCI7YToyOntzOjM6Im9sZCI7YTowOnt9czozOiJuZXciO2E6MDp7fX19',1736228882),('vbrKiupWAhPDOvySOj8yzLKoiASVV00AlRfdDkn5',NULL,'78.159.108.28','Mozilla/5.0 (Windows NT 10.0; Win64; x64) AppleWebKit/537.36 (KHTML, like Gecko) Chrome/84.0.4147.89 Safari/537.36','YTozOntzOjY6Il90b2tlbiI7czo0MDoiMDVPRE5JaVRXRE9GN240UWdqUXVCbGR4OUF1TURZZTRIWENINHJDYSI7czo5OiJfcHJldmlvdXMiO2E6MTp7czozOiJ1cmwiO3M6MzQ6Imh0dHBzOi8vYXBwLnNpamFzbWtuMXB1bmdnZWxhbi5vcmciO31zOjY6Il9mbGFzaCI7YToyOntzOjM6Im9sZCI7YTowOnt9czozOiJuZXciO2E6MDp7fX19',1736197778),('xagaSUkFZUrbwSg1zJZaIW9h1XTkLASSC7XtvZlW',NULL,'167.94.146.48','','YTozOntzOjY6Il90b2tlbiI7czo0MDoiUXRpbjFTSWRlQUNrNm1mMjR4VFRvZm5DRWlMeVVuWVdWN3JxSnRxayI7czo5OiJfcHJldmlvdXMiO2E6MTp7czozOiJ1cmwiO3M6MjI6Imh0dHBzOi8vMTc2LjEwMC4zOS4yMDIiO31zOjY6Il9mbGFzaCI7YToyOntzOjM6Im9sZCI7YTowOnt9czozOiJuZXciO2E6MDp7fX19',1736209958),('xePqLk8e6kYWdyFpLTH2PaywCUpjcdcROgBGTHHe',NULL,'64.62.197.191','Mozilla/5.0 (Windows NT 10.0; Win64; x64) AppleWebKit/537.36 (KHTML, like Gecko) Chrome/108.0.0.0 Safari/537.36','YTozOntzOjY6Il90b2tlbiI7czo0MDoiU1VUN0hxOGluNDRxODdyZ3N2Z0hqYnNuSDZVR3hQTGVrbHMxdHBDVCI7czo5OiJfcHJldmlvdXMiO2E6MTp7czozOiJ1cmwiO3M6MjI6Imh0dHBzOi8vMTc2LjEwMC4zOS4yMDIiO31zOjY6Il9mbGFzaCI7YToyOntzOjM6Im9sZCI7YTowOnt9czozOiJuZXciO2E6MDp7fX19',1736214689),('xygfXSetv6kP9LytEr99muB72D6GaNgmszQfk224',NULL,'104.152.52.71','curl/7.61.1','YTozOntzOjY6Il90b2tlbiI7czo0MDoiMmdHYTBJcDdYd3RBM21HVmxoZFVmTTNOR1dGOURUeFMyS2doOE5NeSI7czo5OiJfcHJldmlvdXMiO2E6MTp7czozOiJ1cmwiO3M6MzQ6Imh0dHBzOi8vYXBwLnNpamFzbWtuMXB1bmdnZWxhbi5vcmciO31zOjY6Il9mbGFzaCI7YToyOntzOjM6Im9sZCI7YTowOnt9czozOiJuZXciO2E6MDp7fX19',1736229326),('y5YK29a06zipaL3yGkb8tw4KnDoITxiB8XPvXyFx',NULL,'216.238.119.45','Mozilla/5.0 (Windows NT 10.0; Win64; x64) AppleWebKit/537.36 (KHTML, like Gecko) Chrome/42.0.2311.135 Safari/537.36 Edge/12.246','YTozOntzOjY6Il90b2tlbiI7czo0MDoiQXZ2b2RwdnZOMHVBNk0wY3pyaFpSSWgzVHdZRHRVSzNpZ2MySzA3bSI7czo5OiJfcHJldmlvdXMiO2E6MTp7czozOiJ1cmwiO3M6MzQ6Imh0dHBzOi8vYXBwLnNpamFzbWtuMXB1bmdnZWxhbi5vcmciO31zOjY6Il9mbGFzaCI7YToyOntzOjM6Im9sZCI7YTowOnt9czozOiJuZXciO2E6MDp7fX19',1736198448),('yaBty3uar0tbi6dUyf6okkkOaKxOU89kfaFWnXtH',NULL,'3.88.159.238','Mozilla/5.0 (Windows NT 10.0; Win64; x64) AppleWebKit/537.36 (KHTML, like Gecko) Chrome/130.0.0.0 Safari/537.36','YTozOntzOjY6Il90b2tlbiI7czo0MDoiR1U1emROMElQWWxYU3c5bkVMY0Y5NWxOU1hhdnVuV2ozQXpEbE9FdyI7czo5OiJfcHJldmlvdXMiO2E6MTp7czozOiJ1cmwiO3M6MzQ6Imh0dHBzOi8vYXBwLnNpamFzbWtuMXB1bmdnZWxhbi5vcmciO31zOjY6Il9mbGFzaCI7YToyOntzOjM6Im9sZCI7YTowOnt9czozOiJuZXciO2E6MDp7fX19',1736226853),('yrsWVBsNDwjKOm8fKgJeR0HcCnYnIvpuman1UdP8',NULL,'165.227.38.146','Mozilla/4.0 (compatible; MSIE 9.0; Windows NT 10.0; .NET4.0C; .NET4.0E; .NET CLR 2.0.50727; .NET CLR 3.0.30729; .NET CLR 3.5.30729)','YTozOntzOjY6Il90b2tlbiI7czo0MDoiSFV1bVNubVFzQUVZQk95WVA4OExnYnlFYWRTdXg4WWhiQUxQY25UNiI7czo5OiJfcHJldmlvdXMiO2E6MTp7czozOiJ1cmwiO3M6MjI6Imh0dHBzOi8vMTc2LjEwMC4zOS4yMDIiO31zOjY6Il9mbGFzaCI7YToyOntzOjM6Im9sZCI7YTowOnt9czozOiJuZXciO2E6MDp7fX19',1736250609),('zBQH8U1sSadrw9Y6tZMrMdAEdi5KJlKA5aSfLkDt',NULL,'92.255.57.58','Mozilla/5.0 (Windows NT 10.0; Win64; x64) AppleWebKit/537.36 (KHTML, like Gecko) Chrome/78.0.3904.108 Safari/537.36','YTozOntzOjY6Il90b2tlbiI7czo0MDoiYjFobDV1VjFzNkc5aGtLU1o3SUViaXJQa0NwVUFUUG9Mek5Jc05qcSI7czo5OiJfcHJldmlvdXMiO2E6MTp7czozOiJ1cmwiO3M6NTM6Imh0dHBzOi8vMTc2LjEwMC4zOS4yMDIvP1hERUJVR19TRVNTSU9OX1NUQVJUPXBocHN0b3JtIjt9czo2OiJfZmxhc2giO2E6Mjp7czozOiJvbGQiO2E6MDp7fXM6MzoibmV3IjthOjA6e319fQ==',1736222158),('zLn7oJtLPTbZ5BTSAk0IJO1Vu5AXHRt79YjHzHwE',NULL,'52.247.239.25','Mozilla/5.0 (Windows NT 10.0; Win64; x64) AppleWebKit/537.36 (KHTML, like Gecko) Chrome/125.0.6422.141 Safari/537.36','YTozOntzOjY6Il90b2tlbiI7czo0MDoiMWZ2WE9lSjl5eFByREx0UEF1ZE8zMmJhemN3c1FJVXYyS3J1eDhKQyI7czo5OiJfcHJldmlvdXMiO2E6MTp7czozOiJ1cmwiO3M6MzQ6Imh0dHBzOi8vYXBwLnNpamFzbWtuMXB1bmdnZWxhbi5vcmciO31zOjY6Il9mbGFzaCI7YToyOntzOjM6Im9sZCI7YTowOnt9czozOiJuZXciO2E6MDp7fX19',1736244170),('zn7M9qrAXVJniwpxT26tUsrEQDPTKmCQN7CS4BXv',NULL,'176.102.65.28','Mozilla/5.0 (Macintosh; Intel Mac OS X 10_15_7) AppleWebKit/605.1.15 (KHTML, like Gecko) Version/17.5 Safari/605.1.15','YTozOntzOjY6Il90b2tlbiI7czo0MDoiRmo2YndKREg5TEJiQTR4ZVhNS1cwNWxHTUp5aUpwamF0Yk5qZkJ5QyI7czo5OiJfcHJldmlvdXMiO2E6MTp7czozOiJ1cmwiO3M6MzQ6Imh0dHBzOi8vYXBwLnNpamFzbWtuMXB1bmdnZWxhbi5vcmciO31zOjY6Il9mbGFzaCI7YToyOntzOjM6Im9sZCI7YTowOnt9czozOiJuZXciO2E6MDp7fX19',1736201957);
/*!40000 ALTER TABLE `sessions` ENABLE KEYS */;
UNLOCK TABLES;
DROP TABLE IF EXISTS `shifts`;
/*!40101 SET @saved_cs_client     = @@character_set_client */;
/*!50503 SET character_set_client = utf8mb4 */;
CREATE TABLE `shifts` (
  `id` bigint unsigned NOT NULL AUTO_INCREMENT,
  `name` varchar(255) COLLATE utf8mb4_unicode_ci NOT NULL,
  `start_time` time NOT NULL,
  `end_time` time NOT NULL,
  `created_at` timestamp NULL DEFAULT NULL,
  `updated_at` timestamp NULL DEFAULT NULL,
  `deleted_at` timestamp NULL DEFAULT NULL,
  PRIMARY KEY (`id`)
) ENGINE=InnoDB DEFAULT CHARSET=utf8mb4 COLLATE=utf8mb4_unicode_ci;
/*!40101 SET character_set_client = @saved_cs_client */;

LOCK TABLES `shifts` WRITE;
/*!40000 ALTER TABLE `shifts` DISABLE KEYS */;
/*!40000 ALTER TABLE `shifts` ENABLE KEYS */;
UNLOCK TABLES;
DROP TABLE IF EXISTS `student_assessments`;
/*!40101 SET @saved_cs_client     = @@character_set_client */;
/*!50503 SET character_set_client = utf8mb4 */;
CREATE TABLE `student_assessments` (
  `id` bigint unsigned NOT NULL AUTO_INCREMENT,
  `student_id` bigint unsigned NOT NULL,
  `nilai_materi` decimal(5,2) DEFAULT NULL,
  `nilai_praktek` decimal(5,2) DEFAULT NULL,
  `nilai_ulangan_harian` decimal(5,2) DEFAULT NULL,
  `nilai_sumatif` decimal(5,2) DEFAULT NULL,
  `nilai_non_sumatif` decimal(5,2) DEFAULT NULL,
  `nilai_tugas` decimal(5,2) DEFAULT NULL,
  `nilai_keaktifan` decimal(5,2) DEFAULT NULL,
  `catatan` text COLLATE utf8mb4_unicode_ci,
  `created_at` timestamp NULL DEFAULT NULL,
  `updated_at` timestamp NULL DEFAULT NULL,
  `teaching_activity_id` bigint unsigned DEFAULT NULL,
  `guru_id` bigint unsigned DEFAULT NULL,
  `class_room_id` bigint unsigned DEFAULT NULL,
  PRIMARY KEY (`id`),
  UNIQUE KEY `student_assessments_teaching_activity_id_student_id_unique` (`student_id`),
  KEY `fk_student_assessments_teaching_activity` (`teaching_activity_id`),
  KEY `fk_student_assessments_guru` (`guru_id`),
  KEY `fk_student_assessments_class_room` (`class_room_id`),
  CONSTRAINT `fk_student_assessments_class_room` FOREIGN KEY (`class_room_id`) REFERENCES `class_rooms` (`id`),
  CONSTRAINT `fk_student_assessments_guru` FOREIGN KEY (`guru_id`) REFERENCES `guru` (`id`),
  CONSTRAINT `fk_student_assessments_teaching_activity` FOREIGN KEY (`teaching_activity_id`) REFERENCES `teaching_activities` (`id`),
  CONSTRAINT `student_assessments_student_id_foreign` FOREIGN KEY (`student_id`) REFERENCES `users` (`id`) ON DELETE CASCADE
) ENGINE=InnoDB DEFAULT CHARSET=utf8mb4 COLLATE=utf8mb4_unicode_ci;
/*!40101 SET character_set_client = @saved_cs_client */;

LOCK TABLES `student_assessments` WRITE;
/*!40000 ALTER TABLE `student_assessments` DISABLE KEYS */;
/*!40000 ALTER TABLE `student_assessments` ENABLE KEYS */;
UNLOCK TABLES;
DROP TABLE IF EXISTS `student_attendances`;
/*!40101 SET @saved_cs_client     = @@character_set_client */;
/*!50503 SET character_set_client = utf8mb4 */;
CREATE TABLE `student_attendances` (
  `id` bigint unsigned NOT NULL AUTO_INCREMENT,
  `student_id` bigint unsigned NOT NULL,
  `class_room_id` bigint unsigned NOT NULL,
  `tanggal` date NOT NULL,
  `status` enum('hadir','izin','sakit','alpha','dispensasi') COLLATE utf8mb4_unicode_ci NOT NULL DEFAULT 'hadir',
  `keterangan` text COLLATE utf8mb4_unicode_ci,
  `created_at` timestamp NULL DEFAULT NULL,
  `updated_at` timestamp NULL DEFAULT NULL,
  `teaching_activity_id` bigint unsigned DEFAULT NULL,
  PRIMARY KEY (`id`),
  KEY `student_attendances_student_id_foreign` (`student_id`),
  KEY `student_attendances_class_room_id_foreign` (`class_room_id`),
  KEY `fk_teaching_activity` (`teaching_activity_id`),
  CONSTRAINT `fk_teaching_activity` FOREIGN KEY (`teaching_activity_id`) REFERENCES `teaching_activities` (`id`),
  CONSTRAINT `student_attendances_class_room_id_foreign` FOREIGN KEY (`class_room_id`) REFERENCES `class_rooms` (`id`) ON DELETE CASCADE,
  CONSTRAINT `student_attendances_ibfk_1` FOREIGN KEY (`teaching_activity_id`) REFERENCES `teaching_activities` (`id`),
  CONSTRAINT `student_attendances_student_id_foreign` FOREIGN KEY (`student_id`) REFERENCES `students` (`id`) ON DELETE CASCADE
) ENGINE=InnoDB AUTO_INCREMENT=17 DEFAULT CHARSET=utf8mb4 COLLATE=utf8mb4_unicode_ci;
/*!40101 SET character_set_client = @saved_cs_client */;

LOCK TABLES `student_attendances` WRITE;
/*!40000 ALTER TABLE `student_attendances` DISABLE KEYS */;
INSERT INTO `student_attendances` VALUES (2,34,34,'2025-01-06','alpha','','2025-01-06 14:33:00','2025-01-06 14:33:00',2),(3,35,34,'2025-01-06','sakit','','2025-01-06 14:33:00','2025-01-06 14:33:00',2),(6,1,34,'2025-01-06','alpha','','2025-01-06 16:10:48','2025-01-06 16:10:48',8),(7,3,34,'2025-01-06','alpha','','2025-01-06 16:10:48','2025-01-06 16:10:48',8),(9,921,40,'2025-01-07','izin','','2025-01-07 02:24:28','2025-01-07 02:24:28',14),(10,251,2,'2025-01-07','izin','','2025-01-07 19:26:57','2025-01-07 19:26:57',17),(11,252,2,'2025-01-07','sakit','','2025-01-07 19:26:57','2025-01-07 19:26:57',17),(12,253,2,'2025-01-07','alpha','','2025-01-07 19:26:57','2025-01-07 19:26:57',17),(13,71,36,'2025-01-07','izin','','2025-01-07 19:28:46','2025-01-07 19:28:46',18),(14,72,36,'2025-01-07','alpha','','2025-01-07 19:28:46','2025-01-07 19:28:46',18),(16,102,36,'2025-01-06','sakit','','2025-01-07 19:39:25','2025-01-07 19:39:25',1);
/*!40000 ALTER TABLE `student_attendances` ENABLE KEYS */;
UNLOCK TABLES;
DROP TABLE IF EXISTS `student_details`;
/*!40101 SET @saved_cs_client     = @@character_set_client */;
/*!50503 SET character_set_client = utf8mb4 */;
CREATE TABLE `student_details` (
  `id` bigint unsigned NOT NULL AUTO_INCREMENT,
  `user_id` bigint unsigned NOT NULL,
  `nipd` varchar(255) COLLATE utf8mb4_unicode_ci DEFAULT NULL,
  `gender` enum('L','P') COLLATE utf8mb4_unicode_ci DEFAULT NULL,
  `nisn` varchar(255) COLLATE utf8mb4_unicode_ci DEFAULT NULL,
  `birth_place` varchar(255) COLLATE utf8mb4_unicode_ci DEFAULT NULL,
  `birth_date` date DEFAULT NULL,
  `nik` varchar(16) COLLATE utf8mb4_unicode_ci DEFAULT NULL,
  `religion` varchar(255) COLLATE utf8mb4_unicode_ci DEFAULT NULL,
  `address` text COLLATE utf8mb4_unicode_ci,
  `rt` varchar(3) COLLATE utf8mb4_unicode_ci DEFAULT NULL,
  `rw` varchar(3) COLLATE utf8mb4_unicode_ci DEFAULT NULL,
  `dusun` varchar(255) COLLATE utf8mb4_unicode_ci DEFAULT NULL,
  `kelurahan` varchar(255) COLLATE utf8mb4_unicode_ci DEFAULT NULL,
  `kecamatan` varchar(255) COLLATE utf8mb4_unicode_ci DEFAULT NULL,
  `postal_code` varchar(5) COLLATE utf8mb4_unicode_ci DEFAULT NULL,
  `residence_type` varchar(255) COLLATE utf8mb4_unicode_ci DEFAULT NULL,
  `transportation` varchar(255) COLLATE utf8mb4_unicode_ci DEFAULT NULL,
  `phone` varchar(255) COLLATE utf8mb4_unicode_ci DEFAULT NULL,
  `mobile_phone` varchar(255) COLLATE utf8mb4_unicode_ci DEFAULT NULL,
  `email` varchar(255) COLLATE utf8mb4_unicode_ci DEFAULT NULL,
  `skhun` varchar(255) COLLATE utf8mb4_unicode_ci DEFAULT NULL,
  `kps_recipient` tinyint(1) NOT NULL DEFAULT '0',
  `kps_number` varchar(255) COLLATE utf8mb4_unicode_ci DEFAULT NULL,
  `class_group` varchar(255) COLLATE utf8mb4_unicode_ci DEFAULT NULL,
  `un_number` varchar(255) COLLATE utf8mb4_unicode_ci DEFAULT NULL,
  `ijazah_number` varchar(255) COLLATE utf8mb4_unicode_ci DEFAULT NULL,
  `kip_recipient` tinyint(1) NOT NULL DEFAULT '0',
  `kip_number` varchar(255) COLLATE utf8mb4_unicode_ci DEFAULT NULL,
  `kip_name` varchar(255) COLLATE utf8mb4_unicode_ci DEFAULT NULL,
  `kks_number` varchar(255) COLLATE utf8mb4_unicode_ci DEFAULT NULL,
  `birth_certificate_no` varchar(255) COLLATE utf8mb4_unicode_ci DEFAULT NULL,
  `bank_name` varchar(255) COLLATE utf8mb4_unicode_ci DEFAULT NULL,
  `bank_account_number` varchar(255) COLLATE utf8mb4_unicode_ci DEFAULT NULL,
  `bank_account_holder` varchar(255) COLLATE utf8mb4_unicode_ci DEFAULT NULL,
  `pip_eligible` tinyint(1) NOT NULL DEFAULT '0',
  `pip_eligible_reason` text COLLATE utf8mb4_unicode_ci,
  `special_needs` varchar(255) COLLATE utf8mb4_unicode_ci DEFAULT NULL,
  `previous_school` varchar(255) COLLATE utf8mb4_unicode_ci DEFAULT NULL,
  `child_order` int DEFAULT NULL,
  `latitude` decimal(10,8) DEFAULT NULL,
  `longitude` decimal(11,8) DEFAULT NULL,
  `kk_number` varchar(16) COLLATE utf8mb4_unicode_ci DEFAULT NULL,
  `weight` decimal(5,2) DEFAULT NULL,
  `height` decimal(5,2) DEFAULT NULL,
  `head_circumference` decimal(5,2) DEFAULT NULL,
  `siblings_count` int DEFAULT NULL,
  `distance_to_school` decimal(5,2) DEFAULT NULL,
  `father_name` varchar(255) COLLATE utf8mb4_unicode_ci DEFAULT NULL,
  `father_birth_year` year DEFAULT NULL,
  `father_education` varchar(255) COLLATE utf8mb4_unicode_ci DEFAULT NULL,
  `father_occupation` varchar(255) COLLATE utf8mb4_unicode_ci DEFAULT NULL,
  `father_income` varchar(255) COLLATE utf8mb4_unicode_ci DEFAULT NULL,
  `father_nik` varchar(16) COLLATE utf8mb4_unicode_ci DEFAULT NULL,
  `mother_name` varchar(255) COLLATE utf8mb4_unicode_ci DEFAULT NULL,
  `mother_birth_year` year DEFAULT NULL,
  `mother_education` varchar(255) COLLATE utf8mb4_unicode_ci DEFAULT NULL,
  `mother_occupation` varchar(255) COLLATE utf8mb4_unicode_ci DEFAULT NULL,
  `mother_income` varchar(255) COLLATE utf8mb4_unicode_ci DEFAULT NULL,
  `mother_nik` varchar(16) COLLATE utf8mb4_unicode_ci DEFAULT NULL,
  `guardian_name` varchar(255) COLLATE utf8mb4_unicode_ci DEFAULT NULL,
  `guardian_birth_year` year DEFAULT NULL,
  `guardian_education` varchar(255) COLLATE utf8mb4_unicode_ci DEFAULT NULL,
  `guardian_occupation` varchar(255) COLLATE utf8mb4_unicode_ci DEFAULT NULL,
  `guardian_income` varchar(255) COLLATE utf8mb4_unicode_ci DEFAULT NULL,
  `guardian_nik` varchar(16) COLLATE utf8mb4_unicode_ci DEFAULT NULL,
  `created_at` timestamp NULL DEFAULT NULL,
  `updated_at` timestamp NULL DEFAULT NULL,
  PRIMARY KEY (`id`),
  KEY `student_details_user_id_foreign` (`user_id`),
  CONSTRAINT `student_details_user_id_foreign` FOREIGN KEY (`user_id`) REFERENCES `users` (`id`) ON DELETE CASCADE
) ENGINE=InnoDB DEFAULT CHARSET=utf8mb4 COLLATE=utf8mb4_unicode_ci;
/*!40101 SET character_set_client = @saved_cs_client */;

LOCK TABLES `student_details` WRITE;
/*!40000 ALTER TABLE `student_details` DISABLE KEYS */;
/*!40000 ALTER TABLE `student_details` ENABLE KEYS */;
UNLOCK TABLES;
DROP TABLE IF EXISTS `student_permits`;
/*!40101 SET @saved_cs_client     = @@character_set_client */;
/*!50503 SET character_set_client = utf8mb4 */;
CREATE TABLE `student_permits` (
  `id` bigint unsigned NOT NULL AUTO_INCREMENT,
  `student_id` bigint unsigned NOT NULL,
  `approved_by` bigint unsigned DEFAULT NULL,
  `piket_guru_id` bigint unsigned DEFAULT NULL,
  `permit_date` date NOT NULL,
  `start_time` time NOT NULL,
  `end_time` time DEFAULT NULL,
  `reason` varchar(255) COLLATE utf8mb4_unicode_ci NOT NULL,
  `status` enum('pending','approved','completed','rejected') COLLATE utf8mb4_unicode_ci NOT NULL DEFAULT 'pending',
  `notes` text COLLATE utf8mb4_unicode_ci,
  `approved_at` timestamp NULL DEFAULT NULL,
  `returned_at` timestamp NULL DEFAULT NULL,
  `created_at` timestamp NULL DEFAULT NULL,
  `updated_at` timestamp NULL DEFAULT NULL,
  `deleted_at` timestamp NULL DEFAULT NULL,
  PRIMARY KEY (`id`),
  KEY `student_permits_student_id_foreign` (`student_id`),
  KEY `student_permits_approved_by_foreign` (`approved_by`),
  KEY `student_permits_piket_guru_id_foreign` (`piket_guru_id`),
  CONSTRAINT `student_permits_approved_by_foreign` FOREIGN KEY (`approved_by`) REFERENCES `users` (`id`) ON DELETE SET NULL,
  CONSTRAINT `student_permits_piket_guru_id_foreign` FOREIGN KEY (`piket_guru_id`) REFERENCES `users` (`id`) ON DELETE SET NULL,
  CONSTRAINT `student_permits_student_id_foreign` FOREIGN KEY (`student_id`) REFERENCES `users` (`id`) ON DELETE CASCADE
) ENGINE=InnoDB DEFAULT CHARSET=utf8mb4 COLLATE=utf8mb4_unicode_ci;
/*!40101 SET character_set_client = @saved_cs_client */;

LOCK TABLES `student_permits` WRITE;
/*!40000 ALTER TABLE `student_permits` DISABLE KEYS */;
/*!40000 ALTER TABLE `student_permits` ENABLE KEYS */;
UNLOCK TABLES;
DROP TABLE IF EXISTS `students`;
/*!40101 SET @saved_cs_client     = @@character_set_client */;
/*!50503 SET character_set_client = utf8mb4 */;
CREATE TABLE `students` (
  `id` bigint unsigned NOT NULL AUTO_INCREMENT,
  `nis` varchar(255) COLLATE utf8mb4_unicode_ci NOT NULL,
  `nama_lengkap` varchar(255) COLLATE utf8mb4_unicode_ci NOT NULL,
  `email` varchar(255) COLLATE utf8mb4_unicode_ci NOT NULL,
  `telp` varchar(255) COLLATE utf8mb4_unicode_ci DEFAULT NULL,
  `jenis_kelamin` enum('L','P') COLLATE utf8mb4_unicode_ci NOT NULL,
  `agama` varchar(255) COLLATE utf8mb4_unicode_ci NOT NULL,
  `class_room_id` bigint unsigned NOT NULL,
  `user_id` bigint unsigned DEFAULT NULL,
  `created_at` timestamp NULL DEFAULT NULL,
  `updated_at` timestamp NULL DEFAULT NULL,
  PRIMARY KEY (`id`),
  UNIQUE KEY `students_nis_unique` (`nis`),
  UNIQUE KEY `students_email_unique` (`email`),
  KEY `students_class_room_id_foreign` (`class_room_id`),
  KEY `students_user_id_foreign` (`user_id`),
  CONSTRAINT `students_class_room_id_foreign` FOREIGN KEY (`class_room_id`) REFERENCES `class_rooms` (`id`) ON DELETE CASCADE,
  CONSTRAINT `students_user_id_foreign` FOREIGN KEY (`user_id`) REFERENCES `users` (`id`) ON DELETE SET NULL
) ENGINE=InnoDB AUTO_INCREMENT=1476 DEFAULT CHARSET=utf8mb4 COLLATE=utf8mb4_unicode_ci;
/*!40101 SET character_set_client = @saved_cs_client */;

LOCK TABLES `students` WRITE;
/*!40000 ALTER TABLE `students` DISABLE KEYS */;
INSERT INTO `students` VALUES (1,'5972','ABDULLAH HASBIY ASSIFA','5972@gmail.com','81555661234','L','Islam',34,NULL,'2025-01-06 13:00:36','2025-01-06 13:00:36'),(2,'5973','AGUNG BAYU PRASETYO','5973@gmail.com','81555661235','L','Islam',34,NULL,'2025-01-06 13:00:36','2025-01-06 13:00:36'),(3,'5974','AGUSTIAN','5974@gmail.com','81555661236','L','Islam',34,NULL,'2025-01-06 13:00:36','2025-01-06 13:00:36'),(4,'5975','ALDI AKBAR SAFITRI','5975@gmail.com','81555661237','L','Islam',34,NULL,'2025-01-06 13:00:36','2025-01-06 13:00:36'),(5,'5976','ALDO SUKRON DAROJAT','5976@gmail.com','81555661238','L','Islam',34,NULL,'2025-01-06 13:00:36','2025-01-06 13:00:36'),(6,'5977','ALIF NUR IRHAM','5977@gmail.com','81555661239','L','Islam',34,NULL,'2025-01-06 13:00:36','2025-01-06 13:00:36'),(7,'5978','ANDIKA DWI PRAYOGA','5978@gmail.com','81555661240','L','Islam',34,NULL,'2025-01-06 13:00:36','2025-01-06 13:00:36'),(8,'5979','ANGGA DESTA PRAYOGA','5979@gmail.com','81555661241','L','Islam',34,NULL,'2025-01-06 13:00:36','2025-01-06 13:00:36'),(9,'5980','ANNAS MA\'RUF','5980@gmail.com','81555661242','L','Islam',34,NULL,'2025-01-06 13:00:36','2025-01-06 13:00:36'),(10,'5981','ARTHUR PANDITA ELKARIM','5981@gmail.com','81555661243','L','Islam',34,NULL,'2025-01-06 13:00:36','2025-01-06 13:00:36'),(11,'5982','AUFADIN ATTARASID SAPUTRA','5982@gmail.com','81555661244','L','Islam',34,NULL,'2025-01-06 13:00:36','2025-01-06 13:00:36'),(12,'5983','DIMAS SENOGIOSI','5983@gmail.com','81555661245','L','Islam',34,NULL,'2025-01-06 13:00:36','2025-01-06 13:00:36'),(13,'5984','FADLI ADITYA NUGROHO','5984@gmail.com','81555661246','L','Islam',34,NULL,'2025-01-06 13:00:36','2025-01-06 13:00:36'),(14,'5985','FARHAN RAMDANI','5985@gmail.com','81555661247','L','Islam',34,NULL,'2025-01-06 13:00:36','2025-01-06 13:00:36'),(15,'5986','IBNU RAFI\'I RAMADHAN','5986@gmail.com','81555661248','L','Islam',34,NULL,'2025-01-06 13:00:36','2025-01-06 13:00:36'),(16,'5987','ILHAM DARMAWAN SAPUTRA','5987@gmail.com','81555661249','L','Islam',34,NULL,'2025-01-06 13:00:36','2025-01-06 13:00:36'),(17,'5988','INDRA SETIAWAN','5988@gmail.com','81555661250','L','Islam',34,NULL,'2025-01-06 13:00:36','2025-01-06 13:00:36'),(18,'5989','IRZA DAFIN FEBRIANSYAH','5989@gmail.com','81555661251','L','Islam',34,NULL,'2025-01-06 13:00:36','2025-01-06 13:00:36'),(19,'5990','IYAN SETIAWAN','5990@gmail.com','81555661252','L','Islam',34,NULL,'2025-01-06 13:00:36','2025-01-06 13:00:36'),(20,'5991','JAKA YUDA PRATAMA','5991@gmail.com','81555661253','L','Islam',34,NULL,'2025-01-06 13:00:36','2025-01-06 13:00:36'),(21,'5992','KHEVIN ZARIF BIRLIAN','5992@gmail.com','81555661254','L','Islam',34,NULL,'2025-01-06 13:00:36','2025-01-06 13:00:36'),(22,'5993','M. ZULFI NOER ARIF','5993@gmail.com','81555661255','L','Islam',34,NULL,'2025-01-06 13:00:36','2025-01-06 13:00:36'),(23,'5994','MOHAMAD FAIZ WAHYU HIDAYAT','5994@gmail.com','81555661256','L','Islam',34,NULL,'2025-01-06 13:00:36','2025-01-06 13:00:36'),(24,'5995','MUHAMAD ZULFAN AZAMI','5995@gmail.com','81555661257','L','Islam',34,NULL,'2025-01-06 13:00:36','2025-01-06 13:00:36'),(25,'5996','MUHAMMAD REZA AL HAFIDZ','5996@gmail.com','81555661258','L','Islam',34,NULL,'2025-01-06 13:00:36','2025-01-06 13:00:36'),(26,'5997','RAGIL SAPUTRA','5997@gmail.com','81555661259','L','Islam',34,NULL,'2025-01-06 13:00:36','2025-01-06 13:00:36'),(27,'5998','RAIHAN DWI NAYOTAMA DAIFULOH','5998@gmail.com','81555661260','L','Islam',34,NULL,'2025-01-06 13:00:36','2025-01-06 13:00:36'),(28,'5999','REDIT ARDIANTO','5999@gmail.com','81555661261','L','Islam',34,NULL,'2025-01-06 13:00:36','2025-01-06 13:00:36'),(29,'6001','RIZKHI ADNAN PRATAMA','6001@gmail.com','81555661262','L','Islam',34,NULL,'2025-01-06 13:00:36','2025-01-06 13:00:36'),(30,'6002','SOFIYAN TAMRIN','6002@gmail.com','81555661263','L','Islam',34,NULL,'2025-01-06 13:00:36','2025-01-06 13:00:36'),(31,'6003','TAFTA ARYIANSYAH','6003@gmail.com','81555661264','L','Islam',34,NULL,'2025-01-06 13:00:36','2025-01-06 13:00:36'),(32,'6004','UMAR ROHMANUDIN','6004@gmail.com','81555661265','L','Islam',34,NULL,'2025-01-06 13:00:36','2025-01-06 13:00:36'),(33,'6005','VICKY ALFIAN','6005@gmail.com','81555661266','L','Islam',34,NULL,'2025-01-06 13:00:36','2025-01-06 13:00:36'),(34,'6006','WILDANU YAZIDU RIZQO','6006@gmail.com','81555661267','L','Islam',34,NULL,'2025-01-06 13:00:36','2025-01-06 13:00:36'),(35,'6007','YOSHI DWI ANDHIKA','6007@gmail.com','81555661268','L','Islam',34,NULL,'2025-01-06 13:00:36','2025-01-06 13:00:36'),(36,'6008','AFIF RISTIAN NUR HIDAYAH','6008@gmail.com','81555661269','L','Islam',35,NULL,'2025-01-06 13:00:36','2025-01-06 13:00:36'),(37,'6009','AGIL AGUSTINA','6009@gmail.com','81555661270','P','Islam',35,NULL,'2025-01-06 13:00:36','2025-01-06 13:00:36'),(38,'6010','ALLIEF NUR WANDA','6010@gmail.com','81555661271','L','Islam',35,NULL,'2025-01-06 13:00:36','2025-01-06 13:00:36'),(39,'6011','ANDIKA PUTRA HIDAYAT','6011@gmail.com','81555661272','L','Islam',35,NULL,'2025-01-06 13:00:36','2025-01-06 13:00:36'),(40,'6012','ANDRI SAEAN NUDIN','6012@gmail.com','81555661273','L','Islam',35,NULL,'2025-01-06 13:00:36','2025-01-06 13:00:36'),(41,'6013','ARGANTA ZADA RAMADHAN','6013@gmail.com','81555661274','L','Islam',35,NULL,'2025-01-06 13:00:36','2025-01-06 13:00:36'),(42,'6014','CHANDRA PUTRA NUGRAHA','6014@gmail.com','81555661275','L','Islam',35,NULL,'2025-01-06 13:00:36','2025-01-06 13:00:36'),(43,'6015','DIMAS PERMULA TANJUNG','6015@gmail.com','81555661276','L','Islam',35,NULL,'2025-01-06 13:00:36','2025-01-06 13:00:36'),(44,'6016','DIRGA FAJAR ROMADHON','6016@gmail.com','81555661277','L','Islam',35,NULL,'2025-01-06 13:00:36','2025-01-06 13:00:36'),(45,'6017','ELINLOGITA','6017@gmail.com','81555661278','P','Islam',35,NULL,'2025-01-06 13:00:36','2025-01-06 13:00:36'),(46,'6018','ERLANGGA GAVRA EFENDY','6018@gmail.com','81555661279','L','Islam',35,NULL,'2025-01-06 13:00:36','2025-01-06 13:00:36'),(47,'6019','FADIL EGA SAPUTRA','6019@gmail.com','81555661280','L','Islam',35,NULL,'2025-01-06 13:00:36','2025-01-06 13:00:36'),(48,'6020','FADLAN RIZQI MAULANA','6020@gmail.com','81555661281','L','Islam',35,NULL,'2025-01-06 13:00:36','2025-01-06 13:00:36'),(49,'6021','FADLURAHMAN WAHID','6021@gmail.com','81555661282','L','Islam',35,NULL,'2025-01-06 13:00:36','2025-01-06 13:00:36'),(50,'6022','FAIZAL ARDIANSYAH','6022@gmail.com','81555661283','L','Islam',35,NULL,'2025-01-06 13:00:36','2025-01-06 13:00:36'),(51,'6023','FARDAN ALIFIO','6023@gmail.com','81555661284','L','Islam',35,NULL,'2025-01-06 13:00:37','2025-01-06 13:00:37'),(52,'6024','FASHA DZINI LUTFIAH','6024@gmail.com','81555661285','P','Islam',35,NULL,'2025-01-06 13:00:37','2025-01-06 13:00:37'),(53,'6025','FELANDI KURNIA PRATAMA','6025@gmail.com','81555661286','L','Islam',35,NULL,'2025-01-06 13:00:37','2025-01-06 13:00:37'),(54,'6026','FIKRI RAMADAN SYAHPUTRA','6026@gmail.com','81555661287','L','Islam',35,NULL,'2025-01-06 13:00:37','2025-01-06 13:00:37'),(55,'6027','GREDIAN PUTRA RAMADAN','6027@gmail.com','81555661288','L','Islam',35,NULL,'2025-01-06 13:00:37','2025-01-06 13:00:37'),(56,'6028','IBNU SANTOSA','6028@gmail.com','81555661289','L','Islam',35,NULL,'2025-01-06 13:00:37','2025-01-06 13:00:37'),(57,'6029','INDRA IVAN GUSTIAN','6029@gmail.com','81555661290','L','Islam',35,NULL,'2025-01-06 13:00:37','2025-01-06 13:00:37'),(58,'6030','JEFRI JULIANSAH','6030@gmail.com','81555661291','L','Islam',35,NULL,'2025-01-06 13:00:37','2025-01-06 13:00:37'),(59,'6031','JULIAN ALFA HIDAYAT','6031@gmail.com','81555661292','L','Islam',35,NULL,'2025-01-06 13:00:37','2025-01-06 13:00:37'),(60,'6032','KEISYA FINANDITA PUTRI','6032@gmail.com','81555661293','P','Islam',35,NULL,'2025-01-06 13:00:37','2025-01-06 13:00:37'),(61,'6033','MAULIDA TALITHA AZARIA','6033@gmail.com','81555661294','P','Islam',35,NULL,'2025-01-06 13:00:37','2025-01-06 13:00:37'),(62,'6034','MOCHAMAD FITRAH ARDANA','6034@gmail.com','81555661295','L','Islam',35,NULL,'2025-01-06 13:00:37','2025-01-06 13:00:37'),(63,'6035','MUHAMMAD ALFATIR','6035@gmail.com','81555661296','L','Islam',35,NULL,'2025-01-06 13:00:37','2025-01-06 13:00:37'),(64,'6036','PUTRI DEA FEBRIANA','6036@gmail.com','81555661297','P','Islam',35,NULL,'2025-01-06 13:00:37','2025-01-06 13:00:37'),(65,'6038','RIZKI KHOERU ZAKI','6038@gmail.com','81555661298','L','Islam',35,NULL,'2025-01-06 13:00:37','2025-01-06 13:00:37'),(66,'6039','WISNU ADJI PANGESTU','6039@gmail.com','81555661299','L','Islam',35,NULL,'2025-01-06 13:00:37','2025-01-06 13:00:37'),(67,'6040','YUDISTIRA TRI WICAKSONO','6040@gmail.com','81555661300','L','Islam',35,NULL,'2025-01-06 13:00:37','2025-01-06 13:00:37'),(68,'6041','ZAENAL ARIFIN','6041@gmail.com','81555661301','L','Islam',35,NULL,'2025-01-06 13:00:37','2025-01-06 13:00:37'),(69,'6042','ZAKY ROFIANA','6042@gmail.com','81555661302','L','Islam',35,NULL,'2025-01-06 13:00:37','2025-01-06 13:00:37'),(70,'6043','ZULVIKAR RASYA EVANDRA','6043@gmail.com','81555661303','L','Islam',35,NULL,'2025-01-06 13:00:37','2025-01-06 13:00:37'),(71,'6044','AFIFA AMRUL AMBIA','6044@gmail.com','81555661304','L','Islam',36,NULL,'2025-01-06 13:00:37','2025-01-06 13:00:37'),(72,'6045','ALIF ARFA SAPUTRA','6045@gmail.com','81555661305','L','Islam',36,NULL,'2025-01-06 13:00:37','2025-01-06 13:00:37'),(73,'6046','APRIAN SUKMA WIJAYA','6046@gmail.com','81555661306','L','Islam',36,NULL,'2025-01-06 13:00:37','2025-01-06 13:00:37'),(74,'6047','AZIIZ NUR FAUZAN','6047@gmail.com','81555661307','L','Islam',36,NULL,'2025-01-06 13:00:37','2025-01-06 13:00:37'),(75,'6048','BAYU TEGAR SAPUTRA','6048@gmail.com','81555661308','L','Islam',36,NULL,'2025-01-06 13:00:37','2025-01-06 13:00:37'),(76,'6049','DAFID BAYU SETIAWAN','6049@gmail.com','81555661309','L','Islam',36,NULL,'2025-01-06 13:00:37','2025-01-06 13:00:37'),(77,'6050','DIAN ANDIKA PRATAMA','6050@gmail.com','81555661310','L','Islam',36,NULL,'2025-01-06 13:00:37','2025-01-06 13:00:37'),(78,'6051','FAIZ AULIYAN FATHONI MURTADLO','6051@gmail.com','81555661311','L','Islam',36,NULL,'2025-01-06 13:00:37','2025-01-06 13:00:37'),(79,'6052','FAKHRI IZZUDDIN','6052@gmail.com','81555661312','L','Islam',36,NULL,'2025-01-06 13:00:37','2025-01-06 13:00:37'),(80,'6053','FARHAN DWI SAPUTRA','6053@gmail.com','81555661313','L','Islam',36,NULL,'2025-01-06 13:00:37','2025-01-06 13:00:37'),(81,'6054','FARID HIDAYAT','6054@gmail.com','81555661314','L','Islam',36,NULL,'2025-01-06 13:00:37','2025-01-06 13:00:37'),(82,'6055','FATUR RAHMAN NAUFAL SAID','6055@gmail.com','81555661315','L','Islam',36,NULL,'2025-01-06 13:00:37','2025-01-06 13:00:37'),(83,'6056','FERDIANSAH SUMARDIONO','6056@gmail.com','81555661316','L','Islam',36,NULL,'2025-01-06 13:00:37','2025-01-06 13:00:37'),(84,'6057','GALIH DWI SEMBODO','6057@gmail.com','81555661317','L','Islam',36,NULL,'2025-01-06 13:00:37','2025-01-06 13:00:37'),(85,'6058','HANIF ULIL ABSYOR','6058@gmail.com','81555661318','L','Islam',36,NULL,'2025-01-06 13:00:37','2025-01-06 13:00:37'),(86,'6059','IKMAL HAKIM NURULLOH','6059@gmail.com','81555661319','L','Islam',36,NULL,'2025-01-06 13:00:37','2025-01-06 13:00:37'),(87,'6060','JULIAN MUHAMAD YUSUF','6060@gmail.com','81555661320','L','Islam',36,NULL,'2025-01-06 13:00:37','2025-01-06 13:00:37'),(88,'6061','KANAKA VIRJA KARTALAMUNA','6061@gmail.com','81555661321','L','Islam',36,NULL,'2025-01-06 13:00:37','2025-01-06 13:00:37'),(89,'6062','LANA PRADITYA FADHILLAH','6062@gmail.com','81555661322','L','Islam',36,NULL,'2025-01-06 13:00:37','2025-01-06 13:00:37'),(90,'6063','LUTFAN KHAFIDH','6063@gmail.com','81555661323','L','Islam',36,NULL,'2025-01-06 13:00:37','2025-01-06 13:00:37'),(91,'6064','M. IBNU KARIM','6064@gmail.com','81555661324','L','Islam',36,NULL,'2025-01-06 13:00:37','2025-01-06 13:00:37'),(92,'6065','MOH.ANGGA MAULANA ALWI','6065@gmail.com','81555661325','L','Islam',36,NULL,'2025-01-06 13:00:37','2025-01-06 13:00:37'),(93,'6066','MUHAMAD DAVA SETIAWAN','6066@gmail.com','81555661326','L','Islam',36,NULL,'2025-01-06 13:00:37','2025-01-06 13:00:37'),(94,'6067','MUHAMMAD IZZUDIN RIZQI AL AZMI','6067@gmail.com','81555661327','L','Islam',36,NULL,'2025-01-06 13:00:37','2025-01-06 13:00:37'),(95,'6068','NOVAL KHABIB PRASETYO','6068@gmail.com','81555661328','L','Islam',36,NULL,'2025-01-06 13:00:37','2025-01-06 13:00:37'),(96,'6069','PUJI ADITYA PRATAMA','6069@gmail.com','81555661329','L','Islam',36,NULL,'2025-01-06 13:00:37','2025-01-06 13:00:37'),(97,'6070','RAFANI AGSYA MAHARDHIKA','6070@gmail.com','81555661330','L','Islam',36,NULL,'2025-01-06 13:00:37','2025-01-06 13:00:37'),(98,'6071','RAFI PUTRO UTOMO','6071@gmail.com','81555661331','L','Islam',36,NULL,'2025-01-06 13:00:37','2025-01-06 13:00:37'),(99,'6072','RAYHAN AHNAF FAUZAN','6072@gmail.com','81555661332','L','Islam',36,NULL,'2025-01-06 13:00:37','2025-01-06 13:00:37'),(100,'6073','RIKI MAULANA','6073@gmail.com','81555661333','L','Islam',36,NULL,'2025-01-06 13:00:37','2025-01-06 13:00:37'),(101,'6074','RISQY','6074@gmail.com','81555661334','L','Islam',36,NULL,'2025-01-06 13:00:37','2025-01-06 13:00:37'),(102,'6075','SANDYKA JULISTYAN GUMILANG','6075@gmail.com','81555661335','L','Islam',36,NULL,'2025-01-06 13:00:37','2025-01-06 13:00:37'),(103,'6076','SYARIF FEBRIAN','6076@gmail.com','81555661336','L','Islam',36,NULL,'2025-01-06 13:00:37','2025-01-06 13:00:37'),(104,'6077','TEGAR IBNU HAMDANI','6077@gmail.com','81555661337','L','Islam',36,NULL,'2025-01-06 13:00:37','2025-01-06 13:00:37'),(105,'6078','WAFIBIYAN ESA RAMADHAN','6078@gmail.com','81555661338','L','Islam',36,NULL,'2025-01-06 13:00:37','2025-01-06 13:00:37'),(106,'6079','WIDI PRASETYO','6079@gmail.com','81555661339','L','Islam',36,NULL,'2025-01-06 13:00:37','2025-01-06 13:00:37'),(107,'6080','ABDULLOH RIDLOWI AL FARISY','6080@gmail.com','81555661340','L','Islam',25,NULL,'2025-01-06 13:00:37','2025-01-06 13:00:37'),(108,'6081','ADAM SOLEHUDIN','6081@gmail.com','81555661341','L','Islam',25,NULL,'2025-01-06 13:00:37','2025-01-06 13:00:37'),(109,'6082','AISHA RAHMADANI','6082@gmail.com','81555661342','P','Islam',25,NULL,'2025-01-06 13:00:37','2025-01-06 13:00:37'),(110,'6083','AL MUKZIZAH','6083@gmail.com','81555661343','P','Islam',25,NULL,'2025-01-06 13:00:37','2025-01-06 13:00:37'),(111,'6084','ALFIAN RAFAEL','6084@gmail.com','81555661344','L','Islam',25,NULL,'2025-01-06 13:00:37','2025-01-06 13:00:37'),(112,'6085','ALFIN NUR HENDRIAWAN','6085@gmail.com','81555661345','L','Islam',25,NULL,'2025-01-06 13:00:37','2025-01-06 13:00:37'),(113,'6086','ALIF ALFIANSYAH','6086@gmail.com','81555661346','L','Islam',25,NULL,'2025-01-06 13:00:37','2025-01-06 13:00:37'),(114,'6087','ALZIR HILMIWAN','6087@gmail.com','81555661347','L','Islam',25,NULL,'2025-01-06 13:00:37','2025-01-06 13:00:37'),(115,'6088','ANDON RIFALDI','6088@gmail.com','81555661348','L','Islam',25,NULL,'2025-01-06 13:00:37','2025-01-06 13:00:37'),(116,'6089','ANISA AULIA ROYANI','6089@gmail.com','81555661349','P','Islam',25,NULL,'2025-01-06 13:00:37','2025-01-06 13:00:37'),(117,'6090','AOLIA NUR AVIVAH','6090@gmail.com','81555661350','P','Islam',25,NULL,'2025-01-06 13:00:37','2025-01-06 13:00:37'),(118,'6091','ARDI PRATAMA','6091@gmail.com','81555661351','L','Islam',25,NULL,'2025-01-06 13:00:37','2025-01-06 13:00:37'),(119,'6092','ARI PUTRI SEPTIANI','6092@gmail.com','81555661352','P','Islam',25,NULL,'2025-01-06 13:00:37','2025-01-06 13:00:37'),(120,'6093','ARKA DANUH INDRA','6093@gmail.com','81555661353','L','Islam',25,NULL,'2025-01-06 13:00:37','2025-01-06 13:00:37'),(121,'6094','ATTARIK SURYADITAMA','6094@gmail.com','81555661354','L','Islam',25,NULL,'2025-01-06 13:00:37','2025-01-06 13:00:37'),(122,'6095','CHELSIA OLIVIA','6095@gmail.com','81555661355','P','Islam',25,NULL,'2025-01-06 13:00:37','2025-01-06 13:00:37'),(123,'6096','DAFA TEKAD PRATAMA','6096@gmail.com','81555661356','L','Islam',25,NULL,'2025-01-06 13:00:37','2025-01-06 13:00:37'),(124,'6097','DEAN AJI SAPUTRA','6097@gmail.com','81555661357','L','Islam',25,NULL,'2025-01-06 13:00:37','2025-01-06 13:00:37'),(125,'6098','ELSA FUNGGANIS','6098@gmail.com','81555661358','P','Islam',25,NULL,'2025-01-06 13:00:37','2025-01-06 13:00:37'),(126,'6099','FAIZ SANDI IMAWAN','6099@gmail.com','81555661359','L','Islam',25,NULL,'2025-01-06 13:00:37','2025-01-06 13:00:37'),(127,'6100','FALIN TIYA FEBRIYANI','6100@gmail.com','81555661360','P','Islam',25,NULL,'2025-01-06 13:00:37','2025-01-06 13:00:37'),(128,'6101','GATAN CATUR YANUAR','6101@gmail.com','81555661361','L','Islam',25,NULL,'2025-01-06 13:00:37','2025-01-06 13:00:37'),(129,'6102','HANI ANGGRAENI PUTRI','6102@gmail.com','81555661362','P','Islam',25,NULL,'2025-01-06 13:00:37','2025-01-06 13:00:37'),(130,'6103','LIFIA RAMADANI','6103@gmail.com','81555661363','P','Islam',25,NULL,'2025-01-06 13:00:37','2025-01-06 13:00:37'),(131,'6104','M.IQBAL MAULANA','6104@gmail.com','81555661364','L','Islam',25,NULL,'2025-01-06 13:00:37','2025-01-06 13:00:37'),(132,'6105','MUAFIK IMANULLOH','6105@gmail.com','81555661365','L','Islam',25,NULL,'2025-01-06 13:00:37','2025-01-06 13:00:37'),(133,'6106','MUHAMMAD FAIZ LATIF','6106@gmail.com','81555661366','L','Islam',25,NULL,'2025-01-06 13:00:37','2025-01-06 13:00:37'),(134,'6107','NAILA ANDRIANI','6107@gmail.com','81555661367','P','Islam',25,NULL,'2025-01-06 13:00:37','2025-01-06 13:00:37'),(135,'6108','NANDA SATYA WICAKSONO','6108@gmail.com','81555661368','L','Islam',25,NULL,'2025-01-06 13:00:37','2025-01-06 13:00:37'),(136,'6109','RAHMAH AGUSTINA','6109@gmail.com','81555661369','P','Islam',25,NULL,'2025-01-06 13:00:37','2025-01-06 13:00:37'),(137,'6110','RATNA FANDA SELVIANA','6110@gmail.com','81555661370','P','Islam',25,NULL,'2025-01-06 13:00:37','2025-01-06 13:00:37'),(138,'6111','REHAN ARDIANSAH','6111@gmail.com','81555661371','L','Islam',25,NULL,'2025-01-06 13:00:37','2025-01-06 13:00:37'),(139,'6112','RESA VALENTINA','6112@gmail.com','81555661372','P','Islam',25,NULL,'2025-01-06 13:00:37','2025-01-06 13:00:37'),(140,'6113','RIDHO SULISTIAN','6113@gmail.com','81555661373','L','Islam',25,NULL,'2025-01-06 13:00:37','2025-01-06 13:00:37'),(141,'6114','RISKY RAMADHAN','6114@gmail.com','81555661374','L','Islam',25,NULL,'2025-01-06 13:00:37','2025-01-06 13:00:37'),(142,'6115','YUDHA PRANATA','6115@gmail.com','81555661375','L','Islam',25,NULL,'2025-01-06 13:00:37','2025-01-06 13:00:37'),(143,'6116','AGHA PUTRA PRASETYO','6116@gmail.com','81555661376','L','Islam',26,NULL,'2025-01-06 13:00:37','2025-01-06 13:00:37'),(144,'6117','AISAH MUZAROH','6117@gmail.com','81555661377','P','Islam',26,NULL,'2025-01-06 13:00:37','2025-01-06 13:00:37'),(145,'6118','ALFIN','6118@gmail.com','81555661378','L','Islam',26,NULL,'2025-01-06 13:00:37','2025-01-06 13:00:37'),(146,'6119','ALIFA ZUHAIRO','6119@gmail.com','81555661379','P','Islam',26,NULL,'2025-01-06 13:00:37','2025-01-06 13:00:37'),(147,'6120','ALISYA HASNA PUTRI','6120@gmail.com','81555661380','P','Islam',26,NULL,'2025-01-06 13:00:37','2025-01-06 13:00:37'),(148,'6121','ALYYATUL FAZZRI SAPUTRI','6121@gmail.com','81555661381','P','Islam',26,NULL,'2025-01-06 13:00:37','2025-01-06 13:00:37'),(149,'6122','ANNISA RISQIA RAMADHANI','6122@gmail.com','81555661382','P','Islam',26,NULL,'2025-01-06 13:00:37','2025-01-06 13:00:37'),(150,'6123','DIMAS ANDREAN','6123@gmail.com','81555661383','L','Islam',26,NULL,'2025-01-06 13:00:37','2025-01-06 13:00:37'),(151,'6124','DINO SETIAWAN','6124@gmail.com','81555661384','L','Islam',26,NULL,'2025-01-06 13:00:37','2025-01-06 13:00:37'),(152,'6125','DWI TEGAR SUGANDI','6125@gmail.com','81555661385','L','Islam',26,NULL,'2025-01-06 13:00:37','2025-01-06 13:00:37'),(153,'6126','ELSA DWI ARYANI','6126@gmail.com','81555661386','P','Islam',26,NULL,'2025-01-06 13:00:37','2025-01-06 13:00:37'),(154,'6127','FADIAH AURA RAMADANI','6127@gmail.com','81555661387','P','Islam',26,NULL,'2025-01-06 13:00:37','2025-01-06 13:00:37'),(155,'6128','FAHRI AZIS AGUSTIAN SAPUTRA','6128@gmail.com','81555661388','L','Islam',26,NULL,'2025-01-06 13:00:37','2025-01-06 13:00:37'),(156,'6129','FARDHAN KHAIRUL WARISI','6129@gmail.com','81555661389','L','Islam',26,NULL,'2025-01-06 13:00:37','2025-01-06 13:00:37'),(157,'6130','ICHA SETIYA OKTAVIANI','6130@gmail.com','81555661390','P','Islam',26,NULL,'2025-01-06 13:00:37','2025-01-06 13:00:37'),(158,'6131','INDAN YUGITA','6131@gmail.com','81555661391','L','Islam',26,NULL,'2025-01-06 13:00:37','2025-01-06 13:00:37'),(159,'6132','IQBAL FAIZ RAMADHAN','6132@gmail.com','81555661392','L','Islam',26,NULL,'2025-01-06 13:00:37','2025-01-06 13:00:37'),(160,'6133','MAULANA SIDIQ ADRIAN','6133@gmail.com','81555661393','L','Islam',26,NULL,'2025-01-06 13:00:37','2025-01-06 13:00:37'),(161,'6134','MISTI NUR AISAH','6134@gmail.com','81555661394','P','Islam',26,NULL,'2025-01-06 13:00:37','2025-01-06 13:00:37'),(162,'6135','MUCHAMMAD ZUHRUL ANAM','6135@gmail.com','81555661395','L','Islam',26,NULL,'2025-01-06 13:00:37','2025-01-06 13:00:37'),(163,'6136','MUDRIK','6136@gmail.com','81555661396','L','Islam',26,NULL,'2025-01-06 13:00:37','2025-01-06 13:00:37'),(164,'6137','OLIA APRILIANA','6137@gmail.com','81555661397','P','Islam',26,NULL,'2025-01-06 13:00:37','2025-01-06 13:00:37'),(165,'6138','RATNA WAHYUNI','6138@gmail.com','81555661398','P','Islam',26,NULL,'2025-01-06 13:00:37','2025-01-06 13:00:37'),(166,'6139','RAYHAN DWI PRASTIO','6139@gmail.com','81555661399','L','Islam',26,NULL,'2025-01-06 13:00:37','2025-01-06 13:00:37'),(167,'6140','RAZIF NURHOLIS','6140@gmail.com','81555661400','L','Islam',26,NULL,'2025-01-06 13:00:37','2025-01-06 13:00:37'),(168,'6141','RIANA','6141@gmail.com','81555661401','P','Islam',26,NULL,'2025-01-06 13:00:37','2025-01-06 13:00:37'),(169,'6142','RIDLO FAHMI AL GANI','6142@gmail.com','81555661402','L','Islam',26,NULL,'2025-01-06 13:00:37','2025-01-06 13:00:37'),(170,'6143','SAFINAH ROUDOTUL JANAH','6143@gmail.com','81555661403','P','Islam',26,NULL,'2025-01-06 13:00:37','2025-01-06 13:00:37'),(171,'6144','SANIATUL NGAZIJAH','6144@gmail.com','81555661404','P','Islam',26,NULL,'2025-01-06 13:00:37','2025-01-06 13:00:37'),(172,'6145','SHELLA RAHMA DHANI','6145@gmail.com','81555661405','P','Islam',26,NULL,'2025-01-06 13:00:37','2025-01-06 13:00:37'),(173,'6146','SITI LAILATUL BADRIYAH','6146@gmail.com','81555661406','P','Islam',26,NULL,'2025-01-06 13:00:37','2025-01-06 13:00:37'),(174,'6147','TOMMI NUR WIDYA','6147@gmail.com','81555661407','L','Islam',26,NULL,'2025-01-06 13:00:37','2025-01-06 13:00:37'),(175,'6148','WIDA AGUSTINA','6148@gmail.com','81555661408','P','Islam',26,NULL,'2025-01-06 13:00:37','2025-01-06 13:00:37'),(176,'6149','YOVI FIRDA HENDI SAPUTRA','6149@gmail.com','81555661409','L','Islam',26,NULL,'2025-01-06 13:00:37','2025-01-06 13:00:37'),(177,'6150','YUDI SETIAWAN','6150@gmail.com','81555661410','L','Islam',26,NULL,'2025-01-06 13:00:37','2025-01-06 13:00:37'),(178,'6151','ZIYADATAN MUFLIKHUN MA\'RUF','6151@gmail.com','81555661411','L','Islam',26,NULL,'2025-01-06 13:00:37','2025-01-06 13:00:37'),(179,'6152','ADELIYA PUTRI MAELANI','6152@gmail.com','81555661412','P','Islam',27,NULL,'2025-01-06 13:00:37','2025-01-06 13:00:37'),(180,'6153','ADI SETIAWAN','6153@gmail.com','81555661413','L','Islam',27,NULL,'2025-01-06 13:00:37','2025-01-06 13:00:37'),(181,'6154','AFLAH DAUB ALFADILAH','6154@gmail.com','81555661414','L','Islam',27,NULL,'2025-01-06 13:00:37','2025-01-06 13:00:37'),(182,'6155','AHMAD ZAAKI AQMAL','6155@gmail.com','81555661415','L','Islam',27,NULL,'2025-01-06 13:00:37','2025-01-06 13:00:37'),(183,'6156','AKBAR JAYA MU`TI','6156@gmail.com','81555661416','L','Islam',27,NULL,'2025-01-06 13:00:37','2025-01-06 13:00:37'),(184,'6157','ANDIKA RIZAL VIRMANSYAH','6157@gmail.com','81555661417','L','Islam',27,NULL,'2025-01-06 13:00:37','2025-01-06 13:00:37'),(185,'6158','ANGGUN AYUNINGTYAS','6158@gmail.com','81555661418','P','Islam',27,NULL,'2025-01-06 13:00:37','2025-01-06 13:00:37'),(186,'6159','DAHFA ARDIYANSAH','6159@gmail.com','81555661419','L','Islam',27,NULL,'2025-01-06 13:00:37','2025-01-06 13:00:37'),(187,'6160','DEVITA DWI MUJIANA','6160@gmail.com','81555661420','P','Islam',27,NULL,'2025-01-06 13:00:37','2025-01-06 13:00:37'),(188,'6161','ENGGAR ADZLY MUSTAMA','6161@gmail.com','81555661421','L','Islam',27,NULL,'2025-01-06 13:00:37','2025-01-06 13:00:37'),(189,'6162','FAIJAL ARIF','6162@gmail.com','81555661422','L','Islam',27,NULL,'2025-01-06 13:00:37','2025-01-06 13:00:37'),(190,'6163','FAREL ADE SAHRIL ABDULLOH','6163@gmail.com','81555661423','L','Islam',27,NULL,'2025-01-06 13:00:37','2025-01-06 13:00:37'),(191,'6164','FEBIANA MAIY SAROH','6164@gmail.com','81555661424','P','Islam',27,NULL,'2025-01-06 13:00:37','2025-01-06 13:00:37'),(192,'6165','GALIH VIRMANSAH','6165@gmail.com','81555661425','L','Islam',27,NULL,'2025-01-06 13:00:37','2025-01-06 13:00:37'),(193,'6166','HAMDA ISTIYANI','6166@gmail.com','81555661426','P','Islam',27,NULL,'2025-01-06 13:00:37','2025-01-06 13:00:37'),(194,'6167','IMAN SURYA PAMUNGKAS','6167@gmail.com','81555661427','L','Islam',27,NULL,'2025-01-06 13:00:37','2025-01-06 13:00:37'),(195,'6168','JELI KELAKSANAH','6168@gmail.com','81555661428','P','Islam',27,NULL,'2025-01-06 13:00:37','2025-01-06 13:00:37'),(196,'6169','KANZHA NOFITA NINGSIH','6169@gmail.com','81555661429','P','Islam',27,NULL,'2025-01-06 13:00:37','2025-01-06 13:00:37'),(197,'6170','KHOLIFAH','6170@gmail.com','81555661430','P','Islam',27,NULL,'2025-01-06 13:00:37','2025-01-06 13:00:37'),(198,'6171','MAULANA AFANDI','6171@gmail.com','81555661431','L','Islam',27,NULL,'2025-01-06 13:00:37','2025-01-06 13:00:37'),(199,'6172','MIFTAHUL JANAH','6172@gmail.com','81555661432','P','Islam',27,NULL,'2025-01-06 13:00:37','2025-01-06 13:00:37'),(200,'6173','MUHAMAD NUR GUMILANG','6173@gmail.com','81555661433','L','Islam',27,NULL,'2025-01-06 13:00:37','2025-01-06 13:00:37'),(201,'6174','NAILA NUR FADILA','6174@gmail.com','81555661434','P','Islam',27,NULL,'2025-01-06 13:00:37','2025-01-06 13:00:37'),(202,'6175','NELFI FAIZAH','6175@gmail.com','81555661435','P','Islam',27,NULL,'2025-01-06 13:00:37','2025-01-06 13:00:37'),(203,'6176','NELLY USWATUS KHASANAH','6176@gmail.com','81555661436','P','Islam',27,NULL,'2025-01-06 13:00:37','2025-01-06 13:00:37'),(204,'6177','NINA FERLINA','6177@gmail.com','81555661437','P','Islam',27,NULL,'2025-01-06 13:00:37','2025-01-06 13:00:37'),(205,'6178','RAFI AJI SAPUTRA','6178@gmail.com','81555661438','L','Islam',27,NULL,'2025-01-06 13:00:37','2025-01-06 13:00:37'),(206,'6179','REZA TRI MAULANA','6179@gmail.com','81555661439','L','Islam',27,NULL,'2025-01-06 13:00:37','2025-01-06 13:00:37'),(207,'6180','RIDHO SAFA\'AT','6180@gmail.com','81555661440','L','Islam',27,NULL,'2025-01-06 13:00:37','2025-01-06 13:00:37'),(208,'6181','RISMA AMMATUSSYAKUR','6181@gmail.com','81555661441','P','Islam',27,NULL,'2025-01-06 13:00:37','2025-01-06 13:00:37'),(209,'6182','RIZKY APRIANSYAH','6182@gmail.com','81555661442','L','Islam',27,NULL,'2025-01-06 13:00:37','2025-01-06 13:00:37'),(210,'6183','SOHIRON','6183@gmail.com','81555661443','L','Islam',27,NULL,'2025-01-06 13:00:37','2025-01-06 13:00:37'),(211,'6184','SYAFIAH KEZIA JUNIANI','6184@gmail.com','81555661444','P','Islam',27,NULL,'2025-01-06 13:00:37','2025-01-06 13:00:37'),(212,'6185','WAHYU KRIS UTOMO','6185@gmail.com','81555661445','L','Islam',27,NULL,'2025-01-06 13:00:37','2025-01-06 13:00:37'),(213,'6186','WASESA BUDIONO','6186@gmail.com','81555661446','L','Islam',27,NULL,'2025-01-06 13:00:37','2025-01-06 13:00:37'),(214,'6187','YUNIATI','6187@gmail.com','81555661447','P','Islam',27,NULL,'2025-01-06 13:00:37','2025-01-06 13:00:37'),(215,'6188','\'AFIFAH SETYA NINGRUM','6188@gmail.com','81555661448','P','Islam',1,NULL,'2025-01-06 13:00:37','2025-01-06 13:00:37'),(216,'6189','ANDINI INTAN MARSHELLA','6189@gmail.com','81555661449','P','Islam',1,NULL,'2025-01-06 13:00:37','2025-01-06 13:00:37'),(217,'6190','ANNISA NURCAHYA','6190@gmail.com','81555661450','P','Islam',1,NULL,'2025-01-06 13:00:37','2025-01-06 13:00:37'),(218,'6191','ARIZKA MUKTI RAHAYU','6191@gmail.com','81555661451','P','Islam',1,NULL,'2025-01-06 13:00:37','2025-01-06 13:00:37'),(219,'6192','ASSIFA ANGGRAENI','6192@gmail.com','81555661452','P','Islam',1,NULL,'2025-01-06 13:00:37','2025-01-06 13:00:37'),(220,'6193','AURA NISA RAMADHANI','6193@gmail.com','81555661453','P','Islam',1,NULL,'2025-01-06 13:00:37','2025-01-06 13:00:37'),(221,'6194','AURELIA PUSPA KIRANA','6194@gmail.com','81555661454','P','Islam',1,NULL,'2025-01-06 13:00:37','2025-01-06 13:00:37'),(222,'6195','AYU NURUL KHOTIMAH','6195@gmail.com','81555661455','P','Islam',1,NULL,'2025-01-06 13:00:37','2025-01-06 13:00:37'),(223,'6196','BELA SETIANI','6196@gmail.com','81555661456','P','Islam',1,NULL,'2025-01-06 13:00:37','2025-01-06 13:00:37'),(224,'6197','DEKA HAZIJAH','6197@gmail.com','81555661457','P','Islam',1,NULL,'2025-01-06 13:00:37','2025-01-06 13:00:37'),(225,'6198','DIYANTI','6198@gmail.com','81555661458','P','Islam',1,NULL,'2025-01-06 13:00:37','2025-01-06 13:00:37'),(226,'6199','ELYTA KAYLA NASILA','6199@gmail.com','81555661459','P','Islam',1,NULL,'2025-01-06 13:00:37','2025-01-06 13:00:37'),(227,'6200','FELI FAUZIYAH','6200@gmail.com','81555661460','P','Islam',1,NULL,'2025-01-06 13:00:37','2025-01-06 13:00:37'),(228,'6201','FITA ALFIROH FITRIANI','6201@gmail.com','81555661461','P','Islam',1,NULL,'2025-01-06 13:00:37','2025-01-06 13:00:37'),(229,'6202','KHALIFATU AL MATIN','6202@gmail.com','81555661462','P','Islam',1,NULL,'2025-01-06 13:00:37','2025-01-06 13:00:37'),(230,'6203','LIA NOVITA','6203@gmail.com','81555661463','P','Islam',1,NULL,'2025-01-06 13:00:37','2025-01-06 13:00:37'),(231,'6204','LILIS FEBRIANTI','6204@gmail.com','81555661464','P','Islam',1,NULL,'2025-01-06 13:00:37','2025-01-06 13:00:37'),(232,'6205','LINA INDRIYANI','6205@gmail.com','81555661465','P','Islam',1,NULL,'2025-01-06 13:00:37','2025-01-06 13:00:37'),(233,'6206','LIVIA TRI AGUSTINA','6206@gmail.com','81555661466','P','Islam',1,NULL,'2025-01-06 13:00:37','2025-01-06 13:00:37'),(234,'6207','MAULIDA HINDUN SALSABILA','6207@gmail.com','81555661467','P','Islam',1,NULL,'2025-01-06 13:00:37','2025-01-06 13:00:37'),(235,'6208','MUJAHIDAH SAYMA','6208@gmail.com','81555661468','P','Islam',1,NULL,'2025-01-06 13:00:37','2025-01-06 13:00:37'),(236,'6209','NADINKA FITRIYANI','6209@gmail.com','81555661469','P','Islam',1,NULL,'2025-01-06 13:00:37','2025-01-06 13:00:37'),(237,'6210','NANI KHOMSYATUN KHASANAH S','6210@gmail.com','81555661470','P','Islam',1,NULL,'2025-01-06 13:00:37','2025-01-06 13:00:37'),(238,'6211','NIKEISHA NAEFARA NADINE','6211@gmail.com','81555661471','P','Islam',1,NULL,'2025-01-06 13:00:37','2025-01-06 13:00:37'),(239,'6212','NISA CAHYANI ASIH','6212@gmail.com','81555661472','P','Islam',1,NULL,'2025-01-06 13:00:37','2025-01-06 13:00:37'),(240,'6213','NISRINA USWATUN AINUN NISA','6213@gmail.com','81555661473','P','Islam',1,NULL,'2025-01-06 13:00:37','2025-01-06 13:00:37'),(241,'6214','NUR VIA LUSIANA','6214@gmail.com','81555661474','P','Islam',1,NULL,'2025-01-06 13:00:37','2025-01-06 13:00:37'),(242,'6215','PUTRI SALFINA','6215@gmail.com','81555661475','P','Islam',1,NULL,'2025-01-06 13:00:37','2025-01-06 13:00:37'),(243,'6216','RAHMA MAELANI','6216@gmail.com','81555661476','P','Islam',1,NULL,'2025-01-06 13:00:37','2025-01-06 13:00:37'),(244,'6217','SALASATUN KHASANAH','6217@gmail.com','81555661477','P','Islam',1,NULL,'2025-01-06 13:00:37','2025-01-06 13:00:37'),(245,'6218','SEPTIKA AULIA RAMADHANI','6218@gmail.com','81555661478','P','Islam',1,NULL,'2025-01-06 13:00:37','2025-01-06 13:00:37'),(246,'6219','SYIFA SASKIAWATI','6219@gmail.com','81555661479','P','Islam',1,NULL,'2025-01-06 13:00:37','2025-01-06 13:00:37'),(247,'6220','UKHTI ISNAENI','6220@gmail.com','81555661480','P','Islam',1,NULL,'2025-01-06 13:00:38','2025-01-06 13:00:38'),(248,'6221','WULAN AMBARWATI','6221@gmail.com','81555661481','P','Islam',1,NULL,'2025-01-06 13:00:38','2025-01-06 13:00:38'),(249,'6222','ZASQIA EKA RIZQI NURMILANIE','6222@gmail.com','81555661482','P','Islam',1,NULL,'2025-01-06 13:00:38','2025-01-06 13:00:38'),(250,'6223','ZORA RILLO GRESTIA','6223@gmail.com','81555661483','P','Islam',1,NULL,'2025-01-06 13:00:38','2025-01-06 13:00:38'),(251,'6224','ANIS NUR FAIZAH','6224@gmail.com','81555661484','P','Islam',2,NULL,'2025-01-06 13:00:38','2025-01-06 13:00:38'),(252,'6225','ANISA SANGADAH','6225@gmail.com','81555661485','P','Islam',2,NULL,'2025-01-06 13:00:38','2025-01-06 13:00:38'),(253,'6226','DANASTRI INEZ RAMADHANI','6226@gmail.com','81555661486','P','Islam',2,NULL,'2025-01-06 13:00:38','2025-01-06 13:00:38'),(254,'6227','DELOVA AFRILLIA','6227@gmail.com','81555661487','P','Islam',2,NULL,'2025-01-06 13:00:38','2025-01-06 13:00:38'),(255,'6228','DESFI FIDIANA TASA','6228@gmail.com','81555661488','P','Islam',2,NULL,'2025-01-06 13:00:38','2025-01-06 13:00:38'),(256,'6229','EFI WIDIYAWATI','6229@gmail.com','81555661489','P','Islam',2,NULL,'2025-01-06 13:00:38','2025-01-06 13:00:38'),(257,'6230','FERLYTA AURA LYANINGSIH','6230@gmail.com','81555661490','P','Islam',2,NULL,'2025-01-06 13:00:38','2025-01-06 13:00:38'),(258,'6231','FINO ARYA YUSUF','6231@gmail.com','81555661491','L','Islam',2,NULL,'2025-01-06 13:00:38','2025-01-06 13:00:38'),(259,'6232','GITSA RIFKA FADIA','6232@gmail.com','81555661492','P','Islam',2,NULL,'2025-01-06 13:00:38','2025-01-06 13:00:38'),(260,'6233','IKHSAN ADI PAMUNGKAS','6233@gmail.com','81555661493','L','Islam',2,NULL,'2025-01-06 13:00:38','2025-01-06 13:00:38'),(261,'6234','JOHAN AGUSTIN PAMUNGKAS','6234@gmail.com','81555661494','L','Islam',2,NULL,'2025-01-06 13:00:38','2025-01-06 13:00:38'),(262,'6235','LEVINA UNIANTI','6235@gmail.com','81555661495','P','Islam',2,NULL,'2025-01-06 13:00:38','2025-01-06 13:00:38'),(263,'6236','LIFIANTI','6236@gmail.com','81555661496','P','Islam',2,NULL,'2025-01-06 13:00:38','2025-01-06 13:00:38'),(264,'6237','MAHA LARAS SETIA ASIH','6237@gmail.com','81555661497','P','Islam',2,NULL,'2025-01-06 13:00:38','2025-01-06 13:00:38'),(265,'6238','MAULIA AGUSTINA','6238@gmail.com','81555661498','P','Islam',2,NULL,'2025-01-06 13:00:38','2025-01-06 13:00:38'),(266,'6239','MOHAMAD DAFA PRAMUDITA','6239@gmail.com','81555661499','L','Islam',2,NULL,'2025-01-06 13:00:38','2025-01-06 13:00:38'),(267,'6240','MUHAMMAD FAISAL','6240@gmail.com','81555661500','L','Islam',2,NULL,'2025-01-06 13:00:38','2025-01-06 13:00:38'),(268,'6241','PUTRI NADIA','6241@gmail.com','81555661501','P','Islam',2,NULL,'2025-01-06 13:00:38','2025-01-06 13:00:38'),(269,'6242','RAHMA UGI PANGESTI','6242@gmail.com','81555661502','P','Islam',2,NULL,'2025-01-06 13:00:38','2025-01-06 13:00:38'),(270,'6243','RISMA HERLINA','6243@gmail.com','81555661503','P','Islam',2,NULL,'2025-01-06 13:00:38','2025-01-06 13:00:38'),(271,'6244','SALSABILA AYU LESTARI','6244@gmail.com','81555661504','P','Islam',2,NULL,'2025-01-06 13:00:38','2025-01-06 13:00:38'),(272,'6245','SAROMAH','6245@gmail.com','81555661505','P','Islam',2,NULL,'2025-01-06 13:00:38','2025-01-06 13:00:38'),(273,'6246','SINTA APRILIA NINGSIH','6246@gmail.com','81555661506','P','Islam',2,NULL,'2025-01-06 13:00:38','2025-01-06 13:00:38'),(274,'6247','SIVAUL QOLBI NUR MILASARI','6247@gmail.com','81555661507','P','Islam',2,NULL,'2025-01-06 13:00:38','2025-01-06 13:00:38'),(275,'6248','SRI KARTIKA DEWI','6248@gmail.com','81555661508','P','Islam',2,NULL,'2025-01-06 13:00:38','2025-01-06 13:00:38'),(276,'6249','SYIFA ANGGRRAENI','6249@gmail.com','81555661509','P','Islam',2,NULL,'2025-01-06 13:00:38','2025-01-06 13:00:38'),(277,'6250','UHTI FAUZIAH','6250@gmail.com','81555661510','P','Islam',2,NULL,'2025-01-06 13:00:38','2025-01-06 13:00:38'),(278,'6251','UMAIROH','6251@gmail.com','81555661511','P','Islam',2,NULL,'2025-01-06 13:00:38','2025-01-06 13:00:38'),(279,'6252','USWATUN KHASANAH','6252@gmail.com','81555661512','P','Islam',2,NULL,'2025-01-06 13:00:38','2025-01-06 13:00:38'),(280,'6253','VIA LUSIANA','6253@gmail.com','81555661513','P','Islam',2,NULL,'2025-01-06 13:00:38','2025-01-06 13:00:38'),(281,'6254','VIDYA RISKI ASIFA','6254@gmail.com','81555661514','P','Islam',2,NULL,'2025-01-06 13:00:38','2025-01-06 13:00:38'),(282,'6255','YAYAN NURFAIZUN','6255@gmail.com','81555661515','L','Islam',2,NULL,'2025-01-06 13:00:38','2025-01-06 13:00:38'),(283,'6256','YESI RAHMADONA','6256@gmail.com','81555661516','P','Islam',2,NULL,'2025-01-06 13:00:38','2025-01-06 13:00:38'),(284,'6257','ZAHRA SURYANI','6257@gmail.com','81555661517','P','Islam',2,NULL,'2025-01-06 13:00:38','2025-01-06 13:00:38'),(285,'6258','ZIAN INDAH PRATIWI','6258@gmail.com','81555661518','P','Islam',2,NULL,'2025-01-06 13:00:38','2025-01-06 13:00:38'),(286,'6259','ZULFA ALIAH','6259@gmail.com','81555661519','P','Islam',2,NULL,'2025-01-06 13:00:38','2025-01-06 13:00:38'),(287,'6260','AFIFA MAHARANI','6260@gmail.com','81555661520','P','Islam',3,NULL,'2025-01-06 13:00:38','2025-01-06 13:00:38'),(288,'6261','ANISA OKTAVIA UTAMI','6261@gmail.com','81555661521','P','Islam',3,NULL,'2025-01-06 13:00:38','2025-01-06 13:00:38'),(289,'6262','ARDIYANTI FIRDASARI','6262@gmail.com','81555661522','P','Islam',3,NULL,'2025-01-06 13:00:38','2025-01-06 13:00:38'),(290,'6263','ARIN DESIANA','6263@gmail.com','81555661523','P','Islam',3,NULL,'2025-01-06 13:00:38','2025-01-06 13:00:38'),(291,'6264','ARUM STYA NINGSIH','6264@gmail.com','81555661524','P','Islam',3,NULL,'2025-01-06 13:00:38','2025-01-06 13:00:38'),(292,'6265','ASYIFA ANNUR RIZKI','6265@gmail.com','81555661525','P','Islam',3,NULL,'2025-01-06 13:00:38','2025-01-06 13:00:38'),(293,'6266','CITRA SRI LESTARI','6266@gmail.com','81555661526','P','Islam',3,NULL,'2025-01-06 13:00:38','2025-01-06 13:00:38'),(294,'6267','DWI RAHMAWATI','6267@gmail.com','81555661527','P','Islam',3,NULL,'2025-01-06 13:00:38','2025-01-06 13:00:38'),(295,'6268','EKA MARTINI','6268@gmail.com','81555661528','P','Islam',3,NULL,'2025-01-06 13:00:38','2025-01-06 13:00:38'),(296,'6269','FATIN MAJIDA MAULIDAH','6269@gmail.com','81555661529','P','Islam',3,NULL,'2025-01-06 13:00:38','2025-01-06 13:00:38'),(297,'6270','GHINA IZAROTUL NAFISA EKA Y','6270@gmail.com','81555661530','P','Islam',3,NULL,'2025-01-06 13:00:38','2025-01-06 13:00:38'),(298,'6271','INDAH FEBIANA','6271@gmail.com','81555661531','P','Islam',3,NULL,'2025-01-06 13:00:38','2025-01-06 13:00:38'),(299,'6272','INTAN TRISETIANI','6272@gmail.com','81555661532','P','Islam',3,NULL,'2025-01-06 13:00:38','2025-01-06 13:00:38'),(300,'6273','KHANSA AULIA AZZAHRA','6273@gmail.com','81555661533','P','Islam',3,NULL,'2025-01-06 13:00:38','2025-01-06 13:00:38'),(301,'6274','KHARISMA AULIA PUTRI','6274@gmail.com','81555661534','P','Islam',3,NULL,'2025-01-06 13:00:38','2025-01-06 13:00:38'),(302,'6275','LUTFIATUL HUSNA','6275@gmail.com','81555661535','P','Islam',3,NULL,'2025-01-06 13:00:38','2025-01-06 13:00:38'),(303,'6276','NABILA ATIK FATMAWATI','6276@gmail.com','81555661536','P','Islam',3,NULL,'2025-01-06 13:00:38','2025-01-06 13:00:38'),(304,'6277','NIA SILVANA','6277@gmail.com','81555661537','P','Islam',3,NULL,'2025-01-06 13:00:38','2025-01-06 13:00:38'),(305,'6278','RAHMA DWI HASANAH','6278@gmail.com','81555661538','P','Islam',3,NULL,'2025-01-06 13:00:38','2025-01-06 13:00:38'),(306,'6279','REFI ELISA MAULANA','6279@gmail.com','81555661539','P','Islam',3,NULL,'2025-01-06 13:00:38','2025-01-06 13:00:38'),(307,'6280','RESA RACHMABELLA','6280@gmail.com','81555661540','P','Islam',3,NULL,'2025-01-06 13:00:38','2025-01-06 13:00:38'),(308,'6281','RESTU FITRIANI','6281@gmail.com','81555661541','P','Islam',3,NULL,'2025-01-06 13:00:38','2025-01-06 13:00:38'),(309,'6282','RIANTI','6282@gmail.com','81555661542','P','Islam',3,NULL,'2025-01-06 13:00:38','2025-01-06 13:00:38'),(310,'6283','RIFA`UL NOVIANI','6283@gmail.com','81555661543','P','Islam',3,NULL,'2025-01-06 13:00:38','2025-01-06 13:00:38'),(311,'6284','RISKA AMANDA NORVEA','6284@gmail.com','81555661544','P','Islam',3,NULL,'2025-01-06 13:00:38','2025-01-06 13:00:38'),(312,'6285','RISTI SAPUTRI','6285@gmail.com','81555661545','P','Islam',3,NULL,'2025-01-06 13:00:38','2025-01-06 13:00:38'),(313,'6286','SANDRA ALFIANA','6286@gmail.com','81555661546','P','Islam',3,NULL,'2025-01-06 13:00:38','2025-01-06 13:00:38'),(314,'6287','SITI NUR\'AENI','6287@gmail.com','81555661547','P','Islam',3,NULL,'2025-01-06 13:00:38','2025-01-06 13:00:38'),(315,'6288','SRI OKTAFIA','6288@gmail.com','81555661548','P','Islam',3,NULL,'2025-01-06 13:00:38','2025-01-06 13:00:38'),(316,'6289','TITIS ANGGRAENI','6289@gmail.com','81555661549','P','Islam',3,NULL,'2025-01-06 13:00:38','2025-01-06 13:00:38'),(317,'6290','TRIANA RAMADANI','6290@gmail.com','81555661550','P','Islam',3,NULL,'2025-01-06 13:00:38','2025-01-06 13:00:38'),(318,'6291','TRIANI HIKMAH RAMADANI','6291@gmail.com','81555661551','P','Islam',3,NULL,'2025-01-06 13:00:38','2025-01-06 13:00:38'),(319,'6292','UMI ISTIHAROH','6292@gmail.com','81555661552','P','Islam',3,NULL,'2025-01-06 13:00:38','2025-01-06 13:00:38'),(320,'6293','ZAHRA RAMADHANI SYARAH','6293@gmail.com','81555661553','P','Islam',3,NULL,'2025-01-06 13:00:38','2025-01-06 13:00:38'),(321,'6294','ZAHRISFA MEILISYA NURRISQIYANTI','6294@gmail.com','81555661554','P','Islam',3,NULL,'2025-01-06 13:00:38','2025-01-06 13:00:38'),(322,'6295','ZAHROTUN NAFISAH','6295@gmail.com','81555661555','P','Islam',3,NULL,'2025-01-06 13:00:38','2025-01-06 13:00:38'),(323,'6296','ALEA RAMANDHA ZALFA','6296@gmail.com','81555661556','P','Islam',4,NULL,'2025-01-06 13:00:38','2025-01-06 13:00:38'),(324,'6297','ALIN SUCI ROHYANI','6297@gmail.com','81555661557','P','Islam',4,NULL,'2025-01-06 13:00:38','2025-01-06 13:00:38'),(325,'6298','ANISA FITRIA CAHYA','6298@gmail.com','81555661558','P','Islam',4,NULL,'2025-01-06 13:00:38','2025-01-06 13:00:38'),(326,'6299','AYUMI AFIFAH JAZEELA','6299@gmail.com','81555661559','P','Islam',4,NULL,'2025-01-06 13:00:38','2025-01-06 13:00:38'),(327,'6300','DELVI SAVIRA','6300@gmail.com','81555661560','P','Islam',4,NULL,'2025-01-06 13:00:38','2025-01-06 13:00:38'),(328,'6301','DEVI SETIA NINGRUM','6301@gmail.com','81555661561','P','Islam',4,NULL,'2025-01-06 13:00:38','2025-01-06 13:00:38'),(329,'6302','DEWI MAY LISTINA','6302@gmail.com','81555661562','P','Islam',4,NULL,'2025-01-06 13:00:38','2025-01-06 13:00:38'),(330,'6303','DIFA NUR ELISA','6303@gmail.com','81555661563','P','Islam',4,NULL,'2025-01-06 13:00:38','2025-01-06 13:00:38'),(331,'6304','DINI AGUSTIN','6304@gmail.com','81555661564','P','Islam',4,NULL,'2025-01-06 13:00:38','2025-01-06 13:00:38'),(332,'6305','EKA AMBAR SETYARINI','6305@gmail.com','81555661565','P','Islam',4,NULL,'2025-01-06 13:00:38','2025-01-06 13:00:38'),(333,'6306','EVALIANA','6306@gmail.com','81555661566','P','Islam',4,NULL,'2025-01-06 13:00:38','2025-01-06 13:00:38'),(334,'6307','FARADILA NUR FAIZAH','6307@gmail.com','81555661567','P','Islam',4,NULL,'2025-01-06 13:00:38','2025-01-06 13:00:38'),(335,'6308','HANA TRI ANDAI KUMALASARI','6308@gmail.com','81555661568','P','Islam',4,NULL,'2025-01-06 13:00:38','2025-01-06 13:00:38'),(336,'6309','HANIFAH NURAZIZAH','6309@gmail.com','81555661569','P','Islam',4,NULL,'2025-01-06 13:00:38','2025-01-06 13:00:38'),(337,'6310','HASNA HANA`UL AZKIA','6310@gmail.com','81555661570','P','Islam',4,NULL,'2025-01-06 13:00:38','2025-01-06 13:00:38'),(338,'6311','HELENA EKA MAYLANI','6311@gmail.com','81555661571','P','Islam',4,NULL,'2025-01-06 13:00:38','2025-01-06 13:00:38'),(339,'6312','IKA MARKIAH','6312@gmail.com','81555661572','P','Islam',4,NULL,'2025-01-06 13:00:38','2025-01-06 13:00:38'),(340,'6313','INDY RAMADHANTI','6313@gmail.com','81555661573','P','Islam',4,NULL,'2025-01-06 13:00:38','2025-01-06 13:00:38'),(341,'6314','INTAN ZULIA PANGESTIKA','6314@gmail.com','81555661574','P','Islam',4,NULL,'2025-01-06 13:00:38','2025-01-06 13:00:38'),(342,'6315','ISNAENI PUTRI CAHYANI','6315@gmail.com','81555661575','P','Islam',4,NULL,'2025-01-06 13:00:38','2025-01-06 13:00:38'),(343,'6316','LENA SEKARSARI','6316@gmail.com','81555661576','P','Islam',4,NULL,'2025-01-06 13:00:38','2025-01-06 13:00:38'),(344,'6317','LOVELA RESTIANA','6317@gmail.com','81555661577','P','Islam',4,NULL,'2025-01-06 13:00:38','2025-01-06 13:00:38'),(345,'6318','MELAN AGUSTIANI','6318@gmail.com','81555661578','P','Islam',4,NULL,'2025-01-06 13:00:38','2025-01-06 13:00:38'),(346,'6319','NARSI','6319@gmail.com','81555661579','P','Islam',4,NULL,'2025-01-06 13:00:38','2025-01-06 13:00:38'),(347,'6320','NAVELLA DWI PUTRI','6320@gmail.com','81555661580','P','Islam',4,NULL,'2025-01-06 13:00:38','2025-01-06 13:00:38'),(348,'6321','RAHMA AULIA OKTAVIA','6321@gmail.com','81555661581','P','Islam',4,NULL,'2025-01-06 13:00:38','2025-01-06 13:00:38'),(349,'6322','RISKA AGUSTINA','6322@gmail.com','81555661582','P','Islam',4,NULL,'2025-01-06 13:00:38','2025-01-06 13:00:38'),(350,'6323','RISTRI INDRIANI SAPUTRI','6323@gmail.com','81555661583','P','Islam',4,NULL,'2025-01-06 13:00:38','2025-01-06 13:00:38'),(351,'6324','RIYANTI PUTRI LESTARI','6324@gmail.com','81555661584','P','Islam',4,NULL,'2025-01-06 13:00:38','2025-01-06 13:00:38'),(352,'6325','SALSA MEILA PUTRI','6325@gmail.com','81555661585','P','Islam',4,NULL,'2025-01-06 13:00:38','2025-01-06 13:00:38'),(353,'6326','SHOFI SALSA BELA','6326@gmail.com','81555661586','P','Islam',4,NULL,'2025-01-06 13:00:38','2025-01-06 13:00:38'),(354,'6327','SYAFA VALLENA PUTRI','6327@gmail.com','81555661587','P','Islam',4,NULL,'2025-01-06 13:00:38','2025-01-06 13:00:38'),(355,'6328','SYAFIRA ROMADINI','6328@gmail.com','81555661588','P','Islam',4,NULL,'2025-01-06 13:00:38','2025-01-06 13:00:38'),(356,'6329','TITIS TRISTIA RINI','6329@gmail.com','81555661589','P','Islam',4,NULL,'2025-01-06 13:00:38','2025-01-06 13:00:38'),(357,'6330','TRIYAS FTRI OKTAVIYANI','6330@gmail.com','81555661590','P','Islam',4,NULL,'2025-01-06 13:00:38','2025-01-06 13:00:38'),(358,'6331','YASMIN AYUSITA','6331@gmail.com','81555661591','P','Islam',4,NULL,'2025-01-06 13:00:38','2025-01-06 13:00:38'),(359,'6332','AITA SETIANA','6332@gmail.com','81555661592','P','Islam',13,NULL,'2025-01-06 13:00:38','2025-01-06 13:00:38'),(360,'6333','ALDI ANSAH RIZKI AFRILIANTO','6333@gmail.com','81555661593','L','Islam',13,NULL,'2025-01-06 13:00:38','2025-01-06 13:00:38'),(361,'6334','ANASTASIA VALDA RIANDITA','6334@gmail.com','81555661594','P','Islam',13,NULL,'2025-01-06 13:00:38','2025-01-06 13:00:38'),(362,'6335','ANGGIT NURHIDAYAH','6335@gmail.com','81555661595','P','Islam',13,NULL,'2025-01-06 13:00:38','2025-01-06 13:00:38'),(363,'6336','AULIA JIHAN SASIKIRANA','6336@gmail.com','81555661596','P','Islam',13,NULL,'2025-01-06 13:00:38','2025-01-06 13:00:38'),(364,'6337','CANTIKA OKTARA GELAR KUSUMA','6337@gmail.com','81555661597','P','Islam',13,NULL,'2025-01-06 13:00:38','2025-01-06 13:00:38'),(365,'6338','DEVA YUNITA NURAINI','6338@gmail.com','81555661598','P','Islam',13,NULL,'2025-01-06 13:00:38','2025-01-06 13:00:38'),(366,'6339','EKA JUNIA PRATIWI','6339@gmail.com','81555661599','P','Islam',13,NULL,'2025-01-06 13:00:38','2025-01-06 13:00:38'),(367,'6340','FADINA SEPTIAWARDANI','6340@gmail.com','81555661600','P','Islam',13,NULL,'2025-01-06 13:00:38','2025-01-06 13:00:38'),(368,'6341','FARAH JIHAN','6341@gmail.com','81555661601','P','Islam',13,NULL,'2025-01-06 13:00:38','2025-01-06 13:00:38'),(369,'6342','FARRELL ISKO SAPUTRA','6342@gmail.com','81555661602','L','Islam',13,NULL,'2025-01-06 13:00:38','2025-01-06 13:00:38'),(370,'6343','FINA SYARA FATARANI','6343@gmail.com','81555661603','P','Islam',13,NULL,'2025-01-06 13:00:38','2025-01-06 13:00:38'),(371,'6344','HILDA SYAKIRA ZAHRATUSHITA','6344@gmail.com','81555661604','P','Islam',13,NULL,'2025-01-06 13:00:38','2025-01-06 13:00:38'),(372,'6345','IHWATUN KHASANAH WAROHMAH','6345@gmail.com','81555661605','P','Islam',13,NULL,'2025-01-06 13:00:38','2025-01-06 13:00:38'),(373,'6346','JANEETTA A. LUMBANTORUAN','6346@gmail.com','81555661606','P','Islam',13,NULL,'2025-01-06 13:00:38','2025-01-06 13:00:38'),(374,'6347','JIHAN FAHRIL NABILLA','6347@gmail.com','81555661607','P','Islam',13,NULL,'2025-01-06 13:00:38','2025-01-06 13:00:38'),(375,'6348','KHUSNUL RAMADANI TIYANINGSIH','6348@gmail.com','81555661608','P','Islam',13,NULL,'2025-01-06 13:00:38','2025-01-06 13:00:38'),(376,'6349','KISSYA OCTAVIA PUTRICIANA','6349@gmail.com','81555661609','P','Islam',13,NULL,'2025-01-06 13:00:38','2025-01-06 13:00:38'),(377,'6350','LAMALIFA KHUMAIRA FATIKHAH','6350@gmail.com','81555661610','P','Islam',13,NULL,'2025-01-06 13:00:38','2025-01-06 13:00:38'),(378,'6351','MAULIDA NADHIRA AZALIA','6351@gmail.com','81555661611','P','Islam',13,NULL,'2025-01-06 13:00:38','2025-01-06 13:00:38'),(379,'6352','MILADIA NUR MULTIYA','6352@gmail.com','81555661612','P','Islam',13,NULL,'2025-01-06 13:00:38','2025-01-06 13:00:38'),(380,'6353','MUHAMMAD MUDRIK','6353@gmail.com','81555661613','L','Islam',13,NULL,'2025-01-06 13:00:38','2025-01-06 13:00:38'),(381,'6354','NABILA REGITA CAHYANI','6354@gmail.com','81555661614','P','Islam',13,NULL,'2025-01-06 13:00:38','2025-01-06 13:00:38'),(382,'6355','NASER REFANDI','6355@gmail.com','81555661615','L','Islam',13,NULL,'2025-01-06 13:00:38','2025-01-06 13:00:38'),(383,'6356','NINING INDRIATI','6356@gmail.com','81555661616','P','Islam',13,NULL,'2025-01-06 13:00:38','2025-01-06 13:00:38'),(384,'6357','NURUL ISTIKOMAH','6357@gmail.com','81555661617','P','Islam',13,NULL,'2025-01-06 13:00:38','2025-01-06 13:00:38'),(385,'6358','RAGIL OKTAFIAN','6358@gmail.com','81555661618','L','Islam',13,NULL,'2025-01-06 13:00:38','2025-01-06 13:00:38'),(386,'6359','RIHADATUL HAWA','6359@gmail.com','81555661619','P','Islam',13,NULL,'2025-01-06 13:00:38','2025-01-06 13:00:38'),(387,'6360','SASHA DWI MARGALENA','6360@gmail.com','81555661620','P','Islam',13,NULL,'2025-01-06 13:00:38','2025-01-06 13:00:38'),(388,'6361','SELVI ALIFAH','6361@gmail.com','81555661621','P','Islam',13,NULL,'2025-01-06 13:00:38','2025-01-06 13:00:38'),(389,'6362','SUKRISTIO ARWANSYAH','6362@gmail.com','81555661622','L','Islam',13,NULL,'2025-01-06 13:00:38','2025-01-06 13:00:38'),(390,'6363','SURYA DWI CAHYO','6363@gmail.com','81555661623','L','Islam',13,NULL,'2025-01-06 13:00:38','2025-01-06 13:00:38'),(391,'6364','TANIA','6364@gmail.com','81555661624','P','Islam',13,NULL,'2025-01-06 13:00:38','2025-01-06 13:00:38'),(392,'6365','VAUZAN AL AZIZ','6365@gmail.com','81555661625','L','Islam',13,NULL,'2025-01-06 13:00:38','2025-01-06 13:00:38'),(393,'6366','WULAN SEPTHI RAKHMADIANI','6366@gmail.com','81555661626','P','Islam',13,NULL,'2025-01-06 13:00:38','2025-01-06 13:00:38'),(394,'6367','YOLANDA EFLYN ALENA RAHMADANI','6367@gmail.com','81555661627','P','Islam',13,NULL,'2025-01-06 13:00:38','2025-01-06 13:00:38'),(395,'6368','AFRISCA BERLIANA','6368@gmail.com','81555661628','P','Islam',14,NULL,'2025-01-06 13:00:38','2025-01-06 13:00:38'),(396,'6369','AIMAN NURFALAH HERMANTO','6369@gmail.com','81555661629','L','Islam',14,NULL,'2025-01-06 13:00:38','2025-01-06 13:00:38'),(397,'6370','AISYA ANIK MATUL ULUHIYAH','6370@gmail.com','81555661630','P','Islam',14,NULL,'2025-01-06 13:00:38','2025-01-06 13:00:38'),(398,'6371','ANDIKA JULIYANTO','6371@gmail.com','81555661631','L','Islam',14,NULL,'2025-01-06 13:00:38','2025-01-06 13:00:38'),(399,'6372','ANNISA NUR KHANIFAH','6372@gmail.com','81555661632','P','Islam',14,NULL,'2025-01-06 13:00:38','2025-01-06 13:00:38'),(400,'6373','AZKA TIANIKA','6373@gmail.com','81555661633','P','Islam',14,NULL,'2025-01-06 13:00:38','2025-01-06 13:00:38'),(401,'6374','CANDRIKA PRAHITA DEWANTARI','6374@gmail.com','81555661634','P','Islam',14,NULL,'2025-01-06 13:00:38','2025-01-06 13:00:38'),(402,'6375','DENI SETIAWAN','6375@gmail.com','81555661635','L','Islam',14,NULL,'2025-01-06 13:00:38','2025-01-06 13:00:38'),(403,'6376','DIAH KHARTIKA SARI','6376@gmail.com','81555661636','P','Islam',14,NULL,'2025-01-06 13:00:38','2025-01-06 13:00:38'),(404,'6377','DIAN HAQIQI IBNU WAFA ATHOILLAH','6377@gmail.com','81555661637','L','Islam',14,NULL,'2025-01-06 13:00:38','2025-01-06 13:00:38'),(405,'6378','DINI DESTIKA AFRIANA','6378@gmail.com','81555661638','P','Islam',14,NULL,'2025-01-06 13:00:38','2025-01-06 13:00:38'),(406,'6379','DWI SETIANINGSIH','6379@gmail.com','81555661639','P','Islam',14,NULL,'2025-01-06 13:00:38','2025-01-06 13:00:38'),(407,'6380','EKA PUTRI RAHAYU','6380@gmail.com','81555661640','P','Islam',14,NULL,'2025-01-06 13:00:38','2025-01-06 13:00:38'),(408,'6381','ERIN APRILIA','6381@gmail.com','81555661641','P','Islam',14,NULL,'2025-01-06 13:00:38','2025-01-06 13:00:38'),(409,'6382','ERNI ANGGRAENI','6382@gmail.com','81555661642','P','Islam',14,NULL,'2025-01-06 13:00:38','2025-01-06 13:00:38'),(410,'6383','FIONA DWI NURAINI','6383@gmail.com','81555661643','P','Islam',14,NULL,'2025-01-06 13:00:38','2025-01-06 13:00:38'),(411,'6384','FITRI APRILIA','6384@gmail.com','81555661644','P','Islam',14,NULL,'2025-01-06 13:00:38','2025-01-06 13:00:38'),(412,'6385','GEVI DEVTIA MAEMUNAH','6385@gmail.com','81555661645','P','Islam',14,NULL,'2025-01-06 13:00:38','2025-01-06 13:00:38'),(413,'6386','HANUM KUMAYA FAID','6386@gmail.com','81555661646','P','Islam',14,NULL,'2025-01-06 13:00:38','2025-01-06 13:00:38'),(414,'6387','HUBBUN NAWA ERLANG SYABAB','6387@gmail.com','81555661647','L','Islam',14,NULL,'2025-01-06 13:00:38','2025-01-06 13:00:38'),(415,'6388','INTAN SRIWAHYUNI','6388@gmail.com','81555661648','P','Islam',14,NULL,'2025-01-06 13:00:38','2025-01-06 13:00:38'),(416,'6389','KEISYA AYU MAULIDA','6389@gmail.com','81555661649','P','Islam',14,NULL,'2025-01-06 13:00:38','2025-01-06 13:00:38'),(417,'6390','LEILA MISELIA ANDRIANFI','6390@gmail.com','81555661650','P','Islam',14,NULL,'2025-01-06 13:00:38','2025-01-06 13:00:38'),(418,'6391','LOVIA APRIANNDARI','6391@gmail.com','81555661651','P','Islam',14,NULL,'2025-01-06 13:00:38','2025-01-06 13:00:38'),(419,'6392','MA`RIFATUL ZANAH','6392@gmail.com','81555661652','P','Islam',14,NULL,'2025-01-06 13:00:38','2025-01-06 13:00:38'),(420,'6393','MEI RIZKY TRI WILUJENG','6393@gmail.com','81555661653','P','Islam',14,NULL,'2025-01-06 13:00:38','2025-01-06 13:00:38'),(421,'6394','MELANI PUTRI ANANTASYA','6394@gmail.com','81555661654','P','Islam',14,NULL,'2025-01-06 13:00:38','2025-01-06 13:00:38'),(422,'6395','MUHAMMAD KAFI NAJMUDDZIKRI KOMARUDDIN','6395@gmail.com','81555661655','L','Islam',14,NULL,'2025-01-06 13:00:38','2025-01-06 13:00:38'),(423,'6396','NADHIF LANGGENG WIJAKSONO','6396@gmail.com','81555661656','L','Islam',14,NULL,'2025-01-06 13:00:38','2025-01-06 13:00:38'),(424,'6397','OKY SETIONO','6397@gmail.com','81555661657','L','Islam',14,NULL,'2025-01-06 13:00:38','2025-01-06 13:00:38'),(425,'6398','REFTIANA SAFITRI','6398@gmail.com','81555661658','P','Islam',14,NULL,'2025-01-06 13:00:38','2025-01-06 13:00:38'),(426,'6399','RENITA SAFITRI','6399@gmail.com','81555661659','P','Islam',14,NULL,'2025-01-06 13:00:38','2025-01-06 13:00:38'),(427,'6400','REVAN BAYU SAPUTRA','6400@gmail.com','81555661660','L','Islam',14,NULL,'2025-01-06 13:00:38','2025-01-06 13:00:38'),(428,'6401','SAHLA MUFIDAH CAHYANI','6401@gmail.com','81555661661','P','Islam',14,NULL,'2025-01-06 13:00:38','2025-01-06 13:00:38'),(429,'6402','SYAFIQ FAHRIAN','6402@gmail.com','81555661662','L','Islam',14,NULL,'2025-01-06 13:00:38','2025-01-06 13:00:38'),(430,'6403','ZAKIA KHUSNUL AZIZAH','6403@gmail.com','81555661663','P','Islam',14,NULL,'2025-01-06 13:00:38','2025-01-06 13:00:38'),(431,'6404','ADIZ BAKHTIAR','6404@gmail.com','81555661664','L','Islam',15,NULL,'2025-01-06 13:00:38','2025-01-06 13:00:38'),(432,'6405','ALFIN MAULANA ZAKARIA','6405@gmail.com','81555661665','L','Islam',15,NULL,'2025-01-06 13:00:38','2025-01-06 13:00:38'),(433,'6406','AMANDA NUR HESTIA','6406@gmail.com','81555661666','P','Islam',15,NULL,'2025-01-06 13:00:38','2025-01-06 13:00:38'),(434,'6407','AMELIA BENING AZAHRA','6407@gmail.com','81555661667','P','Islam',15,NULL,'2025-01-06 13:00:39','2025-01-06 13:00:39'),(435,'6408','ANDIKA RIZKI PRATAMA','6408@gmail.com','81555661668','L','Islam',15,NULL,'2025-01-06 13:00:39','2025-01-06 13:00:39'),(436,'6409','ANEKE NOVA ALFATIHAH','6409@gmail.com','81555661669','P','Islam',15,NULL,'2025-01-06 13:00:39','2025-01-06 13:00:39'),(437,'6410','AUNI FILZAH SAFFA ','6410@gmail.com','81555661670','P','Islam',15,NULL,'2025-01-06 13:00:39','2025-01-06 13:00:39'),(438,'6411','AURELLIA PUTRI FADILAH','6411@gmail.com','81555661671','P','Islam',15,NULL,'2025-01-06 13:00:39','2025-01-06 13:00:39'),(439,'6412','CAHYA RISQI OKTAVIANI','6412@gmail.com','81555661672','P','Islam',15,NULL,'2025-01-06 13:00:39','2025-01-06 13:00:39'),(440,'6413','DESTRI RAHMAWATI','6413@gmail.com','81555661673','P','Islam',15,NULL,'2025-01-06 13:00:39','2025-01-06 13:00:39'),(441,'6414','DESVIKA ANINDA PRATAMA','6414@gmail.com','81555661674','P','Islam',15,NULL,'2025-01-06 13:00:39','2025-01-06 13:00:39'),(442,'6415','DEWI AVRILIYANTI','6415@gmail.com','81555661675','P','Islam',15,NULL,'2025-01-06 13:00:39','2025-01-06 13:00:39'),(443,'6416','ESYA ERSALINA REDIANTI','6416@gmail.com','81555661676','P','Islam',15,NULL,'2025-01-06 13:00:39','2025-01-06 13:00:39'),(444,'6417','EVI JUNITA','6417@gmail.com','81555661677','P','Islam',15,NULL,'2025-01-06 13:00:39','2025-01-06 13:00:39'),(445,'6418','FANESA TIA RAHAYU ','6418@gmail.com','81555661678','P','Islam',15,NULL,'2025-01-06 13:00:39','2025-01-06 13:00:39'),(446,'6419','FATIMATU ZAHRA AL MIRA','6419@gmail.com','81555661679','P','Islam',15,NULL,'2025-01-06 13:00:39','2025-01-06 13:00:39'),(447,'6420','IKA MAULIA SIFA','6420@gmail.com','81555661680','P','Islam',15,NULL,'2025-01-06 13:00:39','2025-01-06 13:00:39'),(448,'6421','ISNA NGAFIFAH','6421@gmail.com','81555661681','P','Islam',15,NULL,'2025-01-06 13:00:39','2025-01-06 13:00:39'),(449,'6422','JULIAN CAHYA RAYYANI ','6422@gmail.com','81555661682','P','Islam',15,NULL,'2025-01-06 13:00:39','2025-01-06 13:00:39'),(450,'6423','KEYZA ZAZIA INDIRESTA','6423@gmail.com','81555661683','P','Islam',15,NULL,'2025-01-06 13:00:39','2025-01-06 13:00:39'),(451,'6424','MOHAMMAD RADITYA ALFARIQ','6424@gmail.com','81555661684','L','Islam',15,NULL,'2025-01-06 13:00:39','2025-01-06 13:00:39'),(452,'6425','MUHAMMAD DWI PRASETIYO','6425@gmail.com','81555661685','L','Islam',15,NULL,'2025-01-06 13:00:39','2025-01-06 13:00:39'),(453,'6426','NABILA FARHA W','6426@gmail.com','81555661686','P','Islam',15,NULL,'2025-01-06 13:00:39','2025-01-06 13:00:39'),(454,'6427','NAYLA OKTAFIA','6427@gmail.com','81555661687','P','Islam',15,NULL,'2025-01-06 13:00:39','2025-01-06 13:00:39'),(455,'6428','NAYLA PUTRI SAFITRI','6428@gmail.com','81555661688','P','Islam',15,NULL,'2025-01-06 13:00:39','2025-01-06 13:00:39'),(456,'6429','NOVELIA AVITA PUTRI','6429@gmail.com','81555661689','P','Islam',15,NULL,'2025-01-06 13:00:39','2025-01-06 13:00:39'),(457,'6430','RIKAH AYUNESTIA LATHIFAH','6430@gmail.com','81555661690','P','Islam',15,NULL,'2025-01-06 13:00:39','2025-01-06 13:00:39'),(458,'6431','RIZAL DZAKY BACHTIAR','6431@gmail.com','81555661691','L','Islam',15,NULL,'2025-01-06 13:00:39','2025-01-06 13:00:39'),(459,'6432','RIZKI NAUFAL','6432@gmail.com','81555661692','L','Islam',15,NULL,'2025-01-06 13:00:39','2025-01-06 13:00:39'),(460,'6433','RIZKY FELICIA AZARINE','6433@gmail.com','81555661693','P','Islam',15,NULL,'2025-01-06 13:00:39','2025-01-06 13:00:39'),(461,'6434','SAEFATUN LUSTIANA','6434@gmail.com','81555661694','P','Islam',15,NULL,'2025-01-06 13:00:39','2025-01-06 13:00:39'),(462,'6435','SELVI NURAZIZAH','6435@gmail.com','81555661695','P','Islam',15,NULL,'2025-01-06 13:00:39','2025-01-06 13:00:39'),(463,'6436','TSAQIF EZHAR HIBATULLAH','6436@gmail.com','81555661696','L','Islam',15,NULL,'2025-01-06 13:00:39','2025-01-06 13:00:39'),(464,'6437','ULFA MARLINA ','6437@gmail.com','81555661697','P','Islam',15,NULL,'2025-01-06 13:00:39','2025-01-06 13:00:39'),(465,'6438','VRIESCA TRI SETIYANI PUTRI LAELA ADI TAMA','6438@gmail.com','81555661698','P','Islam',15,NULL,'2025-01-06 13:00:39','2025-01-06 13:00:39'),(466,'6439','ZAIRA ANISA AMALIA','6439@gmail.com','81555661699','P','Islam',15,NULL,'2025-01-06 13:00:39','2025-01-06 13:00:39'),(467,'5503','ABBAS ABIMANYU TRISWORO','5503@gmail.com','81555661700','L','Islam',37,NULL,'2025-01-06 13:00:39','2025-01-06 13:00:39'),(468,'5504','ADITIYA JUNANTO','5504@gmail.com','81555661701','L','Islam',37,NULL,'2025-01-06 13:00:39','2025-01-06 13:00:39'),(469,'5505','AFFAN DWI MUHLAS','5505@gmail.com','81555661702','L','Islam',37,NULL,'2025-01-06 13:00:39','2025-01-06 13:00:39'),(470,'5506','AGITA PUTRI NOVIYANI','5506@gmail.com','81555661703','P','Islam',37,NULL,'2025-01-06 13:00:39','2025-01-06 13:00:39'),(471,'5507','ALAN SYAH ROHMATULLAH','5507@gmail.com','81555661704','L','Islam',37,NULL,'2025-01-06 13:00:39','2025-01-06 13:00:39'),(472,'5508','ANDRE RENANDA','5508@gmail.com','81555661705','L','Islam',37,NULL,'2025-01-06 13:00:39','2025-01-06 13:00:39'),(473,'5509','ARIF KURNIAWAN','5509@gmail.com','81555661706','L','Islam',37,NULL,'2025-01-06 13:00:39','2025-01-06 13:00:39'),(474,'5510','BAGAS ARKANA','5510@gmail.com','81555661707','L','Islam',37,NULL,'2025-01-06 13:00:39','2025-01-06 13:00:39'),(475,'5511','BANGUN CAHYA AL DIKA','5511@gmail.com','81555661708','L','Islam',37,NULL,'2025-01-06 13:00:39','2025-01-06 13:00:39'),(476,'5512','CALLYSTA NUR AZIZAH','5512@gmail.com','81555661709','P','Islam',37,NULL,'2025-01-06 13:00:39','2025-01-06 13:00:39'),(477,'5513','DIFA ADELIA','5513@gmail.com','81555661710','P','Islam',37,NULL,'2025-01-06 13:00:39','2025-01-06 13:00:39'),(478,'5514','DIMAS JULIA SAPUTRA','5514@gmail.com','81555661711','L','Islam',37,NULL,'2025-01-06 13:00:39','2025-01-06 13:00:39'),(479,'5515','DIMAS PRATAMA','5515@gmail.com','81555661712','L','Islam',37,NULL,'2025-01-06 13:00:39','2025-01-06 13:00:39'),(480,'5516','DJUAN RICHARD HERMANTO','5516@gmail.com','81555661713','L','Islam',37,NULL,'2025-01-06 13:00:39','2025-01-06 13:00:39'),(481,'5517','FAOZAN DEWI FADIL','5517@gmail.com','81555661714','L','Islam',37,NULL,'2025-01-06 13:00:39','2025-01-06 13:00:39'),(482,'5518','FARAND ARIF FARICO','5518@gmail.com','81555661715','L','Islam',37,NULL,'2025-01-06 13:00:39','2025-01-06 13:00:39'),(483,'5519','FAREL RAMADANI','5519@gmail.com','81555661716','L','Islam',37,NULL,'2025-01-06 13:00:39','2025-01-06 13:00:39'),(484,'5520','FARID VIKY PRASETYAWAN','5520@gmail.com','81555661717','L','Islam',37,NULL,'2025-01-06 13:00:39','2025-01-06 13:00:39'),(485,'5521','FARREN MAHESWARA','5521@gmail.com','81555661718','L','Islam',37,NULL,'2025-01-06 13:00:39','2025-01-06 13:00:39'),(486,'5522','GANDHI SAPUTRA','5522@gmail.com','81555661719','L','Islam',37,NULL,'2025-01-06 13:00:39','2025-01-06 13:00:39'),(487,'5523','GILANG PRATAMA','5523@gmail.com','81555661720','L','Islam',37,NULL,'2025-01-06 13:00:39','2025-01-06 13:00:39'),(488,'5524','GILAR CAHYA PRATAMA','5524@gmail.com','81555661721','L','Islam',37,NULL,'2025-01-06 13:00:39','2025-01-06 13:00:39'),(489,'5525','JULANG SHOBIRO','5525@gmail.com','81555661722','L','Islam',37,NULL,'2025-01-06 13:00:39','2025-01-06 13:00:39'),(490,'5526','KUKUH INDRA SUBEKTI','5526@gmail.com','81555661723','L','Islam',37,NULL,'2025-01-06 13:00:39','2025-01-06 13:00:39'),(491,'5527','MAULANA VIQI SAPUTRA','5527@gmail.com','81555661724','L','Islam',37,NULL,'2025-01-06 13:00:39','2025-01-06 13:00:39'),(492,'5528','MUHAMMAD FARIZ RAHMAN','5528@gmail.com','81555661725','L','Islam',37,NULL,'2025-01-06 13:00:39','2025-01-06 13:00:39'),(493,'5529','MUHAMMAD RIZKI FIRMANSYAH','5529@gmail.com','81555661726','L','Islam',37,NULL,'2025-01-06 13:00:39','2025-01-06 13:00:39'),(494,'5530','NADILA SEPTIANA RAMADHANI','5530@gmail.com','81555661727','P','Islam',37,NULL,'2025-01-06 13:00:39','2025-01-06 13:00:39'),(495,'5531','NAZLA ALYA RAHAYU','5531@gmail.com','81555661728','P','Islam',37,NULL,'2025-01-06 13:00:39','2025-01-06 13:00:39'),(496,'5532','NAZRIEL DYAZ WILLDANY','5532@gmail.com','81555661729','L','Islam',37,NULL,'2025-01-06 13:00:39','2025-01-06 13:00:39'),(497,'5533','NIKO PRAYOGA','5533@gmail.com','81555661730','L','Islam',37,NULL,'2025-01-06 13:00:39','2025-01-06 13:00:39'),(498,'5534','OJI PANGESTU','5534@gmail.com','81555661731','L','Islam',37,NULL,'2025-01-06 13:00:39','2025-01-06 13:00:39'),(499,'5535','RAIHAN FATIHA','5535@gmail.com','81555661732','L','Islam',37,NULL,'2025-01-06 13:00:39','2025-01-06 13:00:39'),(500,'5536','REZA SETIAWAN','5536@gmail.com','81555661733','L','Islam',37,NULL,'2025-01-06 13:00:39','2025-01-06 13:00:39'),(501,'5538','ZIKHWAH AINUN NISA','5538@gmail.com','81555661734','P','Islam',37,NULL,'2025-01-06 13:00:39','2025-01-06 13:00:39'),(502,'5539','ADE NURFAJRI','5539@gmail.com','81555661735','L','Islam',38,NULL,'2025-01-06 13:00:39','2025-01-06 13:00:39'),(503,'5540','ADNAN PURNOMO','5540@gmail.com','81555661736','L','Islam',38,NULL,'2025-01-06 13:00:39','2025-01-06 13:00:39'),(504,'5541','AFFIN TRI MUHLIS','5541@gmail.com','81555661737','L','Islam',38,NULL,'2025-01-06 13:00:39','2025-01-06 13:00:39'),(505,'5542','AKHMAL DWI SEPTIAN','5542@gmail.com','81555661738','L','Islam',38,NULL,'2025-01-06 13:00:39','2025-01-06 13:00:39'),(506,'5543','ALAN RIDHO SAPUTRA','5543@gmail.com','81555661739','L','Islam',38,NULL,'2025-01-06 13:00:39','2025-01-06 13:00:39'),(507,'5544','ALDHI','5544@gmail.com','81555661740','L','Islam',38,NULL,'2025-01-06 13:00:39','2025-01-06 13:00:39'),(508,'5545','ALEN FEBRIAN','5545@gmail.com','81555661741','L','Islam',38,NULL,'2025-01-06 13:00:39','2025-01-06 13:00:39'),(509,'5546','ANGGA HANIF NAUFAL','5546@gmail.com','81555661742','L','Islam',38,NULL,'2025-01-06 13:00:39','2025-01-06 13:00:39'),(510,'5547','ARVIN AL ASYRAF','5547@gmail.com','81555661743','L','Islam',38,NULL,'2025-01-06 13:00:39','2025-01-06 13:00:39'),(511,'5548','BAGAS RAMADANI','5548@gmail.com','81555661744','L','Islam',38,NULL,'2025-01-06 13:00:39','2025-01-06 13:00:39'),(512,'5549','BAYU ADITIYA SAPUTRA','5549@gmail.com','81555661745','L','Islam',38,NULL,'2025-01-06 13:00:39','2025-01-06 13:00:39'),(513,'5550','DAFFA AMMAR MAULANA','5550@gmail.com','81555661746','L','Islam',38,NULL,'2025-01-06 13:00:39','2025-01-06 13:00:39'),(514,'5551','DIKY ARDIANSYAH','5551@gmail.com','81555661747','L','Islam',38,NULL,'2025-01-06 13:00:39','2025-01-06 13:00:39'),(515,'5552','DIMAS ERLANGGA','5552@gmail.com','81555661748','L','Islam',38,NULL,'2025-01-06 13:00:39','2025-01-06 13:00:39'),(516,'5553','DIMAS NUR CAHYANTO','5553@gmail.com','81555661749','L','Islam',38,NULL,'2025-01-06 13:00:39','2025-01-06 13:00:39'),(517,'5554','DISTA HERMAWAN','5554@gmail.com','81555661750','L','Islam',38,NULL,'2025-01-06 13:00:39','2025-01-06 13:00:39'),(518,'5555','FAIRUZ IKBAR RAMADHAN AHMAD','5555@gmail.com','81555661751','L','Islam',38,NULL,'2025-01-06 13:00:39','2025-01-06 13:00:39'),(519,'5556','FAIZAL ARIANTO','5556@gmail.com','81555661752','L','Islam',38,NULL,'2025-01-06 13:00:39','2025-01-06 13:00:39'),(520,'5557','FAREL ELLO DANUWARTA','5557@gmail.com','81555661753','L','Islam',38,NULL,'2025-01-06 13:00:39','2025-01-06 13:00:39'),(521,'5558','FARID IMANSYAH','5558@gmail.com','81555661754','L','Islam',38,NULL,'2025-01-06 13:00:39','2025-01-06 13:00:39'),(522,'5559','FATHUROHMAN GILANG ADIONO','5559@gmail.com','81555661755','L','Islam',38,NULL,'2025-01-06 13:00:39','2025-01-06 13:00:39'),(523,'5561','HABIBI IBNU PAMUNGKAS','5561@gmail.com','81555661756','L','Islam',38,NULL,'2025-01-06 13:00:39','2025-01-06 13:00:39'),(524,'5562','HERLAN JULIYANTORO','5562@gmail.com','81555661757','L','Islam',38,NULL,'2025-01-06 13:00:39','2025-01-06 13:00:39'),(525,'5563','MAULANA ERLANGGA PRADANA','5563@gmail.com','81555661758','L','Islam',38,NULL,'2025-01-06 13:00:39','2025-01-06 13:00:39'),(526,'5564','MUCH. DEVANI ADITYA FANHAR','5564@gmail.com','81555661759','L','Islam',38,NULL,'2025-01-06 13:00:39','2025-01-06 13:00:39'),(527,'5565','MUHAMAD AKBAR PRATAMA','5565@gmail.com','81555661760','L','Islam',38,NULL,'2025-01-06 13:00:39','2025-01-06 13:00:39'),(528,'5566','MUHAMAD FAISHAL ZAKY','5566@gmail.com','81555661761','L','Islam',38,NULL,'2025-01-06 13:00:39','2025-01-06 13:00:39'),(529,'5567','MUHAMMAD  ZAIN AKBAR','5567@gmail.com','81555661762','L','Islam',38,NULL,'2025-01-06 13:00:39','2025-01-06 13:00:39'),(530,'5568','MUNANDI','5568@gmail.com','81555661763','L','Islam',38,NULL,'2025-01-06 13:00:39','2025-01-06 13:00:39'),(531,'5569','RAFI SETYAWAN','5569@gmail.com','81555661764','L','Islam',38,NULL,'2025-01-06 13:00:39','2025-01-06 13:00:39'),(532,'5971','RASYA RAUF HIDAYAH','5971@gmail.com','81555661765','L','Islam',38,NULL,'2025-01-06 13:00:39','2025-01-06 13:00:39'),(533,'5571','REYNALDI WAHYU IRFANSYACH','5571@gmail.com','81555661766','L','Islam',38,NULL,'2025-01-06 13:00:39','2025-01-06 13:00:39'),(534,'5572','SINGGIH ALFIAN WIDIYANTO','5572@gmail.com','81555661767','L','Islam',38,NULL,'2025-01-06 13:00:39','2025-01-06 13:00:39'),(535,'5573','WALIDIANTORO KHOIRONI','5573@gmail.com','81555661768','L','Islam',38,NULL,'2025-01-06 13:00:39','2025-01-06 13:00:39'),(536,'5574','WILDAN NURUL AWALI','5574@gmail.com','81555661769','L','Islam',38,NULL,'2025-01-06 13:00:39','2025-01-06 13:00:39'),(537,'5575','ADAM FIRMANSYAH','5575@gmail.com','81555661770','L','Islam',39,NULL,'2025-01-06 13:00:39','2025-01-06 13:00:39'),(538,'5576','AFGAN RAUF KURNIAWAN','5576@gmail.com','81555661771','L','Islam',39,NULL,'2025-01-06 13:00:39','2025-01-06 13:00:39'),(539,'5577','AHMAD RAFIQ ULINUHA','5577@gmail.com','81555661772','L','Islam',39,NULL,'2025-01-06 13:00:39','2025-01-06 13:00:39'),(540,'5578','AL ALAN MUIZZALFA MAULAN','5578@gmail.com','81555661773','L','Islam',39,NULL,'2025-01-06 13:00:39','2025-01-06 13:00:39'),(541,'5579','ALDI RIDO IRWANSAH','5579@gmail.com','81555661774','L','Islam',39,NULL,'2025-01-06 13:00:39','2025-01-06 13:00:39'),(542,'5580','AWANG LINTAR DAMARA','5580@gmail.com','81555661775','L','Islam',39,NULL,'2025-01-06 13:00:39','2025-01-06 13:00:39'),(543,'5581','BAYU AJI SAPUTRA','5581@gmail.com','81555661776','L','Islam',39,NULL,'2025-01-06 13:00:39','2025-01-06 13:00:39'),(544,'5582','BEBY PUTRA PERDANA','5582@gmail.com','81555661777','L','Islam',39,NULL,'2025-01-06 13:00:39','2025-01-06 13:00:39'),(545,'5584','DANENDRA PUTRA PERKASA','5584@gmail.com','81555661778','L','Islam',39,NULL,'2025-01-06 13:00:39','2025-01-06 13:00:39'),(546,'5585','DASTIAN FAJAR MUMININ','5585@gmail.com','81555661779','L','Islam',39,NULL,'2025-01-06 13:00:39','2025-01-06 13:00:39'),(547,'5586','DIENIS SEPTIAN NUGROHO','5586@gmail.com','81555661780','L','Islam',39,NULL,'2025-01-06 13:00:39','2025-01-06 13:00:39'),(548,'5587','DIMAS SURYA DHARMA ALI','5587@gmail.com','81555661781','L','Islam',39,NULL,'2025-01-06 13:00:39','2025-01-06 13:00:39'),(549,'5588','EDO SETIAWAN','5588@gmail.com','81555661782','L','Islam',39,NULL,'2025-01-06 13:00:39','2025-01-06 13:00:39'),(550,'5589','EGA BAGAS PANDIYA','5589@gmail.com','81555661783','L','Islam',39,NULL,'2025-01-06 13:00:39','2025-01-06 13:00:39'),(551,'5590','ESSA SAPUTRO','5590@gmail.com','81555661784','L','Islam',39,NULL,'2025-01-06 13:00:39','2025-01-06 13:00:39'),(552,'5591','FADHLAN RAYSZA RAFI','5591@gmail.com','81555661785','L','Islam',39,NULL,'2025-01-06 13:00:39','2025-01-06 13:00:39'),(553,'5592','FAISAL NALLA SAPUTRA','5592@gmail.com','81555661786','L','Islam',39,NULL,'2025-01-06 13:00:39','2025-01-06 13:00:39'),(554,'5593','FARREL GALAN SAPUTRA','5593@gmail.com','81555661787','L','Islam',39,NULL,'2025-01-06 13:00:39','2025-01-06 13:00:39'),(555,'5594','FARRELO FATIH APRILIAN','5594@gmail.com','81555661788','L','Islam',39,NULL,'2025-01-06 13:00:39','2025-01-06 13:00:39'),(556,'5595','FIKI TRIANTORO','5595@gmail.com','81555661789','L','Islam',39,NULL,'2025-01-06 13:00:39','2025-01-06 13:00:39'),(557,'5596','ISAL DINMAS PRADITIYO','5596@gmail.com','81555661790','L','Islam',39,NULL,'2025-01-06 13:00:39','2025-01-06 13:00:39'),(558,'5597','JANUAR FAQIH TRIYANDI','5597@gmail.com','81555661791','L','Islam',39,NULL,'2025-01-06 13:00:39','2025-01-06 13:00:39'),(559,'5598','KEIZYA NARA PRADHITA','5598@gmail.com','81555661792','L','Islam',39,NULL,'2025-01-06 13:00:39','2025-01-06 13:00:39'),(560,'5599','M. HAFID ZULFAISAL','5599@gmail.com','81555661793','L','Islam',39,NULL,'2025-01-06 13:00:39','2025-01-06 13:00:39'),(561,'5600','MAULANA ZIDDAN','5600@gmail.com','81555661794','L','Islam',39,NULL,'2025-01-06 13:00:39','2025-01-06 13:00:39'),(562,'5601','MUHAMMAD RAYHAAN GHAFARA','5601@gmail.com','81555661795','L','Islam',39,NULL,'2025-01-06 13:00:39','2025-01-06 13:00:39'),(563,'5602','NGARIQUL ZAQI','5602@gmail.com','81555661796','L','Islam',39,NULL,'2025-01-06 13:00:39','2025-01-06 13:00:39'),(564,'5603','RADIAN ASKA','5603@gmail.com','81555661797','L','Islam',39,NULL,'2025-01-06 13:00:39','2025-01-06 13:00:39'),(565,'5604','RAFLI SAPUTRA','5604@gmail.com','81555661798','L','Islam',39,NULL,'2025-01-06 13:00:39','2025-01-06 13:00:39'),(566,'5605','RIFQI BAGASTAMA','5605@gmail.com','81555661799','L','Islam',39,NULL,'2025-01-06 13:00:39','2025-01-06 13:00:39'),(567,'5606','ROBI STIAWAN','5606@gmail.com','81555661800','L','Islam',39,NULL,'2025-01-06 13:00:39','2025-01-06 13:00:39'),(568,'5607','SALMAN AL-FARISI','5607@gmail.com','81555661801','L','Islam',39,NULL,'2025-01-06 13:00:39','2025-01-06 13:00:39'),(569,'5608','SETIYO ARIF MUNANDAR','5608@gmail.com','81555661802','L','Islam',39,NULL,'2025-01-06 13:00:39','2025-01-06 13:00:39'),(570,'5609','WILDAN AHMAD FERDIANSYAH','5609@gmail.com','81555661803','L','Islam',39,NULL,'2025-01-06 13:00:39','2025-01-06 13:00:39'),(571,'5610','YUDISTIRA SETIADI','5610@gmail.com','81555661804','L','Islam',39,NULL,'2025-01-06 13:00:39','2025-01-06 13:00:39'),(572,'5611','A. AS LISTIANINGSIH','5611@gmail.com','81555661805','P','Islam',28,NULL,'2025-01-06 13:00:39','2025-01-06 13:00:39'),(573,'5612','ADRIYANTO IBNU HAFIZ','5612@gmail.com','81555661806','L','Islam',28,NULL,'2025-01-06 13:00:39','2025-01-06 13:00:39'),(574,'5615','AHMAD NUR RIZKI','5615@gmail.com','81555661807','L','Islam',28,NULL,'2025-01-06 13:00:39','2025-01-06 13:00:39'),(575,'5613','ALFIN SETIAWAN','5613@gmail.com','81555661808','L','Islam',28,NULL,'2025-01-06 13:00:39','2025-01-06 13:00:39'),(576,'5614','ALIF IRVAN RAMADAN','5614@gmail.com','81555661809','L','Islam',28,NULL,'2025-01-06 13:00:39','2025-01-06 13:00:39'),(577,'5617','ANDIKA SAYYAF BARADA','5617@gmail.com','81555661810','L','Islam',28,NULL,'2025-01-06 13:00:39','2025-01-06 13:00:39'),(578,'5618','AQMAL MAULANA','5618@gmail.com','81555661811','L','Islam',28,NULL,'2025-01-06 13:00:39','2025-01-06 13:00:39'),(579,'5619','ARFIANSYAH FAJAR SAPUTRA','5619@gmail.com','81555661812','L','Islam',28,NULL,'2025-01-06 13:00:39','2025-01-06 13:00:39'),(580,'5620','AWAL CANDRA MUKHAROM','5620@gmail.com','81555661813','L','Islam',28,NULL,'2025-01-06 13:00:39','2025-01-06 13:00:39'),(581,'5621','CHERIN MARIAM','5621@gmail.com','81555661814','P','Islam',28,NULL,'2025-01-06 13:00:39','2025-01-06 13:00:39'),(582,'5622','DIAS WILDAN FAZLUR RAHMA','5622@gmail.com','81555661815','L','Islam',28,NULL,'2025-01-06 13:00:39','2025-01-06 13:00:39'),(583,'5623','DIMAS ARFIKA MAULANSYAH','5623@gmail.com','81555661816','L','Islam',28,NULL,'2025-01-06 13:00:39','2025-01-06 13:00:39'),(584,'5624','DINA MELIYANI','5624@gmail.com','81555661817','P','Islam',28,NULL,'2025-01-06 13:00:39','2025-01-06 13:00:39'),(585,'5625','DOA ALIFAH KHOIRUN NISA','5625@gmail.com','81555661818','P','Islam',28,NULL,'2025-01-06 13:00:39','2025-01-06 13:00:39'),(586,'5626','DWI WAHYU SAEFUDIN','5626@gmail.com','81555661819','L','Islam',28,NULL,'2025-01-06 13:00:39','2025-01-06 13:00:39'),(587,'5627','FAIZAL ABDUL RIZKI','5627@gmail.com','81555661820','L','Islam',28,NULL,'2025-01-06 13:00:39','2025-01-06 13:00:39'),(588,'5628','FATIMAH AZAHRA','5628@gmail.com','81555661821','P','Islam',28,NULL,'2025-01-06 13:00:39','2025-01-06 13:00:39'),(589,'5629','FITRIANA','5629@gmail.com','81555661822','P','Islam',28,NULL,'2025-01-06 13:00:39','2025-01-06 13:00:39'),(590,'5630','HAPPY LUTFIA PRATIWI','5630@gmail.com','81555661823','P','Islam',28,NULL,'2025-01-06 13:00:39','2025-01-06 13:00:39'),(591,'5631','INDAH AGUSETIAWATI ALMA','5631@gmail.com','81555661824','P','Islam',28,NULL,'2025-01-06 13:00:39','2025-01-06 13:00:39'),(592,'5632','M. BAGUS SATRIO GILANG ROMADHON.','5632@gmail.com','81555661825','L','Islam',28,NULL,'2025-01-06 13:00:39','2025-01-06 13:00:39'),(593,'5633','MUHAMMAD SURUR AL FARIZZI','5633@gmail.com','81555661826','L','Islam',28,NULL,'2025-01-06 13:00:39','2025-01-06 13:00:39'),(594,'5634','NANANG SETIAWAN','5634@gmail.com','81555661827','L','Islam',28,NULL,'2025-01-06 13:00:39','2025-01-06 13:00:39'),(595,'5635','NAZWA FADELIA SALEKHA','5635@gmail.com','81555661828','P','Islam',28,NULL,'2025-01-06 13:00:39','2025-01-06 13:00:39'),(596,'5636','RADITYA MAHESA RAMADHAN','5636@gmail.com','81555661829','L','Islam',28,NULL,'2025-01-06 13:00:39','2025-01-06 13:00:39'),(597,'5637','RAMA ADITYA PAMUNGKAS','5637@gmail.com','81555661830','L','Islam',28,NULL,'2025-01-06 13:00:39','2025-01-06 13:00:39'),(598,'5638','RASYA DAFANIA PUTRA','5638@gmail.com','81555661831','L','Islam',28,NULL,'2025-01-06 13:00:39','2025-01-06 13:00:39'),(599,'5639','RENDI ALFALAH','5639@gmail.com','81555661832','L','Islam',28,NULL,'2025-01-06 13:00:39','2025-01-06 13:00:39'),(600,'5641','RIDHO PRASETYO','5641@gmail.com','81555661833','L','Islam',28,NULL,'2025-01-06 13:00:39','2025-01-06 13:00:39'),(601,'5642','ROFIK ARDIYANTO','5642@gmail.com','81555661834','L','Islam',28,NULL,'2025-01-06 13:00:39','2025-01-06 13:00:39'),(602,'5643','SENO SETIAWAN','5643@gmail.com','81555661835','L','Islam',28,NULL,'2025-01-06 13:00:39','2025-01-06 13:00:39'),(603,'5644','SULTANA ZAKIRA HOYUN','5644@gmail.com','81555661836','P','Islam',28,NULL,'2025-01-06 13:00:39','2025-01-06 13:00:39'),(604,'5645','TRI SURYANTO','5645@gmail.com','81555661837','L','Islam',28,NULL,'2025-01-06 13:00:39','2025-01-06 13:00:39'),(605,'5646','ZULFADLI DWIJAYANTO','5646@gmail.com','81555661838','L','Islam',28,NULL,'2025-01-06 13:00:39','2025-01-06 13:00:39'),(606,'5647','ADINDA SUCI CAHYA RAMADINA','5647@gmail.com','81555661839','P','Islam',29,NULL,'2025-01-06 13:00:39','2025-01-06 13:00:39'),(607,'5651','AFIN AFDIANTO','5651@gmail.com','81555661840','L','Islam',29,NULL,'2025-01-06 13:00:39','2025-01-06 13:00:39'),(608,'5648','AFRIZA MUFLIA PRATAMA','5648@gmail.com','81555661841','L','Islam',29,NULL,'2025-01-06 13:00:39','2025-01-06 13:00:39'),(609,'5649','AGENG SUDRAJAT','5649@gmail.com','81555661842','L','Islam',29,NULL,'2025-01-06 13:00:39','2025-01-06 13:00:39'),(610,'5650','ALDY BAGUS SYAHBANI','5650@gmail.com','81555661843','L','Islam',29,NULL,'2025-01-06 13:00:39','2025-01-06 13:00:39'),(611,'5652','ANAS WIDIANTO','5652@gmail.com','81555661844','L','Islam',29,NULL,'2025-01-06 13:00:39','2025-01-06 13:00:39'),(612,'5653','ANDI NUR HIDAYAT','5653@gmail.com','81555661845','L','Islam',29,NULL,'2025-01-06 13:00:39','2025-01-06 13:00:39'),(613,'5654','ANDREANTO','5654@gmail.com','81555661846','L','Islam',29,NULL,'2025-01-06 13:00:39','2025-01-06 13:00:39'),(614,'5655','ANGGA DIAN SAPUTRA','5655@gmail.com','81555661847','L','Islam',29,NULL,'2025-01-06 13:00:39','2025-01-06 13:00:39'),(615,'5656','ANSAH MUKARIM','5656@gmail.com','81555661848','L','Islam',29,NULL,'2025-01-06 13:00:39','2025-01-06 13:00:39'),(616,'5657','ATA BILAL RIZTULOH','5657@gmail.com','81555661849','L','Islam',29,NULL,'2025-01-06 13:00:40','2025-01-06 13:00:40'),(617,'5658','CAHAYA SHALSYABILLA','5658@gmail.com','81555661850','P','Islam',29,NULL,'2025-01-06 13:00:40','2025-01-06 13:00:40'),(618,'5659','DAFID RENDIANTO','5659@gmail.com','81555661851','L','Islam',29,NULL,'2025-01-06 13:00:40','2025-01-06 13:00:40'),(619,'5660','DAFIT NURROHMAN','5660@gmail.com','81555661852','L','Islam',29,NULL,'2025-01-06 13:00:40','2025-01-06 13:00:40'),(620,'5662','DISCCA SEKAR MAYA','5662@gmail.com','81555661853','P','Islam',29,NULL,'2025-01-06 13:00:40','2025-01-06 13:00:40'),(621,'5663','EFAN ARIYANTO','5663@gmail.com','81555661854','L','Islam',29,NULL,'2025-01-06 13:00:40','2025-01-06 13:00:40'),(622,'5664','ESZY SYAWA APRILLIA','5664@gmail.com','81555661855','P','Islam',29,NULL,'2025-01-06 13:00:40','2025-01-06 13:00:40'),(623,'5665','FELLYTA JANUAR HERMANINGSIH','5665@gmail.com','81555661856','P','Islam',29,NULL,'2025-01-06 13:00:40','2025-01-06 13:00:40'),(624,'5666','FICKA','5666@gmail.com','81555661857','P','Islam',29,NULL,'2025-01-06 13:00:40','2025-01-06 13:00:40'),(625,'5667','FIDENDA NADILA NAKWA','5667@gmail.com','81555661858','P','Islam',29,NULL,'2025-01-06 13:00:40','2025-01-06 13:00:40'),(626,'5668','IIF HIDAYATULOH','5668@gmail.com','81555661859','L','Islam',29,NULL,'2025-01-06 13:00:40','2025-01-06 13:00:40'),(627,'5669','MAFTUH MAULANA IBROHIM','5669@gmail.com','81555661860','L','Islam',29,NULL,'2025-01-06 13:00:40','2025-01-06 13:00:40'),(628,'5670','MAYA SEPTI ANI','5670@gmail.com','81555661861','P','Islam',29,NULL,'2025-01-06 13:00:40','2025-01-06 13:00:40'),(629,'5671','MEILITA TRIANTI','5671@gmail.com','81555661862','P','Islam',29,NULL,'2025-01-06 13:00:40','2025-01-06 13:00:40'),(630,'5672','MUHAMAD ARDAN SATRIO','5672@gmail.com','81555661863','L','Islam',29,NULL,'2025-01-06 13:00:40','2025-01-06 13:00:40'),(631,'5673','NAZA KHIKMALANA','5673@gmail.com','81555661864','L','Islam',29,NULL,'2025-01-06 13:00:40','2025-01-06 13:00:40'),(632,'5674','RAMADHAN ANGGA SAPUTRA','5674@gmail.com','81555661865','L','Islam',29,NULL,'2025-01-06 13:00:40','2025-01-06 13:00:40'),(633,'5675','RODIATUN FITRIANI','5675@gmail.com','81555661866','P','Islam',29,NULL,'2025-01-06 13:00:40','2025-01-06 13:00:40'),(634,'5676','SELY NURMA MAULIANA','5676@gmail.com','81555661867','P','Islam',29,NULL,'2025-01-06 13:00:40','2025-01-06 13:00:40'),(635,'5677','SENDI RAHAYU','5677@gmail.com','81555661868','L','Islam',29,NULL,'2025-01-06 13:00:40','2025-01-06 13:00:40'),(636,'5679','TENANG INDRAJAYA','5679@gmail.com','81555661869','L','Islam',29,NULL,'2025-01-06 13:00:40','2025-01-06 13:00:40'),(637,'5680','TISHA SYAHDA DANISA','5680@gmail.com','81555661870','P','Islam',29,NULL,'2025-01-06 13:00:40','2025-01-06 13:00:40'),(638,'5682','ZAYROFI SAPUTRA SETIAWAN','5682@gmail.com','81555661871','L','Islam',29,NULL,'2025-01-06 13:00:40','2025-01-06 13:00:40'),(639,'5683','ABID NABHAAN HIBATULAH','5683@gmail.com','81555661872','L','Islam',30,NULL,'2025-01-06 13:00:40','2025-01-06 13:00:40'),(640,'5684','ADE JANITRA','5684@gmail.com','81555661873','P','Islam',30,NULL,'2025-01-06 13:00:40','2025-01-06 13:00:40'),(641,'5686','AFRIZAL','5686@gmail.com','81555661874','L','Islam',30,NULL,'2025-01-06 13:00:40','2025-01-06 13:00:40'),(642,'5687','ALIF SAFRUDIN','5687@gmail.com','81555661875','L','Islam',30,NULL,'2025-01-06 13:00:40','2025-01-06 13:00:40'),(643,'5688','ANDIKA NUR HENDIYONO','5688@gmail.com','81555661876','L','Islam',30,NULL,'2025-01-06 13:00:40','2025-01-06 13:00:40'),(644,'5689','ANGGA PRATAMA','5689@gmail.com','81555661877','L','Islam',30,NULL,'2025-01-06 13:00:40','2025-01-06 13:00:40'),(645,'5685','APRILIAN NANDA PRADITA','5685@gmail.com','81555661878','L','Islam',30,NULL,'2025-01-06 13:00:40','2025-01-06 13:00:40'),(646,'5690','ARKANA AFTA RABBANI','5690@gmail.com','81555661879','L','Islam',30,NULL,'2025-01-06 13:00:40','2025-01-06 13:00:40'),(647,'5691','ASEP ABDULLOH','5691@gmail.com','81555661880','L','Islam',30,NULL,'2025-01-06 13:00:40','2025-01-06 13:00:40'),(648,'5692','DENNY FAUZI NUGROHO','5692@gmail.com','81555661881','L','Islam',30,NULL,'2025-01-06 13:00:40','2025-01-06 13:00:40'),(649,'5693','DIANA LUKITA ROSAD','5693@gmail.com','81555661882','P','Islam',30,NULL,'2025-01-06 13:00:40','2025-01-06 13:00:40'),(650,'5694','DUTA RAHMANSYAH PUTRA','5694@gmail.com','81555661883','L','Islam',30,NULL,'2025-01-06 13:00:40','2025-01-06 13:00:40'),(651,'5695','ERVA ALFANI','5695@gmail.com','81555661884','P','Islam',30,NULL,'2025-01-06 13:00:40','2025-01-06 13:00:40'),(652,'5696','FAESA ERIAN WIRANTI','5696@gmail.com','81555661885','P','Islam',30,NULL,'2025-01-06 13:00:40','2025-01-06 13:00:40'),(653,'5697','GALANG ANDRIANSYAH','5697@gmail.com','81555661886','L','Islam',30,NULL,'2025-01-06 13:00:40','2025-01-06 13:00:40'),(654,'5698','GERRY DIKI ARYANTO','5698@gmail.com','81555661887','L','Islam',30,NULL,'2025-01-06 13:00:40','2025-01-06 13:00:40'),(655,'5699','GINANJAR RIDHO PANGESTU','5699@gmail.com','81555661888','L','Islam',30,NULL,'2025-01-06 13:00:40','2025-01-06 13:00:40'),(656,'5700','IMUNG NUR\'AIDIN','5700@gmail.com','81555661889','L','Islam',30,NULL,'2025-01-06 13:00:40','2025-01-06 13:00:40'),(657,'5701','IRENA SITI FATIMAH','5701@gmail.com','81555661890','P','Islam',30,NULL,'2025-01-06 13:00:40','2025-01-06 13:00:40'),(658,'5702','MOHAMAD BAHRUN NAJAH','5702@gmail.com','81555661891','L','Islam',30,NULL,'2025-01-06 13:00:40','2025-01-06 13:00:40'),(659,'5703','MUHAMAD HAMZAH MAULANA','5703@gmail.com','81555661892','L','Islam',30,NULL,'2025-01-06 13:00:40','2025-01-06 13:00:40'),(660,'5704','NAKULA PRAMUDYA WARDANI','5704@gmail.com','81555661893','L','Islam',30,NULL,'2025-01-06 13:00:40','2025-01-06 13:00:40'),(661,'5705','NATAN WILDAN FARIZKI','5705@gmail.com','81555661894','L','Islam',30,NULL,'2025-01-06 13:00:40','2025-01-06 13:00:40'),(662,'5706','NURBARKAH','5706@gmail.com','81555661895','L','Islam',30,NULL,'2025-01-06 13:00:40','2025-01-06 13:00:40'),(663,'5707','PRABANING CANDRA MUKTI','5707@gmail.com','81555661896','P','Islam',30,NULL,'2025-01-06 13:00:40','2025-01-06 13:00:40'),(664,'5708','PUTRI RENATA AULIA ZAHRA','5708@gmail.com','81555661897','P','Islam',30,NULL,'2025-01-06 13:00:40','2025-01-06 13:00:40'),(665,'5709','RIZAL KHAIRUL AMIR','5709@gmail.com','81555661898','L','Islam',30,NULL,'2025-01-06 13:00:40','2025-01-06 13:00:40'),(666,'5710','RIZKY AVRIL AMELIA','5710@gmail.com','81555661899','P','Islam',30,NULL,'2025-01-06 13:00:40','2025-01-06 13:00:40'),(667,'5711','SADEWA PRAMUDYA WARDANI','5711@gmail.com','81555661900','L','Islam',30,NULL,'2025-01-06 13:00:40','2025-01-06 13:00:40'),(668,'5712','SENDI SAPUTRA','5712@gmail.com','81555661901','L','Islam',30,NULL,'2025-01-06 13:00:40','2025-01-06 13:00:40'),(669,'5713','SEPTIAN FAIZ ROMADHON','5713@gmail.com','81555661902','L','Islam',30,NULL,'2025-01-06 13:00:40','2025-01-06 13:00:40'),(670,'5714','SRI HARTATI','5714@gmail.com','81555661903','P','Islam',30,NULL,'2025-01-06 13:00:40','2025-01-06 13:00:40'),(671,'5715','VIKI SETIAWAN','5715@gmail.com','81555661904','L','Islam',30,NULL,'2025-01-06 13:00:40','2025-01-06 13:00:40'),(672,'5716','YULIA NIKI ANIKOH','5716@gmail.com','81555661905','P','Islam',30,NULL,'2025-01-06 13:00:40','2025-01-06 13:00:40'),(673,'5717','ZANUAR DEDI SAPUTRA','5717@gmail.com','81555661906','L','Islam',30,NULL,'2025-01-06 13:00:40','2025-01-06 13:00:40'),(674,'5718','ZAYIN BUNANI','5718@gmail.com','81555661907','L','Islam',30,NULL,'2025-01-06 13:00:40','2025-01-06 13:00:40'),(675,'5719','ALISA INDRI MEILANI','5719@gmail.com','81555661908','P','Islam',5,NULL,'2025-01-06 13:00:40','2025-01-06 13:00:40'),(676,'5720','AMALINA MAYANG SABIT','5720@gmail.com','81555661909','P','Islam',5,NULL,'2025-01-06 13:00:40','2025-01-06 13:00:40'),(677,'5721','ANIK SEPTI RAMADANI','5721@gmail.com','81555661910','P','Islam',5,NULL,'2025-01-06 13:00:40','2025-01-06 13:00:40'),(678,'5722','ANIS NUR RAHMAWATI','5722@gmail.com','81555661911','P','Islam',5,NULL,'2025-01-06 13:00:40','2025-01-06 13:00:40'),(679,'5723','APRILIA PUTRI LESTARI','5723@gmail.com','81555661912','P','Islam',5,NULL,'2025-01-06 13:00:40','2025-01-06 13:00:40'),(680,'5724','ASTI KAIFA AGUSTIN','5724@gmail.com','81555661913','P','Islam',5,NULL,'2025-01-06 13:00:40','2025-01-06 13:00:40'),(681,'5725','ASTRI KHANIFAH','5725@gmail.com','81555661914','P','Islam',5,NULL,'2025-01-06 13:00:40','2025-01-06 13:00:40'),(682,'5726','BAROKAH DWI RAMADANI','5726@gmail.com','81555661915','P','Islam',5,NULL,'2025-01-06 13:00:40','2025-01-06 13:00:40'),(683,'5727','BAYU SEFIAN','5727@gmail.com','81555661916','L','Islam',5,NULL,'2025-01-06 13:00:40','2025-01-06 13:00:40'),(684,'5728','BELA DWI ARYANTI','5728@gmail.com','81555661917','P','Islam',5,NULL,'2025-01-06 13:00:40','2025-01-06 13:00:40'),(685,'5729','DAVINA BUNGA PRINCESSA TEZANDY','5729@gmail.com','81555661918','P','Islam',5,NULL,'2025-01-06 13:00:40','2025-01-06 13:00:40'),(686,'5730','DEWI NUR AINI','5730@gmail.com','81555661919','P','Islam',5,NULL,'2025-01-06 13:00:40','2025-01-06 13:00:40'),(687,'5731','DIMAS FAIQ PRATAMA','5731@gmail.com','81555661920','L','Islam',5,NULL,'2025-01-06 13:00:40','2025-01-06 13:00:40'),(688,'5732','FAHMA NISAUL KARIMAH','5732@gmail.com','81555661921','P','Islam',5,NULL,'2025-01-06 13:00:40','2025-01-06 13:00:40'),(689,'5733','GITA NURHIDAYAH','5733@gmail.com','81555661922','P','Islam',5,NULL,'2025-01-06 13:00:40','2025-01-06 13:00:40'),(690,'5735','INDRIYANI MARSELLA KASTARI','5735@gmail.com','81555661923','P','Islam',5,NULL,'2025-01-06 13:00:40','2025-01-06 13:00:40'),(691,'5736','LEDISA TERISITA FARATRINATA','5736@gmail.com','81555661924','P','Islam',5,NULL,'2025-01-06 13:00:40','2025-01-06 13:00:40'),(692,'5737','LU\'LU ULJANAH','5737@gmail.com','81555661925','P','Islam',5,NULL,'2025-01-06 13:00:40','2025-01-06 13:00:40'),(693,'5738','LUSI NUR CAHYANTI','5738@gmail.com','81555661926','P','Islam',5,NULL,'2025-01-06 13:00:40','2025-01-06 13:00:40'),(694,'5739','MELAN SETIANINGSIH','5739@gmail.com','81555661927','P','Islam',5,NULL,'2025-01-06 13:00:40','2025-01-06 13:00:40'),(695,'5740','MELY TRI HASTUTI','5740@gmail.com','81555661928','P','Islam',5,NULL,'2025-01-06 13:00:40','2025-01-06 13:00:40'),(696,'5741','NADIA IRWANSYAH','5741@gmail.com','81555661929','P','Islam',5,NULL,'2025-01-06 13:00:40','2025-01-06 13:00:40'),(697,'5742','NAUVALYZA LIVIA SYAHWANA','5742@gmail.com','81555661930','P','Islam',5,NULL,'2025-01-06 13:00:40','2025-01-06 13:00:40'),(698,'5743','NIKEYLA SYIFA UTAMI','5743@gmail.com','81555661931','P','Islam',5,NULL,'2025-01-06 13:00:40','2025-01-06 13:00:40'),(699,'5744','PUTERY OLYVIA','5744@gmail.com','81555661932','P','Islam',5,NULL,'2025-01-06 13:00:40','2025-01-06 13:00:40'),(700,'5746','RAKHAEL FEBI WARDANI','5746@gmail.com','81555661933','P','Islam',5,NULL,'2025-01-06 13:00:40','2025-01-06 13:00:40'),(701,'5747','REVA DWI PRATIWI','5747@gmail.com','81555661934','P','Islam',5,NULL,'2025-01-06 13:00:40','2025-01-06 13:00:40'),(702,'5748','SALSA BILA AFRILDIANI','5748@gmail.com','81555661935','P','Islam',5,NULL,'2025-01-06 13:00:40','2025-01-06 13:00:40'),(703,'5749','SASKIA NURUL IZZAH','5749@gmail.com','81555661936','P','Islam',5,NULL,'2025-01-06 13:00:40','2025-01-06 13:00:40'),(704,'5750','SITI AISYAH','5750@gmail.com','81555661937','P','Islam',5,NULL,'2025-01-06 13:00:40','2025-01-06 13:00:40'),(705,'5751','SYIFA REVALIA','5751@gmail.com','81555661938','P','Islam',5,NULL,'2025-01-06 13:00:40','2025-01-06 13:00:40'),(706,'5752','TASYA EKMA DELANI','5752@gmail.com','81555661939','P','Islam',5,NULL,'2025-01-06 13:00:40','2025-01-06 13:00:40'),(707,'5753','TRISYA DARA SA HITA','5753@gmail.com','81555661940','P','Islam',5,NULL,'2025-01-06 13:00:40','2025-01-06 13:00:40'),(708,'5754','UMIATI','5754@gmail.com','81555661941','P','Islam',5,NULL,'2025-01-06 13:00:40','2025-01-06 13:00:40'),(709,'5755','ADEL ZAOZA PUTRI','5755@gmail.com','81555661942','P','Islam',6,NULL,'2025-01-06 13:00:40','2025-01-06 13:00:40'),(710,'5756','AISYAH MIKAS AYU KASYAFA','5756@gmail.com','81555661943','P','Islam',6,NULL,'2025-01-06 13:00:40','2025-01-06 13:00:40'),(711,'5757','ALFIDA KHASANAH','5757@gmail.com','81555661944','P','Islam',6,NULL,'2025-01-06 13:00:40','2025-01-06 13:00:40'),(712,'5758','ALIN WAHYUNING SEPTIANA','5758@gmail.com','81555661945','P','Islam',6,NULL,'2025-01-06 13:00:40','2025-01-06 13:00:40'),(713,'5759','ALISA RAHMAWATI','5759@gmail.com','81555661946','P','Islam',6,NULL,'2025-01-06 13:00:40','2025-01-06 13:00:40'),(714,'5760','ALYA OKTA CAHYANI','5760@gmail.com','81555661947','P','Islam',6,NULL,'2025-01-06 13:00:40','2025-01-06 13:00:40'),(715,'5761','ANISA TRIANI','5761@gmail.com','81555661948','P','Islam',6,NULL,'2025-01-06 13:00:40','2025-01-06 13:00:40'),(716,'5762','APRI DWI YANTI','5762@gmail.com','81555661949','P','Islam',6,NULL,'2025-01-06 13:00:40','2025-01-06 13:00:40'),(717,'5763','APRILIA DEWI','5763@gmail.com','81555661950','P','Islam',6,NULL,'2025-01-06 13:00:40','2025-01-06 13:00:40'),(718,'5764','ATII BINURIL KHAYAH','5764@gmail.com','81555661951','P','Islam',6,NULL,'2025-01-06 13:00:40','2025-01-06 13:00:40'),(719,'5765','AYU ASTUTI','5765@gmail.com','81555661952','P','Islam',6,NULL,'2025-01-06 13:00:40','2025-01-06 13:00:40'),(720,'5766','AYU NABILA AZZAHRA','5766@gmail.com','81555661953','P','Islam',6,NULL,'2025-01-06 13:00:40','2025-01-06 13:00:40'),(721,'5767','AZZAHRA UMMUL BANIN','5767@gmail.com','81555661954','P','Islam',6,NULL,'2025-01-06 13:00:40','2025-01-06 13:00:40'),(722,'5768','CANDRA PANGESTI HAYUNING WIDHI','5768@gmail.com','81555661955','P','Islam',6,NULL,'2025-01-06 13:00:40','2025-01-06 13:00:40'),(723,'5769','CHILLA IMUT NATASYA','5769@gmail.com','81555661956','P','Islam',6,NULL,'2025-01-06 13:00:40','2025-01-06 13:00:40'),(724,'5770','DEVA OLIFIA','5770@gmail.com','81555661957','P','Islam',6,NULL,'2025-01-06 13:00:40','2025-01-06 13:00:40'),(725,'5771','DEVI TRI LEANI','5771@gmail.com','81555661958','P','Islam',6,NULL,'2025-01-06 13:00:40','2025-01-06 13:00:40'),(726,'5772','DIANA MELIA LUSIANI','5772@gmail.com','81555661959','P','Islam',6,NULL,'2025-01-06 13:00:40','2025-01-06 13:00:40'),(727,'5773','DINA AYU PRADITA','5773@gmail.com','81555661960','P','Islam',6,NULL,'2025-01-06 13:00:40','2025-01-06 13:00:40'),(728,'5774','DISTA CAHYA PUSPITA','5774@gmail.com','81555661961','P','Islam',6,NULL,'2025-01-06 13:00:40','2025-01-06 13:00:40'),(729,'5775','DWIANIS TANTRI','5775@gmail.com','81555661962','P','Islam',6,NULL,'2025-01-06 13:00:40','2025-01-06 13:00:40'),(730,'5776','DYAH AYU APRILIA','5776@gmail.com','81555661963','P','Islam',6,NULL,'2025-01-06 13:00:40','2025-01-06 13:00:40'),(731,'5777','EFFITA JULIANA','5777@gmail.com','81555661964','P','Islam',6,NULL,'2025-01-06 13:00:40','2025-01-06 13:00:40'),(732,'5778','ELSA JELIANA PUTRI','5778@gmail.com','81555661965','P','Islam',6,NULL,'2025-01-06 13:00:40','2025-01-06 13:00:40'),(733,'5779','ELSI SELAN WIDIA ASTUTI','5779@gmail.com','81555661966','P','Islam',6,NULL,'2025-01-06 13:00:40','2025-01-06 13:00:40'),(734,'5780','ENI SEPTIANTI','5780@gmail.com','81555661967','P','Islam',6,NULL,'2025-01-06 13:00:40','2025-01-06 13:00:40'),(735,'5781','ESA ZAHRA TIARA','5781@gmail.com','81555661968','P','Islam',6,NULL,'2025-01-06 13:00:40','2025-01-06 13:00:40'),(736,'5783','FAIKO MAFUDLOH','5783@gmail.com','81555661969','P','Islam',6,NULL,'2025-01-06 13:00:40','2025-01-06 13:00:40'),(737,'5784','FANI OKTAVIA','5784@gmail.com','81555661970','P','Islam',6,NULL,'2025-01-06 13:00:40','2025-01-06 13:00:40'),(738,'5785','FATIKA FAJRI NURLAELA','5785@gmail.com','81555661971','P','Islam',6,NULL,'2025-01-06 13:00:40','2025-01-06 13:00:40'),(739,'5786','FATIN NUR AZIJAH','5786@gmail.com','81555661972','P','Islam',6,NULL,'2025-01-06 13:00:40','2025-01-06 13:00:40'),(740,'5782','FITRI ROMADON','5782@gmail.com','81555661973','P','Islam',6,NULL,'2025-01-06 13:00:40','2025-01-06 13:00:40'),(741,'5787','NIKA CATUR LESTARI','5787@gmail.com','81555661974','P','Islam',6,NULL,'2025-01-06 13:00:40','2025-01-06 13:00:40'),(742,'5788','SANTI RAHAYU KINASIH','5788@gmail.com','81555661975','P','Islam',6,NULL,'2025-01-06 13:00:40','2025-01-06 13:00:40'),(743,'5789','SINTA DEVI KHUSWATUN KHASANAH','5789@gmail.com','81555661976','P','Islam',6,NULL,'2025-01-06 13:00:40','2025-01-06 13:00:40'),(744,'5790','TRISTA JULIA NUR BAROKAH','5790@gmail.com','81555661977','P','Islam',6,NULL,'2025-01-06 13:00:40','2025-01-06 13:00:40'),(745,'5792','ALIN SALSABILA','5792@gmail.com','81555661978','P','Islam',7,NULL,'2025-01-06 13:00:40','2025-01-06 13:00:40'),(746,'5791','ANISA ALFIYANI','5791@gmail.com','81555661979','P','Islam',7,NULL,'2025-01-06 13:00:40','2025-01-06 13:00:40'),(747,'5793','DIANA NOVITA LESTARI','5793@gmail.com','81555661980','P','Islam',7,NULL,'2025-01-06 13:00:40','2025-01-06 13:00:40'),(748,'5799','FAIKHA KAMILIYA','5799@gmail.com','81555661981','P','Islam',7,NULL,'2025-01-06 13:00:40','2025-01-06 13:00:40'),(749,'5795','FENI SAFITRI PUTRI','5795@gmail.com','81555661982','P','Islam',7,NULL,'2025-01-06 13:00:40','2025-01-06 13:00:40'),(750,'5796','FERA SEFIANSYAH','5796@gmail.com','81555661983','P','Islam',7,NULL,'2025-01-06 13:00:40','2025-01-06 13:00:40'),(751,'5797','FINA TUL HASANAH','5797@gmail.com','81555661984','P','Islam',7,NULL,'2025-01-06 13:00:40','2025-01-06 13:00:40'),(752,'5798','FITRI ANA SARI','5798@gmail.com','81555661985','P','Islam',7,NULL,'2025-01-06 13:00:40','2025-01-06 13:00:40'),(753,'5800','GIGIH ZAHROTUL SITA','5800@gmail.com','81555661986','P','Islam',7,NULL,'2025-01-06 13:00:40','2025-01-06 13:00:40'),(754,'5801','HERLINA QISTINA BALQIS','5801@gmail.com','81555661987','P','Islam',7,NULL,'2025-01-06 13:00:40','2025-01-06 13:00:40'),(755,'5802','HILDA DESTIANA PUTRI','5802@gmail.com','81555661988','P','Islam',7,NULL,'2025-01-06 13:00:40','2025-01-06 13:00:40'),(756,'5803','IRMA HASTUTI SETYANINGSIH','5803@gmail.com','81555661989','P','Islam',7,NULL,'2025-01-06 13:00:40','2025-01-06 13:00:40'),(757,'5804','KHALIFA NUR KHASANAH','5804@gmail.com','81555661990','P','Islam',7,NULL,'2025-01-06 13:00:40','2025-01-06 13:00:40'),(758,'5805','LAELATUL IKRIMAH','5805@gmail.com','81555661991','P','Islam',7,NULL,'2025-01-06 13:00:40','2025-01-06 13:00:40'),(759,'5806','LIDYA ANGGRAENY','5806@gmail.com','81555661992','P','Islam',7,NULL,'2025-01-06 13:00:40','2025-01-06 13:00:40'),(760,'5807','LISA FABILA','5807@gmail.com','81555661993','P','Islam',7,NULL,'2025-01-06 13:00:40','2025-01-06 13:00:40'),(761,'5808','LUCKY HANDAYANI','5808@gmail.com','81555661994','P','Islam',7,NULL,'2025-01-06 13:00:40','2025-01-06 13:00:40'),(762,'5809','MANAH ENGGAR PERTIWI','5809@gmail.com','81555661995','P','Islam',7,NULL,'2025-01-06 13:00:40','2025-01-06 13:00:40'),(763,'5810','MELINA','5810@gmail.com','81555661996','P','Islam',7,NULL,'2025-01-06 13:00:40','2025-01-06 13:00:40'),(764,'5811','MUTIN SODIQIYAH','5811@gmail.com','81555661997','P','Islam',7,NULL,'2025-01-06 13:00:40','2025-01-06 13:00:40'),(765,'5812','NAURA PUTRI LARASATI','5812@gmail.com','81555661998','P','Islam',7,NULL,'2025-01-06 13:00:40','2025-01-06 13:00:40'),(766,'5813','NAYSILA KIRANIA RENATA','5813@gmail.com','81555661999','P','Islam',7,NULL,'2025-01-06 13:00:40','2025-01-06 13:00:40'),(767,'5814','NEFA DWI APRILIA','5814@gmail.com','81555662000','P','Islam',7,NULL,'2025-01-06 13:00:40','2025-01-06 13:00:40'),(768,'5815','NESA TRI AMELIA','5815@gmail.com','81555662001','P','Islam',7,NULL,'2025-01-06 13:00:40','2025-01-06 13:00:40'),(769,'5816','NURUL ISTIKOMAH','5816@gmail.com','81555662002','P','Islam',7,NULL,'2025-01-06 13:00:40','2025-01-06 13:00:40'),(770,'5817','ORLIN OVISYA','5817@gmail.com','81555662003','P','Islam',7,NULL,'2025-01-06 13:00:40','2025-01-06 13:00:40'),(771,'5818','RIAS SETIOWATI','5818@gmail.com','81555662004','P','Islam',7,NULL,'2025-01-06 13:00:40','2025-01-06 13:00:40'),(772,'5819','RISKA FRISILLA','5819@gmail.com','81555662005','P','Islam',7,NULL,'2025-01-06 13:00:40','2025-01-06 13:00:40'),(773,'5820','RISTIANI SRI RAHMADANI','5820@gmail.com','81555662006','P','Islam',7,NULL,'2025-01-06 13:00:40','2025-01-06 13:00:40'),(774,'5821','SAFIRA INTAN AULIA','5821@gmail.com','81555662007','P','Islam',7,NULL,'2025-01-06 13:00:40','2025-01-06 13:00:40'),(775,'5822','SHEVA VIONITA AZZAHRA','5822@gmail.com','81555662008','P','Islam',7,NULL,'2025-01-06 13:00:40','2025-01-06 13:00:40'),(776,'5823','SINTA AYU LESTARI','5823@gmail.com','81555662009','P','Islam',7,NULL,'2025-01-06 13:00:40','2025-01-06 13:00:40'),(777,'5824','SRI AZIZAH','5824@gmail.com','81555662010','P','Islam',7,NULL,'2025-01-06 13:00:40','2025-01-06 13:00:40'),(778,'5825','TITI ALFAIZAH','5825@gmail.com','81555662011','P','Islam',7,NULL,'2025-01-06 13:00:40','2025-01-06 13:00:40'),(779,'5826','TRIMA SELVIANA','5826@gmail.com','81555662012','P','Islam',7,NULL,'2025-01-06 13:00:40','2025-01-06 13:00:40'),(780,'5827','ADISTI CAHYA FITRIANI','5827@gmail.com','81555662013','P','Islam',8,NULL,'2025-01-06 13:00:40','2025-01-06 13:00:40'),(781,'5828','APRILIA NAWANG SARI','5828@gmail.com','81555662014','P','Islam',8,NULL,'2025-01-06 13:00:40','2025-01-06 13:00:40'),(782,'5829','BERLIANI OKTAVIA','5829@gmail.com','81555662015','P','Islam',8,NULL,'2025-01-06 13:00:40','2025-01-06 13:00:40'),(783,'5830','DEVYA ALFANISA','5830@gmail.com','81555662016','P','Islam',8,NULL,'2025-01-06 13:00:40','2025-01-06 13:00:40'),(784,'5831','DITA AMELIASARI','5831@gmail.com','81555662017','P','Islam',8,NULL,'2025-01-06 13:00:40','2025-01-06 13:00:40'),(785,'5832','ELSIANA HANIFAH','5832@gmail.com','81555662018','P','Islam',8,NULL,'2025-01-06 13:00:40','2025-01-06 13:00:40'),(786,'5833','MARSYA NURINDRIYANI','5833@gmail.com','81555662019','P','Islam',8,NULL,'2025-01-06 13:00:40','2025-01-06 13:00:40'),(787,'5834','MA\'WA ADHENIN','5834@gmail.com','81555662020','P','Islam',8,NULL,'2025-01-06 13:00:40','2025-01-06 13:00:40'),(788,'5835','MAYA LIDYA SARI','5835@gmail.com','81555662021','P','Islam',8,NULL,'2025-01-06 13:00:40','2025-01-06 13:00:40'),(789,'5836','MIA RAMADANIA','5836@gmail.com','81555662022','P','Islam',8,NULL,'2025-01-06 13:00:40','2025-01-06 13:00:40'),(790,'5837','NAZWA SAFINATUN NAJAH','5837@gmail.com','81555662023','P','Islam',8,NULL,'2025-01-06 13:00:40','2025-01-06 13:00:40'),(791,'5838','NIA AGUSTIN','5838@gmail.com','81555662024','P','Islam',8,NULL,'2025-01-06 13:00:40','2025-01-06 13:00:40'),(792,'5839','NING DYAH LATADZARNI PUSPITARUM','5839@gmail.com','81555662025','P','Islam',8,NULL,'2025-01-06 13:00:40','2025-01-06 13:00:40'),(793,'5840','NOFI OLIFFIA','5840@gmail.com','81555662026','P','Islam',8,NULL,'2025-01-06 13:00:40','2025-01-06 13:00:40'),(794,'5841','NURUL MUTMAINAH','5841@gmail.com','81555662027','P','Islam',8,NULL,'2025-01-06 13:00:40','2025-01-06 13:00:40'),(795,'5842','OKTAVIA WULAN RAMADANI','5842@gmail.com','81555662028','P','Islam',8,NULL,'2025-01-06 13:00:40','2025-01-06 13:00:40'),(796,'5843','PINGKAN AMELIA','5843@gmail.com','81555662029','P','Islam',8,NULL,'2025-01-06 13:00:40','2025-01-06 13:00:40'),(797,'5844','RAHMA APRILIANI','5844@gmail.com','81555662030','P','Islam',8,NULL,'2025-01-06 13:00:40','2025-01-06 13:00:40'),(798,'5845','RAISYA AZZAHRA','5845@gmail.com','81555662031','P','Islam',8,NULL,'2025-01-06 13:00:40','2025-01-06 13:00:40'),(799,'5846','RATNA BUDI LESTARI','5846@gmail.com','81555662032','P','Islam',8,NULL,'2025-01-06 13:00:41','2025-01-06 13:00:41'),(800,'5847','RISKA CANTIKA PUTRI','5847@gmail.com','81555662033','P','Islam',8,NULL,'2025-01-06 13:00:41','2025-01-06 13:00:41'),(801,'5848','RISTI DWI ROHMANTIKA','5848@gmail.com','81555662034','P','Islam',8,NULL,'2025-01-06 13:00:41','2025-01-06 13:00:41'),(802,'5849','SELA ROSALITA','5849@gmail.com','81555662035','P','Islam',8,NULL,'2025-01-06 13:00:41','2025-01-06 13:00:41'),(803,'5850','SHERLI EKA PRATIWI','5850@gmail.com','81555662036','P','Islam',8,NULL,'2025-01-06 13:00:41','2025-01-06 13:00:41'),(804,'5851','SINTA NUR LAELA','5851@gmail.com','81555662037','P','Islam',8,NULL,'2025-01-06 13:00:41','2025-01-06 13:00:41'),(805,'5852','SOFIA ISNA CAHYARINI','5852@gmail.com','81555662038','P','Islam',8,NULL,'2025-01-06 13:00:41','2025-01-06 13:00:41'),(806,'5853','TRI JUMIATI','5853@gmail.com','81555662039','P','Islam',8,NULL,'2025-01-06 13:00:41','2025-01-06 13:00:41'),(807,'5854','TYA ASTUTI','5854@gmail.com','81555662040','P','Islam',8,NULL,'2025-01-06 13:00:41','2025-01-06 13:00:41'),(808,'5855','USWATUN KHASANAH','5855@gmail.com','81555662041','P','Islam',8,NULL,'2025-01-06 13:00:41','2025-01-06 13:00:41'),(809,'5856','VASYA CITRA SEPTIANA RAMADHANI','5856@gmail.com','81555662042','P','Islam',8,NULL,'2025-01-06 13:00:41','2025-01-06 13:00:41'),(810,'5857','VIANA','5857@gmail.com','81555662043','P','Islam',8,NULL,'2025-01-06 13:00:41','2025-01-06 13:00:41'),(811,'5858','WULAN APRIYANI','5858@gmail.com','81555662044','P','Islam',8,NULL,'2025-01-06 13:00:41','2025-01-06 13:00:41'),(812,'5859','ZAFIYATUL HASANNAH','5859@gmail.com','81555662045','P','Islam',8,NULL,'2025-01-06 13:00:41','2025-01-06 13:00:41'),(813,'5860','ZAHRA HASTATI DEWI','5860@gmail.com','81555662046','P','Islam',8,NULL,'2025-01-06 13:00:41','2025-01-06 13:00:41'),(814,'5861','ZAIN KHOLISHOTUL MA\'RUFAH','5861@gmail.com','81555662047','P','Islam',8,NULL,'2025-01-06 13:00:41','2025-01-06 13:00:41'),(815,'5862','ZETI ALFIZYAH','5862@gmail.com','81555662048','P','Islam',8,NULL,'2025-01-06 13:00:41','2025-01-06 13:00:41'),(816,'5863','ADELIYA','5863@gmail.com','81555662049','P','Islam',16,NULL,'2025-01-06 13:00:41','2025-01-06 13:00:41'),(817,'5864','ADHEXTA OKIANA ROMADHON','5864@gmail.com','81555662050','L','Islam',16,NULL,'2025-01-06 13:00:41','2025-01-06 13:00:41'),(818,'5865','ADITYA DWI YULIAN','5865@gmail.com','81555662051','L','Islam',16,NULL,'2025-01-06 13:00:41','2025-01-06 13:00:41'),(819,'5866','AIRIN LOVELITA','5866@gmail.com','81555662052','P','Islam',16,NULL,'2025-01-06 13:00:41','2025-01-06 13:00:41'),(820,'5867','AMELIA ARESTI','5867@gmail.com','81555662053','P','Islam',16,NULL,'2025-01-06 13:00:41','2025-01-06 13:00:41'),(821,'5868','ANNISA NINGRUM','5868@gmail.com','81555662054','P','Islam',16,NULL,'2025-01-06 13:00:41','2025-01-06 13:00:41'),(822,'5869','BAYU APRIYANSAH','5869@gmail.com','81555662055','L','Islam',16,NULL,'2025-01-06 13:00:41','2025-01-06 13:00:41'),(823,'5870','CATUR WIDIYANINGSIH','5870@gmail.com','81555662056','P','Islam',16,NULL,'2025-01-06 13:00:41','2025-01-06 13:00:41'),(824,'5871','DAVIT ALFAN','5871@gmail.com','81555662057','L','Islam',16,NULL,'2025-01-06 13:00:41','2025-01-06 13:00:41'),(825,'5872','DENI SATRIO','5872@gmail.com','81555662058','L','Islam',16,NULL,'2025-01-06 13:00:41','2025-01-06 13:00:41'),(826,'5873','DYAH AYU RAMADHANI','5873@gmail.com','81555662059','P','Islam',16,NULL,'2025-01-06 13:00:41','2025-01-06 13:00:41'),(827,'5874','FANI ASRIYANI','5874@gmail.com','81555662060','P','Islam',16,NULL,'2025-01-06 13:00:41','2025-01-06 13:00:41'),(828,'5875','FITRIYANI','5875@gmail.com','81555662061','P','Islam',16,NULL,'2025-01-06 13:00:41','2025-01-06 13:00:41'),(829,'5876','GEISHA GALUH SAFIQA','5876@gmail.com','81555662062','P','Islam',16,NULL,'2025-01-06 13:00:41','2025-01-06 13:00:41'),(830,'5877','ILHAM NUR FAHRI','5877@gmail.com','81555662063','L','Islam',16,NULL,'2025-01-06 13:00:41','2025-01-06 13:00:41'),(831,'5878','ITA ANGGRENI','5878@gmail.com','81555662064','P','Islam',16,NULL,'2025-01-06 13:00:41','2025-01-06 13:00:41'),(832,'5879','JIHAN NUR HANIVA','5879@gmail.com','81555662065','P','Islam',16,NULL,'2025-01-06 13:00:41','2025-01-06 13:00:41'),(833,'5880','LAELI FITRI MUSYAROFAH','5880@gmail.com','81555662066','P','Islam',16,NULL,'2025-01-06 13:00:41','2025-01-06 13:00:41'),(834,'5881','LARAS MEILANI','5881@gmail.com','81555662067','P','Islam',16,NULL,'2025-01-06 13:00:41','2025-01-06 13:00:41'),(835,'5882','LUKMAN SYAFI\'I','5882@gmail.com','81555662068','L','Islam',16,NULL,'2025-01-06 13:00:41','2025-01-06 13:00:41'),(836,'5883','MARFEL RASYATUL AQMAL','5883@gmail.com','81555662069','L','Islam',16,NULL,'2025-01-06 13:00:41','2025-01-06 13:00:41'),(837,'5884','MUHAMMAD NABHAN ZUKHAIL','5884@gmail.com','81555662070','L','Islam',16,NULL,'2025-01-06 13:00:41','2025-01-06 13:00:41'),(838,'5885','NABILA FATMA NURANISA','5885@gmail.com','81555662071','P','Islam',16,NULL,'2025-01-06 13:00:41','2025-01-06 13:00:41'),(839,'5886','NALA AVRELIA DEVITA','5886@gmail.com','81555662072','P','Islam',16,NULL,'2025-01-06 13:00:41','2025-01-06 13:00:41'),(840,'5887','NATTA NEVIATAMA','5887@gmail.com','81555662073','P','Islam',16,NULL,'2025-01-06 13:00:41','2025-01-06 13:00:41'),(841,'5888','NUR AISYAH PRIASTUTI','5888@gmail.com','81555662074','P','Islam',16,NULL,'2025-01-06 13:00:41','2025-01-06 13:00:41'),(842,'5889','OKI SUPRANTIO','5889@gmail.com','81555662075','L','Islam',16,NULL,'2025-01-06 13:00:41','2025-01-06 13:00:41'),(843,'5890','RATNA SUCI RAMADANI','5890@gmail.com','81555662076','P','Islam',16,NULL,'2025-01-06 13:00:41','2025-01-06 13:00:41'),(844,'5891','RIDHO SAPUTRA','5891@gmail.com','81555662077','L','Islam',16,NULL,'2025-01-06 13:00:41','2025-01-06 13:00:41'),(845,'5892','RINDU PUTRI PINANTI','5892@gmail.com','81555662078','P','Islam',16,NULL,'2025-01-06 13:00:41','2025-01-06 13:00:41'),(846,'5893','RIYAN PRASETYO','5893@gmail.com','81555662079','L','Islam',16,NULL,'2025-01-06 13:00:41','2025-01-06 13:00:41'),(847,'5894','SALWA ZAZKYA','5894@gmail.com','81555662080','P','Islam',16,NULL,'2025-01-06 13:00:41','2025-01-06 13:00:41'),(848,'5895','SEIRA ALFINA WIDIANTI','5895@gmail.com','81555662081','P','Islam',16,NULL,'2025-01-06 13:00:41','2025-01-06 13:00:41'),(849,'5896','SENTIA NUR ISNAENI','5896@gmail.com','81555662082','P','Islam',16,NULL,'2025-01-06 13:00:41','2025-01-06 13:00:41'),(850,'5897','TUTI RAHMAWATI','5897@gmail.com','81555662083','P','Islam',16,NULL,'2025-01-06 13:00:41','2025-01-06 13:00:41'),(851,'5898','ZASKIA ASHIVA FITRIYANI','5898@gmail.com','81555662084','P','Islam',16,NULL,'2025-01-06 13:00:41','2025-01-06 13:00:41'),(852,'5899','ADIT TIA SETIAWAN','5899@gmail.com','81555662085','L','Islam',17,NULL,'2025-01-06 13:00:41','2025-01-06 13:00:41'),(853,'5900','AILEN RACHEL SAPUTRA','5900@gmail.com','81555662086','L','Islam',17,NULL,'2025-01-06 13:00:41','2025-01-06 13:00:41'),(854,'5901','ANGGUN AGUSTINA DWI LESTARI','5901@gmail.com','81555662087','P','Islam',17,NULL,'2025-01-06 13:00:41','2025-01-06 13:00:41'),(855,'5902','ARVIN DWIANSYAH','5902@gmail.com','81555662088','L','Islam',17,NULL,'2025-01-06 13:00:41','2025-01-06 13:00:41'),(856,'5903','AZKA MUHAMMAD FAIZ','5903@gmail.com','81555662089','L','Islam',17,NULL,'2025-01-06 13:00:41','2025-01-06 13:00:41'),(857,'5904','DEWI NUR RIZKI','5904@gmail.com','81555662090','P','Islam',17,NULL,'2025-01-06 13:00:41','2025-01-06 13:00:41'),(858,'5905','ELDHIRA DIAS NUGRAHA','5905@gmail.com','81555662091','L','Islam',17,NULL,'2025-01-06 13:00:41','2025-01-06 13:00:41'),(859,'5906','ELSA OLIFIANA','5906@gmail.com','81555662092','P','Islam',17,NULL,'2025-01-06 13:00:41','2025-01-06 13:00:41'),(860,'5907','FAHMY ANDRI PRAWIRO','5907@gmail.com','81555662093','L','Islam',17,NULL,'2025-01-06 13:00:41','2025-01-06 13:00:41'),(861,'5908','FENESA SEPTIANI','5908@gmail.com','81555662094','P','Islam',17,NULL,'2025-01-06 13:00:41','2025-01-06 13:00:41'),(862,'5909','FIKA IRMAWATI','5909@gmail.com','81555662095','P','Islam',17,NULL,'2025-01-06 13:00:41','2025-01-06 13:00:41'),(863,'5910','GRISSELDA DWI WULANDARI','5910@gmail.com','81555662096','P','Islam',17,NULL,'2025-01-06 13:00:41','2025-01-06 13:00:41'),(864,'5911','HADRIYANTI','5911@gmail.com','81555662097','P','Islam',17,NULL,'2025-01-06 13:00:41','2025-01-06 13:00:41'),(865,'5912','HAFIS ZAKI MOHAMMAD','5912@gmail.com','81555662098','L','Islam',17,NULL,'2025-01-06 13:00:41','2025-01-06 13:00:41'),(866,'5913','HERMAN','5913@gmail.com','81555662099','L','Islam',17,NULL,'2025-01-06 13:00:41','2025-01-06 13:00:41'),(867,'5914','ILHAM DONI KURNIAWAN','5914@gmail.com','81555662100','L','Islam',17,NULL,'2025-01-06 13:00:41','2025-01-06 13:00:41'),(868,'5915','IMELDA AYU APRILIA','5915@gmail.com','81555662101','P','Islam',17,NULL,'2025-01-06 13:00:41','2025-01-06 13:00:41'),(869,'5916','INDAH PRAWITA','5916@gmail.com','81555662102','P','Islam',17,NULL,'2025-01-06 13:00:41','2025-01-06 13:00:41'),(870,'5917','MILA NOVIANA','5917@gmail.com','81555662103','P','Islam',17,NULL,'2025-01-06 13:00:41','2025-01-06 13:00:41'),(871,'5919','NABILA WIDYADHANA MUKTI','5919@gmail.com','81555662104','P','Islam',17,NULL,'2025-01-06 13:00:41','2025-01-06 13:00:41'),(872,'5920','NAFIS AHMAD MA\'RUF','5920@gmail.com','81555662105','L','Islam',17,NULL,'2025-01-06 13:00:41','2025-01-06 13:00:41'),(873,'5921','NILA SRI RAHAYU','5921@gmail.com','81555662106','P','Islam',17,NULL,'2025-01-06 13:00:41','2025-01-06 13:00:41'),(874,'5922','NURI NASYWA RISWANTI','5922@gmail.com','81555662107','P','Islam',17,NULL,'2025-01-06 13:00:41','2025-01-06 13:00:41'),(875,'5923','RAFFY FEBRIAN','5923@gmail.com','81555662108','L','Islam',17,NULL,'2025-01-06 13:00:41','2025-01-06 13:00:41'),(876,'5924','RAHMA INDI AZARIA','5924@gmail.com','81555662109','P','Islam',17,NULL,'2025-01-06 13:00:41','2025-01-06 13:00:41'),(877,'5925','RAISYA AKBAR ARSAWINATA','5925@gmail.com','81555662110','L','Islam',17,NULL,'2025-01-06 13:00:41','2025-01-06 13:00:41'),(878,'5926','SAFIK MAOLANA','5926@gmail.com','81555662111','L','Islam',17,NULL,'2025-01-06 13:00:41','2025-01-06 13:00:41'),(879,'5927','SHYFA INAYAH','5927@gmail.com','81555662112','P','Islam',17,NULL,'2025-01-06 13:00:41','2025-01-06 13:00:41'),(880,'5928','SITI AISYAH','5928@gmail.com','81555662113','P','Islam',17,NULL,'2025-01-06 13:00:41','2025-01-06 13:00:41'),(881,'5929','TETUKA SATRIA TAMA','5929@gmail.com','81555662114','L','Islam',17,NULL,'2025-01-06 13:00:41','2025-01-06 13:00:41'),(882,'5930','VALENTINO ADI KUSUMA','5930@gmail.com','81555662115','L','Islam',17,NULL,'2025-01-06 13:00:41','2025-01-06 13:00:41'),(883,'5931','WIDI SANTOSO','5931@gmail.com','81555662116','L','Islam',17,NULL,'2025-01-06 13:00:41','2025-01-06 13:00:41'),(884,'5932','YOGA PRASTIO','5932@gmail.com','81555662117','L','Islam',17,NULL,'2025-01-06 13:00:41','2025-01-06 13:00:41'),(885,'5933','YUANDA RAHMADANI','5933@gmail.com','81555662118','P','Islam',17,NULL,'2025-01-06 13:00:41','2025-01-06 13:00:41'),(886,'5936','ABDULLAH IMANSAH','5936@gmail.com','81555662119','L','Islam',18,NULL,'2025-01-06 13:00:41','2025-01-06 13:00:41'),(887,'5937','ADITYA NUR SAPUTRA','5937@gmail.com','81555662120','L','Islam',18,NULL,'2025-01-06 13:00:41','2025-01-06 13:00:41'),(888,'5938','AISAH NURAINI','5938@gmail.com','81555662121','P','Islam',18,NULL,'2025-01-06 13:00:41','2025-01-06 13:00:41'),(889,'5939','ANGGA ARIFQI','5939@gmail.com','81555662122','L','Islam',18,NULL,'2025-01-06 13:00:41','2025-01-06 13:00:41'),(890,'5940','ANGGI GIARSIH','5940@gmail.com','81555662123','P','Islam',18,NULL,'2025-01-06 13:00:41','2025-01-06 13:00:41'),(891,'5935','ASIH NABILA','5935@gmail.com','81555662124','P','Islam',18,NULL,'2025-01-06 13:00:41','2025-01-06 13:00:41'),(892,'5941','DANDI SAPUTRA','5941@gmail.com','81555662125','L','Islam',18,NULL,'2025-01-06 13:00:41','2025-01-06 13:00:41'),(893,'5942','DELA SAFIRA','5942@gmail.com','81555662126','P','Islam',18,NULL,'2025-01-06 13:00:41','2025-01-06 13:00:41'),(894,'5944','DETTI TRI ISNAWATI','5944@gmail.com','81555662127','P','Islam',18,NULL,'2025-01-06 13:00:41','2025-01-06 13:00:41'),(895,'5945','DIKI NURHOLIS','5945@gmail.com','81555662128','L','Islam',18,NULL,'2025-01-06 13:00:41','2025-01-06 13:00:41'),(896,'5946','FAIQ EKY DHARMAWAN','5946@gmail.com','81555662129','L','Islam',18,NULL,'2025-01-06 13:00:41','2025-01-06 13:00:41'),(897,'5947','FAUZIAH AULIA PUTRI','5947@gmail.com','81555662130','P','Islam',18,NULL,'2025-01-06 13:00:41','2025-01-06 13:00:41'),(898,'5948','FERLIYANTI','5948@gmail.com','81555662131','P','Islam',18,NULL,'2025-01-06 13:00:41','2025-01-06 13:00:41'),(899,'5949','FINA RAHMAWATI','5949@gmail.com','81555662132','P','Islam',18,NULL,'2025-01-06 13:00:41','2025-01-06 13:00:41'),(900,'5950','GILANG DANUM PAMUNGKAS','5950@gmail.com','81555662133','L','Islam',18,NULL,'2025-01-06 13:00:41','2025-01-06 13:00:41'),(901,'5951','HAFIDZAH RAHMATUNNISA','5951@gmail.com','81555662134','P','Islam',18,NULL,'2025-01-06 13:00:41','2025-01-06 13:00:41'),(902,'5952','IBRAHIM FATHIR ULUM','5952@gmail.com','81555662135','L','Islam',18,NULL,'2025-01-06 13:00:41','2025-01-06 13:00:41'),(903,'5953','ILHAM AGUS SETIAWAN','5953@gmail.com','81555662136','L','Islam',18,NULL,'2025-01-06 13:00:41','2025-01-06 13:00:41'),(904,'5954','JACINDA ZOULYTAQI KAYLYCA','5954@gmail.com','81555662137','P','Islam',18,NULL,'2025-01-06 13:00:41','2025-01-06 13:00:41'),(905,'5955','KEVIN EFANDI','5955@gmail.com','81555662138','L','Islam',18,NULL,'2025-01-06 13:00:41','2025-01-06 13:00:41'),(906,'5956','MARCHELLYN WIDYA AZZAHRA','5956@gmail.com','81555662139','P','Islam',18,NULL,'2025-01-06 13:00:41','2025-01-06 13:00:41'),(907,'5957','MAYA CANDRA KHOIRUN NISA','5957@gmail.com','81555662140','P','Islam',18,NULL,'2025-01-06 13:00:41','2025-01-06 13:00:41'),(908,'5958','MITA LESTARI','5958@gmail.com','81555662141','P','Islam',18,NULL,'2025-01-06 13:00:41','2025-01-06 13:00:41'),(909,'5959','NIA ROMADONI','5959@gmail.com','81555662142','P','Islam',18,NULL,'2025-01-06 13:00:41','2025-01-06 13:00:41'),(910,'5960','NIKE MEIKASARI','5960@gmail.com','81555662143','P','Islam',18,NULL,'2025-01-06 13:00:41','2025-01-06 13:00:41'),(911,'5961','NOVALYZA TRI WULANDARI','5961@gmail.com','81555662144','P','Islam',18,NULL,'2025-01-06 13:00:41','2025-01-06 13:00:41'),(912,'5962','NUR AZAM ALIF RAIKHAN','5962@gmail.com','81555662145','L','Islam',18,NULL,'2025-01-06 13:00:41','2025-01-06 13:00:41'),(913,'5963','REZA','5963@gmail.com','81555662146','L','Islam',18,NULL,'2025-01-06 13:00:41','2025-01-06 13:00:41'),(914,'5964','RIA NURWATININGSIH','5964@gmail.com','81555662147','P','Islam',18,NULL,'2025-01-06 13:00:41','2025-01-06 13:00:41'),(915,'5965','SABILARROSYAD','5965@gmail.com','81555662148','L','Islam',18,NULL,'2025-01-06 13:00:41','2025-01-06 13:00:41'),(916,'5966','SAFA\'AT AZHAR PRAYOGA','5966@gmail.com','81555662149','L','Islam',18,NULL,'2025-01-06 13:00:41','2025-01-06 13:00:41'),(917,'5967','SAFIRA','5967@gmail.com','81555662150','P','Islam',18,NULL,'2025-01-06 13:00:41','2025-01-06 13:00:41'),(918,'5968','SALMA RADI OKTAVIANA','5968@gmail.com','81555662151','P','Islam',18,NULL,'2025-01-06 13:00:41','2025-01-06 13:00:41'),(919,'5969','ZAHRA CHILVIA AFANDI','5969@gmail.com','81555662152','P','Islam',18,NULL,'2025-01-06 13:00:41','2025-01-06 13:00:41'),(920,'5970','ZYDAN ADITIA RAMADHAN','5970@gmail.com','81555662153','L','Islam',18,NULL,'2025-01-06 13:00:41','2025-01-06 13:00:41'),(921,'5034','AGUS SETIAWAN','5034@gmail.com','81555662154','L','Islam',40,NULL,'2025-01-06 13:00:41','2025-01-06 13:00:41'),(922,'5035','AHMAD FAISAL','5035@gmail.com','81555662155','L','Islam',40,NULL,'2025-01-06 13:00:41','2025-01-06 13:00:41'),(923,'5036','ALFIAN NUGROHO','5036@gmail.com','81555662156','L','Islam',40,NULL,'2025-01-06 13:00:41','2025-01-06 13:00:41'),(924,'5037','ANDIKA BAGUS SETIAWAN','5037@gmail.com','81555662157','L','Islam',40,NULL,'2025-01-06 13:00:41','2025-01-06 13:00:41'),(925,'5038','ANDRE IRAWAN','5038@gmail.com','81555662158','L','Islam',40,NULL,'2025-01-06 13:00:41','2025-01-06 13:00:41'),(926,'5039','ANJAR ARI FIRANSYAH','5039@gmail.com','81555662159','L','Islam',40,NULL,'2025-01-06 13:00:41','2025-01-06 13:00:41'),(927,'5041','ARIF PUTRA FIRMANSYAH','5041@gmail.com','81555662160','L','Islam',40,NULL,'2025-01-06 13:00:41','2025-01-06 13:00:41'),(928,'5042','BUDI MUSTOFA','5042@gmail.com','81555662161','L','Islam',40,NULL,'2025-01-06 13:00:41','2025-01-06 13:00:41'),(929,'5044','DIDI RIFALDI','5044@gmail.com','81555662162','L','Islam',40,NULL,'2025-01-06 13:00:41','2025-01-06 13:00:41'),(930,'5045','DIKI PRATAMA','5045@gmail.com','81555662163','L','Islam',40,NULL,'2025-01-06 13:00:41','2025-01-06 13:00:41'),(931,'5046','EKO PRASETYO AJI','5046@gmail.com','81555662164','L','Islam',40,NULL,'2025-01-06 13:00:41','2025-01-06 13:00:41'),(932,'5047','FATTAH FASIH FADHILLAH','5047@gmail.com','81555662165','L','Islam',40,NULL,'2025-01-06 13:00:41','2025-01-06 13:00:41'),(933,'5048','Galang Kiki Noverlo','5048@gmail.com','81555662166','L','Islam',40,NULL,'2025-01-06 13:00:41','2025-01-06 13:00:41'),(934,'5049','GHAYUH ALDI NUGROHO','5049@gmail.com','81555662167','L','Islam',40,NULL,'2025-01-06 13:00:41','2025-01-06 13:00:41'),(935,'5050','IBNU FADLI ZULKIFLI','5050@gmail.com','81555662168','L','Islam',40,NULL,'2025-01-06 13:00:41','2025-01-06 13:00:41'),(936,'5051','IKBAL SAID NOVAL','5051@gmail.com','81555662169','L','Islam',40,NULL,'2025-01-06 13:00:41','2025-01-06 13:00:41'),(937,'5052','MOHAMAD RIZAL RAMDANI','5052@gmail.com','81555662170','L','Islam',40,NULL,'2025-01-06 13:00:41','2025-01-06 13:00:41'),(938,'5053','MUFFTI RAHMAN AZIS','5053@gmail.com','81555662171','L','Islam',40,NULL,'2025-01-06 13:00:41','2025-01-06 13:00:41'),(939,'5054','MUFID RIYANTO','5054@gmail.com','81555662172','L','Islam',40,NULL,'2025-01-06 13:00:41','2025-01-06 13:00:41'),(940,'5055','MUHAMAD FARIS DIAUHAQ','5055@gmail.com','81555662173','L','Islam',40,NULL,'2025-01-06 13:00:41','2025-01-06 13:00:41'),(941,'5056','MUHAMAD GUARDIAN RAYYAN P','5056@gmail.com','81555662174','L','Islam',40,NULL,'2025-01-06 13:00:41','2025-01-06 13:00:41'),(942,'5059','RAFI HANIF ABIYYUDA','5059@gmail.com','81555662175','L','Islam',40,NULL,'2025-01-06 13:00:41','2025-01-06 13:00:41'),(943,'5060','REFI SETIAWAN','5060@gmail.com','81555662176','L','Islam',40,NULL,'2025-01-06 13:00:41','2025-01-06 13:00:41'),(944,'5061','RENASYAH','5061@gmail.com','81555662177','L','Islam',40,NULL,'2025-01-06 13:00:41','2025-01-06 13:00:41'),(945,'5062','RISKI ALFARIH DWI PRATAMA','5062@gmail.com','81555662178','L','Islam',40,NULL,'2025-01-06 13:00:41','2025-01-06 13:00:41'),(946,'5063','RIZAN PRAYOGA VIAN','5063@gmail.com','81555662179','L','Islam',40,NULL,'2025-01-06 13:00:41','2025-01-06 13:00:41'),(947,'5064','SERLI INDAHWATI','5064@gmail.com','81555662180','L','Islam',40,NULL,'2025-01-06 13:00:41','2025-01-06 13:00:41'),(948,'5065','SERY JULIYANTO','5065@gmail.com','81555662181','L','Islam',40,NULL,'2025-01-06 13:00:41','2025-01-06 13:00:41'),(949,'5066','TAMA ADIKA','5066@gmail.com','81555662182','L','Islam',40,NULL,'2025-01-06 13:00:41','2025-01-06 13:00:41'),(950,'5067','TEGAR PRASETYO','5067@gmail.com','81555662183','L','Islam',40,NULL,'2025-01-06 13:00:41','2025-01-06 13:00:41'),(951,'5068','VICKY FEBRIANSYAH','5068@gmail.com','81555662184','L','Islam',40,NULL,'2025-01-06 13:00:41','2025-01-06 13:00:41'),(952,'5069','WAHYU RIZAL SETIAWAN','5069@gmail.com','81555662185','L','Islam',40,NULL,'2025-01-06 13:00:41','2025-01-06 13:00:41'),(953,'5070','ABIL JUNIAWAN','5070@gmail.com','81555662186','L','Islam',41,NULL,'2025-01-06 13:00:41','2025-01-06 13:00:41'),(954,'5071','ADO PRASTIYO','5071@gmail.com','81555662187','L','Islam',41,NULL,'2025-01-06 13:00:41','2025-01-06 13:00:41'),(955,'5072','ADZAHAR EKA PRASETYO','5072@gmail.com','81555662188','L','Islam',41,NULL,'2025-01-06 13:00:41','2025-01-06 13:00:41'),(956,'5073','ALIF HADI PRATAMA','5073@gmail.com','81555662189','L','Islam',41,NULL,'2025-01-06 13:00:41','2025-01-06 13:00:41'),(957,'5074','ANDIKA ILHAM PANGESTU','5074@gmail.com','81555662190','L','Islam',41,NULL,'2025-01-06 13:00:41','2025-01-06 13:00:41'),(958,'5075','ANDRIYANSAH','5075@gmail.com','81555662191','L','Islam',41,NULL,'2025-01-06 13:00:41','2025-01-06 13:00:41'),(959,'5076','ARDI YAN SYAH','5076@gmail.com','81555662192','L','Islam',41,NULL,'2025-01-06 13:00:41','2025-01-06 13:00:41'),(960,'5077','CHOERUL ARYA TEGUH WALUYO','5077@gmail.com','81555662193','L','Islam',41,NULL,'2025-01-06 13:00:41','2025-01-06 13:00:41'),(961,'5079','DENI APRILIAN','5079@gmail.com','81555662194','L','Islam',41,NULL,'2025-01-06 13:00:41','2025-01-06 13:00:41'),(962,'5080','DIDIK ADI PRAYOGA','5080@gmail.com','81555662195','L','Islam',41,NULL,'2025-01-06 13:00:41','2025-01-06 13:00:41'),(963,'5082','DITA NOVAL KURNIAWAN','5082@gmail.com','81555662196','L','Islam',41,NULL,'2025-01-06 13:00:41','2025-01-06 13:00:41'),(964,'5083','EKA ANJAR SAFTIO','5083@gmail.com','81555662197','L','Islam',41,NULL,'2025-01-06 13:00:41','2025-01-06 13:00:41'),(965,'5084','GIANANSHA MUHAMAD RIFKI','5084@gmail.com','81555662198','L','Islam',41,NULL,'2025-01-06 13:00:41','2025-01-06 13:00:41'),(966,'5085','HADNO','5085@gmail.com','81555662199','L','Islam',41,NULL,'2025-01-06 13:00:41','2025-01-06 13:00:41'),(967,'5087','MARWAN HANIF','5087@gmail.com','81555662200','L','Islam',41,NULL,'2025-01-06 13:00:41','2025-01-06 13:00:41'),(968,'5088','MOHAMAD SERRIL ARIF WIJANARKO','5088@gmail.com','81555662201','L','Islam',41,NULL,'2025-01-06 13:00:41','2025-01-06 13:00:41'),(969,'5090','MUHAMAD NGABDUROZAQ','5090@gmail.com','81555662202','L','Islam',41,NULL,'2025-01-06 13:00:41','2025-01-06 13:00:41'),(970,'5091','MUHAMAD NOUFAL FADLUROHMAN','5091@gmail.com','81555662203','L','Islam',41,NULL,'2025-01-06 13:00:41','2025-01-06 13:00:41'),(971,'5093','NAUFAL ADIT ARIFIN','5093@gmail.com','81555662204','L','Islam',41,NULL,'2025-01-06 13:00:41','2025-01-06 13:00:41'),(972,'5094','NUR FAIS RAMADANI','5094@gmail.com','81555662205','L','Islam',41,NULL,'2025-01-06 13:00:41','2025-01-06 13:00:41'),(973,'5095','RAFI NAIB HASAN','5095@gmail.com','81555662206','L','Islam',41,NULL,'2025-01-06 13:00:41','2025-01-06 13:00:41'),(974,'5096','REHAN EKO SAPUTRO','5096@gmail.com','81555662207','L','Islam',41,NULL,'2025-01-06 13:00:41','2025-01-06 13:00:41'),(975,'5097','REVANDHRA KHOIRU SA\'BANI','5097@gmail.com','81555662208','L','Islam',41,NULL,'2025-01-06 13:00:41','2025-01-06 13:00:41'),(976,'5098','RIFKI ARDIANSYAH','5098@gmail.com','81555662209','L','Islam',41,NULL,'2025-01-06 13:00:41','2025-01-06 13:00:41'),(977,'5099','Rizky Hardiansyah','5099@gmail.com','81555662210','L','Islam',41,NULL,'2025-01-06 13:00:41','2025-01-06 13:00:41'),(978,'5100','SAMSUL BAKTIAR','5100@gmail.com','81555662211','L','Islam',41,NULL,'2025-01-06 13:00:41','2025-01-06 13:00:41'),(979,'5101','SOBAR FADILAH','5101@gmail.com','81555662212','L','Islam',41,NULL,'2025-01-06 13:00:41','2025-01-06 13:00:41'),(980,'5102','SYAHDAN PUTRA HIDAYAT','5102@gmail.com','81555662213','L','Islam',41,NULL,'2025-01-06 13:00:41','2025-01-06 13:00:41'),(981,'5103','TEGAR SATRIO','5103@gmail.com','81555662214','L','Islam',41,NULL,'2025-01-06 13:00:41','2025-01-06 13:00:41'),(982,'5104','WAWAN PRIANTO','5104@gmail.com','81555662215','L','Islam',41,NULL,'2025-01-06 13:00:41','2025-01-06 13:00:41'),(983,'5105','WIHNU TAMA','5105@gmail.com','81555662216','L','Islam',41,NULL,'2025-01-06 13:00:41','2025-01-06 13:00:41'),(984,'5106','AGUSTAF WILDHAN PRAYOGI','5106@gmail.com','81555662217','L','Islam',42,NULL,'2025-01-06 13:00:41','2025-01-06 13:00:41'),(985,'5107','ANDIKA TRI JUNIANTO','5107@gmail.com','81555662218','L','Islam',42,NULL,'2025-01-06 13:00:41','2025-01-06 13:00:41'),(986,'5108','ANDREGA TANU WIJAYA','5108@gmail.com','81555662219','L','Islam',42,NULL,'2025-01-06 13:00:41','2025-01-06 13:00:41'),(987,'5109','ANJAR MAULANA','5109@gmail.com','81555662220','L','Islam',42,NULL,'2025-01-06 13:00:41','2025-01-06 13:00:41'),(988,'5110','ANKY AQILA PUTU TIRTA','5110@gmail.com','81555662221','L','Islam',42,NULL,'2025-01-06 13:00:41','2025-01-06 13:00:41'),(989,'5111','ARDIANSAH','5111@gmail.com','81555662222','L','Islam',42,NULL,'2025-01-06 13:00:41','2025-01-06 13:00:41'),(990,'5112','DENI KURNIAWAN','5112@gmail.com','81555662223','L','Islam',42,NULL,'2025-01-06 13:00:41','2025-01-06 13:00:41'),(991,'5114','DHIKA PRASETYO','5114@gmail.com','81555662224','L','Islam',42,NULL,'2025-01-06 13:00:41','2025-01-06 13:00:41'),(992,'5115','DIAS PRATAMA JATI','5115@gmail.com','81555662225','L','Islam',42,NULL,'2025-01-06 13:00:41','2025-01-06 13:00:41'),(993,'5116','DIKI IRFAN SAHADAT NURAROFAH','5116@gmail.com','81555662226','L','Islam',42,NULL,'2025-01-06 13:00:41','2025-01-06 13:00:41'),(994,'5117','ERYANSAH DWI JULIAN','5117@gmail.com','81555662227','L','Islam',42,NULL,'2025-01-06 13:00:41','2025-01-06 13:00:41'),(995,'5118','FAISAL RAHMAN','5118@gmail.com','81555662228','L','Islam',42,NULL,'2025-01-06 13:00:41','2025-01-06 13:00:41'),(996,'5119','HEMASTAMA MAGANI','5119@gmail.com','81555662229','L','Islam',42,NULL,'2025-01-06 13:00:41','2025-01-06 13:00:41'),(997,'5120','HILMI WAHYU AMRULLOH','5120@gmail.com','81555662230','L','Islam',42,NULL,'2025-01-06 13:00:41','2025-01-06 13:00:41'),(998,'5121','INDRA HERMAWAN','5121@gmail.com','81555662231','L','Islam',42,NULL,'2025-01-06 13:00:41','2025-01-06 13:00:41'),(999,'5124','MUHAMAD ROIHAN NAZHIF','5124@gmail.com','81555662232','L','Islam',42,NULL,'2025-01-06 13:00:41','2025-01-06 13:00:41'),(1000,'5125','MUHAMMAD ABDUL QODIR JAELANI ADIFA','5125@gmail.com','81555662233','L','Islam',42,NULL,'2025-01-06 13:00:41','2025-01-06 13:00:41'),(1001,'5126','MUHAMMAD BAYU RUDIANSYAH','5126@gmail.com','81555662234','L','Islam',42,NULL,'2025-01-06 13:00:42','2025-01-06 13:00:42'),(1002,'5127','Muhammad Dava Nafi\'Ilmi','5127@gmail.com','81555662235','L','Islam',42,NULL,'2025-01-06 13:00:42','2025-01-06 13:00:42'),(1003,'5128','OKTA IKDAN','5128@gmail.com','81555662236','L','Islam',42,NULL,'2025-01-06 13:00:42','2025-01-06 13:00:42'),(1004,'5129','PUTRA GILANG RAMADANI','5129@gmail.com','81555662237','L','Islam',42,NULL,'2025-01-06 13:00:42','2025-01-06 13:00:42'),(1005,'5130','RAFI SUDRAJAT','5130@gmail.com','81555662238','L','Islam',42,NULL,'2025-01-06 13:00:42','2025-01-06 13:00:42'),(1006,'5131','RAFLI NUR ROHMATULLOH','5131@gmail.com','81555662239','L','Islam',42,NULL,'2025-01-06 13:00:42','2025-01-06 13:00:42'),(1007,'5132','REHAN ADI PRAMANA','5132@gmail.com','81555662240','L','Islam',42,NULL,'2025-01-06 13:00:42','2025-01-06 13:00:42'),(1008,'5133','REHAN GILANG SAPUTRA','5133@gmail.com','81555662241','L','Islam',42,NULL,'2025-01-06 13:00:42','2025-01-06 13:00:42'),(1009,'5134','RIFKI IRAWAN','5134@gmail.com','81555662242','L','Islam',42,NULL,'2025-01-06 13:00:42','2025-01-06 13:00:42'),(1010,'5135','RIO FEBRIAN','5135@gmail.com','81555662243','L','Islam',42,NULL,'2025-01-06 13:00:42','2025-01-06 13:00:42'),(1011,'5136','SETIA HANAFI','5136@gmail.com','81555662244','L','Islam',42,NULL,'2025-01-06 13:00:42','2025-01-06 13:00:42'),(1012,'5137','TEGAR SETIAWAN','5137@gmail.com','81555662245','L','Islam',42,NULL,'2025-01-06 13:00:42','2025-01-06 13:00:42'),(1013,'5138','TSABBATHIAN PUTRA AL BRAHM','5138@gmail.com','81555662246','L','Islam',42,NULL,'2025-01-06 13:00:42','2025-01-06 13:00:42'),(1014,'5139','YAHYA RADHITYA RAMADHANI','5139@gmail.com','81555662247','L','Islam',42,NULL,'2025-01-06 13:00:42','2025-01-06 13:00:42'),(1015,'5140','YASKUR AHNAF','5140@gmail.com','81555662248','L','Islam',42,NULL,'2025-01-06 13:00:42','2025-01-06 13:00:42'),(1016,'5141','YOGI SETIAWAN','5141@gmail.com','81555662249','L','Islam',42,NULL,'2025-01-06 13:00:42','2025-01-06 13:00:42'),(1017,'5142','ADE ROFIYANSAH','5142@gmail.com','81555662250','L','Islam',31,NULL,'2025-01-06 13:00:42','2025-01-06 13:00:42'),(1018,'5143','ADIKKA','5143@gmail.com','81555662251','L','Islam',31,NULL,'2025-01-06 13:00:42','2025-01-06 13:00:42'),(1019,'5144','ADZILA AURA FADHLAH','5144@gmail.com','81555662252','L','Islam',31,NULL,'2025-01-06 13:00:42','2025-01-06 13:00:42'),(1020,'5145','ALFA WARDAH MUFAROHAH','5145@gmail.com','81555662253','L','Islam',31,NULL,'2025-01-06 13:00:42','2025-01-06 13:00:42'),(1021,'5146','ALLEGRA RAKA SAPUTRA','5146@gmail.com','81555662254','L','Islam',31,NULL,'2025-01-06 13:00:42','2025-01-06 13:00:42'),(1022,'5147','AVARGA PANGGIH MAARIF','5147@gmail.com','81555662255','L','Islam',31,NULL,'2025-01-06 13:00:42','2025-01-06 13:00:42'),(1023,'5148','BIMBO PRAYOGA','5148@gmail.com','81555662256','L','Islam',31,NULL,'2025-01-06 13:00:42','2025-01-06 13:00:42'),(1024,'5149','DAHYU PRASETYO WIBOWO','5149@gmail.com','81555662257','L','Islam',31,NULL,'2025-01-06 13:00:42','2025-01-06 13:00:42'),(1025,'5150','DAFA TRIYOGA','5150@gmail.com','81555662258','L','Islam',31,NULL,'2025-01-06 13:00:42','2025-01-06 13:00:42'),(1026,'5151','DIMAS ARDIANSYAH','5151@gmail.com','81555662259','L','Islam',31,NULL,'2025-01-06 13:00:42','2025-01-06 13:00:42'),(1027,'5152','EKA IRAWAN','5152@gmail.com','81555662260','L','Islam',31,NULL,'2025-01-06 13:00:42','2025-01-06 13:00:42'),(1028,'5153','FAISAL FATURAKHMAN','5153@gmail.com','81555662261','L','Islam',31,NULL,'2025-01-06 13:00:42','2025-01-06 13:00:42'),(1029,'5154','FAJAR NURISMAN','5154@gmail.com','81555662262','L','Islam',31,NULL,'2025-01-06 13:00:42','2025-01-06 13:00:42'),(1030,'5155','FARID ABDUL FAQIH','5155@gmail.com','81555662263','L','Islam',31,NULL,'2025-01-06 13:00:42','2025-01-06 13:00:42'),(1031,'5156','FEBRIAN IQBAL SAPUTRA','5156@gmail.com','81555662264','L','Islam',31,NULL,'2025-01-06 13:00:42','2025-01-06 13:00:42'),(1032,'5157','GHANI ALFA RIZQI','5157@gmail.com','81555662265','L','Islam',31,NULL,'2025-01-06 13:00:42','2025-01-06 13:00:42'),(1033,'5158','GILANG CAHAYA ROMADON','5158@gmail.com','81555662266','L','Islam',31,NULL,'2025-01-06 13:00:42','2025-01-06 13:00:42'),(1034,'5159','HANAFI IBNU JAELANI','5159@gmail.com','81555662267','L','Islam',31,NULL,'2025-01-06 13:00:42','2025-01-06 13:00:42'),(1035,'5160','IKA MAYA CAHYANI','5160@gmail.com','81555662268','L','Islam',31,NULL,'2025-01-06 13:00:42','2025-01-06 13:00:42'),(1036,'5161','IQBAL FARIL','5161@gmail.com','81555662269','L','Islam',31,NULL,'2025-01-06 13:00:42','2025-01-06 13:00:42'),(1037,'5162','JUANAZA RAFA PRATAMA','5162@gmail.com','81555662270','L','Islam',31,NULL,'2025-01-06 13:00:42','2025-01-06 13:00:42'),(1038,'5163','JULIA DAMAYANTI','5163@gmail.com','81555662271','L','Islam',31,NULL,'2025-01-06 13:00:42','2025-01-06 13:00:42'),(1039,'5164','LUTFI ARIF SETIAWAN','5164@gmail.com','81555662272','L','Islam',31,NULL,'2025-01-06 13:00:42','2025-01-06 13:00:42'),(1040,'5166','MUHAMAD FAUZAN','5166@gmail.com','81555662273','L','Islam',31,NULL,'2025-01-06 13:00:42','2025-01-06 13:00:42'),(1041,'5167','NOVA SETIAWAN','5167@gmail.com','81555662274','L','Islam',31,NULL,'2025-01-06 13:00:42','2025-01-06 13:00:42'),(1042,'5168','NOVAN DWI RIYANSYAH','5168@gmail.com','81555662275','L','Islam',31,NULL,'2025-01-06 13:00:42','2025-01-06 13:00:42'),(1043,'5169','RAHMAT KURNIAWAN','5169@gmail.com','81555662276','L','Islam',31,NULL,'2025-01-06 13:00:42','2025-01-06 13:00:42'),(1044,'5170','REGINA DEWI KARTIKA','5170@gmail.com','81555662277','L','Islam',31,NULL,'2025-01-06 13:00:42','2025-01-06 13:00:42'),(1045,'5171','RIFKI IBNU KHOLIS','5171@gmail.com','81555662278','L','Islam',31,NULL,'2025-01-06 13:00:42','2025-01-06 13:00:42'),(1046,'5172','RIZKY SETIAWAN','5172@gmail.com','81555662279','L','Islam',31,NULL,'2025-01-06 13:00:42','2025-01-06 13:00:42'),(1047,'5173','SAHRUL ANANJAR ARDIANSYAH','5173@gmail.com','81555662280','L','Islam',31,NULL,'2025-01-06 13:00:42','2025-01-06 13:00:42'),(1048,'5174','SURYA KHIKMAWAN','5174@gmail.com','81555662281','L','Islam',31,NULL,'2025-01-06 13:00:42','2025-01-06 13:00:42'),(1049,'5176','WISNU SATRIAJI','5176@gmail.com','81555662282','L','Islam',31,NULL,'2025-01-06 13:00:42','2025-01-06 13:00:42'),(1050,'5177','YOGA HUDA ARRAHMAN','5177@gmail.com','81555662283','L','Islam',31,NULL,'2025-01-06 13:00:42','2025-01-06 13:00:42'),(1051,'5178','AFIF YOGA PRATAMA','5178@gmail.com','81555662284','L','Islam',32,NULL,'2025-01-06 13:00:42','2025-01-06 13:00:42'),(1052,'5179','ALDIKA ANGGA SYAPUTRA','5179@gmail.com','81555662285','L','Islam',32,NULL,'2025-01-06 13:00:42','2025-01-06 13:00:42'),(1053,'5180','ALFIANDIKA DWI ARDANA','5180@gmail.com','81555662286','L','Islam',32,NULL,'2025-01-06 13:00:42','2025-01-06 13:00:42'),(1054,'5181','AMARULLOH','5181@gmail.com','81555662287','L','Islam',32,NULL,'2025-01-06 13:00:42','2025-01-06 13:00:42'),(1055,'5182','ARUM DWI PUSPITASARI','5182@gmail.com','81555662288','L','Islam',32,NULL,'2025-01-06 13:00:42','2025-01-06 13:00:42'),(1056,'5184','DAFA RIDHO PRAYUDHA','5184@gmail.com','81555662289','L','Islam',32,NULL,'2025-01-06 13:00:42','2025-01-06 13:00:42'),(1057,'5185','DECO DI NEJA','5185@gmail.com','81555662290','L','Islam',32,NULL,'2025-01-06 13:00:42','2025-01-06 13:00:42'),(1058,'5186','DANDI JATMIKO','5186@gmail.com','81555662291','L','Islam',32,NULL,'2025-01-06 13:00:42','2025-01-06 13:00:42'),(1059,'5187','DIVANA MAYKAPRAMUDITA SAPUTRA','5187@gmail.com','81555662292','L','Islam',32,NULL,'2025-01-06 13:00:42','2025-01-06 13:00:42'),(1060,'5188','DZIKRI NANDA FAHRUL KHOIRI','5188@gmail.com','81555662293','L','Islam',32,NULL,'2025-01-06 13:00:42','2025-01-06 13:00:42'),(1061,'5189','ERDA WISNU PRATAMA','5189@gmail.com','81555662294','L','Islam',32,NULL,'2025-01-06 13:00:42','2025-01-06 13:00:42'),(1062,'5190','FAIZAL ABID AZHAR','5190@gmail.com','81555662295','L','Islam',32,NULL,'2025-01-06 13:00:42','2025-01-06 13:00:42'),(1063,'5191','FENDI FERDIANZAH','5191@gmail.com','81555662296','L','Islam',32,NULL,'2025-01-06 13:00:42','2025-01-06 13:00:42'),(1064,'5192','FERDIANA','5192@gmail.com','81555662297','L','Islam',32,NULL,'2025-01-06 13:00:42','2025-01-06 13:00:42'),(1065,'5193','GILAR MIFTAHUL MAULANA','5193@gmail.com','81555662298','L','Islam',32,NULL,'2025-01-06 13:00:42','2025-01-06 13:00:42'),(1066,'5194','HANIV FIRANSYAH','5194@gmail.com','81555662299','L','Islam',32,NULL,'2025-01-06 13:00:42','2025-01-06 13:00:42'),(1067,'5195','ISNI ARYANI','5195@gmail.com','81555662300','L','Islam',32,NULL,'2025-01-06 13:00:42','2025-01-06 13:00:42'),(1068,'5196','IRFANTO','5196@gmail.com','81555662301','L','Islam',32,NULL,'2025-01-06 13:00:42','2025-01-06 13:00:42'),(1069,'5197','KHAYIN SAPUTRA','5197@gmail.com','81555662302','L','Islam',32,NULL,'2025-01-06 13:00:42','2025-01-06 13:00:42'),(1070,'5198','MA\'RIFFUDIN','5198@gmail.com','81555662303','L','Islam',32,NULL,'2025-01-06 13:00:42','2025-01-06 13:00:42'),(1071,'5199','MOCHAMAD REYHAN ALWANZEN','5199@gmail.com','81555662304','L','Islam',32,NULL,'2025-01-06 13:00:42','2025-01-06 13:00:42'),(1072,'5201','NABIL IRAWAN','5201@gmail.com','81555662305','L','Islam',32,NULL,'2025-01-06 13:00:42','2025-01-06 13:00:42'),(1073,'5202','NAWAL ARADIKA','5202@gmail.com','81555662306','L','Islam',32,NULL,'2025-01-06 13:00:42','2025-01-06 13:00:42'),(1074,'5203','NUR FAIZAL','5203@gmail.com','81555662307','L','Islam',32,NULL,'2025-01-06 13:00:42','2025-01-06 13:00:42'),(1075,'5204','NURUL YOHANA','5204@gmail.com','81555662308','L','Islam',32,NULL,'2025-01-06 13:00:42','2025-01-06 13:00:42'),(1076,'5205','REZA ADIF SAPUTRA','5205@gmail.com','81555662309','L','Islam',32,NULL,'2025-01-06 13:00:42','2025-01-06 13:00:42'),(1077,'5206','RIFA ANDIYANTO','5206@gmail.com','81555662310','L','Islam',32,NULL,'2025-01-06 13:00:42','2025-01-06 13:00:42'),(1078,'5207','SAHRUL AJI ROMADON','5207@gmail.com','81555662311','L','Islam',32,NULL,'2025-01-06 13:00:42','2025-01-06 13:00:42'),(1079,'5208','SANDI FAHRURROJI AMRULLAH','5208@gmail.com','81555662312','L','Islam',32,NULL,'2025-01-06 13:00:42','2025-01-06 13:00:42'),(1080,'5209','TIA APRILIANTI','5209@gmail.com','81555662313','L','Islam',32,NULL,'2025-01-06 13:00:42','2025-01-06 13:00:42'),(1081,'5210','TORI AFANDI','5210@gmail.com','81555662314','L','Islam',32,NULL,'2025-01-06 13:00:42','2025-01-06 13:00:42'),(1082,'5211','WILY ADI PRASETYO','5211@gmail.com','81555662315','L','Islam',32,NULL,'2025-01-06 13:00:42','2025-01-06 13:00:42'),(1083,'5212','YOGA PRATAMA','5212@gmail.com','81555662316','L','Islam',32,NULL,'2025-01-06 13:00:42','2025-01-06 13:00:42'),(1084,'5213','ZAKY ZAID MUAZIZ','5213@gmail.com','81555662317','L','Islam',32,NULL,'2025-01-06 13:00:42','2025-01-06 13:00:42'),(1085,'5214','AHMAD FAUZAN','5214@gmail.com','81555662318','L','Islam',33,NULL,'2025-01-06 13:00:42','2025-01-06 13:00:42'),(1086,'5215','ALIF FATUL FADILAH','5215@gmail.com','81555662319','L','Islam',33,NULL,'2025-01-06 13:00:42','2025-01-06 13:00:42'),(1087,'5216','ANDHIKA NUR HIDAYAT','5216@gmail.com','81555662320','L','Islam',33,NULL,'2025-01-06 13:00:42','2025-01-06 13:00:42'),(1088,'5217','BAGAS AUFA KHARIRI','5217@gmail.com','81555662321','L','Islam',33,NULL,'2025-01-06 13:00:42','2025-01-06 13:00:42'),(1089,'5218','BRYYAN ADY PANGESTU','5218@gmail.com','81555662322','L','Islam',33,NULL,'2025-01-06 13:00:42','2025-01-06 13:00:42'),(1090,'5219','DAFA MAULANA','5219@gmail.com','81555662323','L','Islam',33,NULL,'2025-01-06 13:00:42','2025-01-06 13:00:42'),(1091,'5220','DANU ANGGARA','5220@gmail.com','81555662324','L','Islam',33,NULL,'2025-01-06 13:00:42','2025-01-06 13:00:42'),(1092,'5221','DHWI ANDIKA PRASTIO','5221@gmail.com','81555662325','L','Islam',33,NULL,'2025-01-06 13:00:42','2025-01-06 13:00:42'),(1093,'5222','DIMAS NUGRAH FADILAH','5222@gmail.com','81555662326','L','Islam',33,NULL,'2025-01-06 13:00:42','2025-01-06 13:00:42'),(1094,'5223','ERNAWATI','5223@gmail.com','81555662327','L','Islam',33,NULL,'2025-01-06 13:00:42','2025-01-06 13:00:42'),(1095,'5224','FAISAL RASYID','5224@gmail.com','81555662328','L','Islam',33,NULL,'2025-01-06 13:00:42','2025-01-06 13:00:42'),(1096,'5225','FARRAS ABYAN DAFFA','5225@gmail.com','81555662329','L','Islam',33,NULL,'2025-01-06 13:00:42','2025-01-06 13:00:42'),(1097,'5226','FIAN NAFI AL FARIS','5226@gmail.com','81555662330','L','Islam',33,NULL,'2025-01-06 13:00:42','2025-01-06 13:00:42'),(1098,'5227','FILZA ALWINANSYAH','5227@gmail.com','81555662331','L','Islam',33,NULL,'2025-01-06 13:00:42','2025-01-06 13:00:42'),(1099,'5228','GENTA FERDIANSAH','5228@gmail.com','81555662332','L','Islam',33,NULL,'2025-01-06 13:00:42','2025-01-06 13:00:42'),(1100,'5229','HOPIR MAULANA','5229@gmail.com','81555662333','L','Islam',33,NULL,'2025-01-06 13:00:42','2025-01-06 13:00:42'),(1101,'5230','IGEDE RAKA RADITYA PUTRA','5230@gmail.com','81555662334','L','Islam',33,NULL,'2025-01-06 13:00:42','2025-01-06 13:00:42'),(1102,'5231','IHAN DAFFID FADILLAH','5231@gmail.com','81555662335','L','Islam',33,NULL,'2025-01-06 13:00:42','2025-01-06 13:00:42'),(1103,'5232','LOPHA SALZA RAMDHANI','5232@gmail.com','81555662336','L','Islam',33,NULL,'2025-01-06 13:00:42','2025-01-06 13:00:42'),(1104,'5233','LUTHFI SAFINDRA MUKTI','5233@gmail.com','81555662337','L','Islam',33,NULL,'2025-01-06 13:00:42','2025-01-06 13:00:42'),(1105,'5234','MERGEN AUNDRI','5234@gmail.com','81555662338','L','Islam',33,NULL,'2025-01-06 13:00:42','2025-01-06 13:00:42'),(1106,'5235','MUHAMMAD RIFQON HABIBULLOH','5235@gmail.com','81555662339','L','Islam',33,NULL,'2025-01-06 13:00:42','2025-01-06 13:00:42'),(1107,'5236','NOUVAL INDRA PANGESTU','5236@gmail.com','81555662340','L','Islam',33,NULL,'2025-01-06 13:00:42','2025-01-06 13:00:42'),(1108,'5237','NOVA BUDHI NUGROHO','5237@gmail.com','81555662341','L','Islam',33,NULL,'2025-01-06 13:00:42','2025-01-06 13:00:42'),(1109,'5238','NUR FAUJIAH','5238@gmail.com','81555662342','L','Islam',33,NULL,'2025-01-06 13:00:42','2025-01-06 13:00:42'),(1110,'5239','RAGIL HARIYANTO','5239@gmail.com','81555662343','L','Islam',33,NULL,'2025-01-06 13:00:42','2025-01-06 13:00:42'),(1111,'5240','RAHMA VIKI SAPUTRA','5240@gmail.com','81555662344','L','Islam',33,NULL,'2025-01-06 13:00:42','2025-01-06 13:00:42'),(1112,'5241','RIFKI ALDI FAUZI','5241@gmail.com','81555662345','L','Islam',33,NULL,'2025-01-06 13:00:42','2025-01-06 13:00:42'),(1113,'5242','RIVAL MAULANA','5242@gmail.com','81555662346','L','Islam',33,NULL,'2025-01-06 13:00:42','2025-01-06 13:00:42'),(1114,'5243','SEILA DWI ALFARIZKI','5243@gmail.com','81555662347','L','Islam',33,NULL,'2025-01-06 13:00:42','2025-01-06 13:00:42'),(1115,'5244','TEGUH WALUYO','5244@gmail.com','81555662348','L','Islam',33,NULL,'2025-01-06 13:00:42','2025-01-06 13:00:42'),(1116,'5245','TONI AQIL JUNIAWAN','5245@gmail.com','81555662349','L','Islam',33,NULL,'2025-01-06 13:00:42','2025-01-06 13:00:42'),(1117,'5246','TRI OKTARINA','5246@gmail.com','81555662350','L','Islam',33,NULL,'2025-01-06 13:00:42','2025-01-06 13:00:42'),(1118,'5247','YUSUF NUR ROCHMAT','5247@gmail.com','81555662351','L','Islam',33,NULL,'2025-01-06 13:00:42','2025-01-06 13:00:42'),(1119,'5248','ZAHRAN RIMAH PRASETIO','5248@gmail.com','81555662352','L','Islam',33,NULL,'2025-01-06 13:00:42','2025-01-06 13:00:42'),(1120,'5250','AFRIL SUBEKTI','5250@gmail.com','81555662353','L','Islam',9,NULL,'2025-01-06 13:00:42','2025-01-06 13:00:42'),(1121,'5251','AGENG PUSPITA SARI','5251@gmail.com','81555662354','L','Islam',9,NULL,'2025-01-06 13:00:42','2025-01-06 13:00:42'),(1122,'5252','AMELIA RISMA HIDAYATI','5252@gmail.com','81555662355','L','Islam',9,NULL,'2025-01-06 13:00:42','2025-01-06 13:00:42'),(1123,'5253','ANA SALSA RAHAYU','5253@gmail.com','81555662356','L','Islam',9,NULL,'2025-01-06 13:00:42','2025-01-06 13:00:42'),(1124,'5254','ANIN DIYAH ALIFIYANI','5254@gmail.com','81555662357','L','Islam',9,NULL,'2025-01-06 13:00:42','2025-01-06 13:00:42'),(1125,'5255','APRILIA','5255@gmail.com','81555662358','L','Islam',9,NULL,'2025-01-06 13:00:42','2025-01-06 13:00:42'),(1126,'5256','ASTI AYU SANDRINA','5256@gmail.com','81555662359','L','Islam',9,NULL,'2025-01-06 13:00:42','2025-01-06 13:00:42'),(1127,'5257','BAGAS ADEL PRATAMA','5257@gmail.com','81555662360','L','Islam',9,NULL,'2025-01-06 13:00:42','2025-01-06 13:00:42'),(1128,'5258','DESTIANA AYU SALSABILA','5258@gmail.com','81555662361','L','Islam',9,NULL,'2025-01-06 13:00:42','2025-01-06 13:00:42'),(1129,'5259','DEWI LESTARI','5259@gmail.com','81555662362','L','Islam',9,NULL,'2025-01-06 13:00:42','2025-01-06 13:00:42'),(1130,'5260','DIKI SETIAWAN','5260@gmail.com','81555662363','L','Islam',9,NULL,'2025-01-06 13:00:42','2025-01-06 13:00:42'),(1131,'5261','DIVA MONICA DESTIYANTI','5261@gmail.com','81555662364','L','Islam',9,NULL,'2025-01-06 13:00:42','2025-01-06 13:00:42'),(1132,'5262','FAIZATUL MAULIDAH','5262@gmail.com','81555662365','L','Islam',9,NULL,'2025-01-06 13:00:42','2025-01-06 13:00:42'),(1133,'5263','FATIMAH','5263@gmail.com','81555662366','L','Islam',9,NULL,'2025-01-06 13:00:42','2025-01-06 13:00:42'),(1134,'5264','FAUZIYAH INDIRA PUTRI','5264@gmail.com','81555662367','L','Islam',9,NULL,'2025-01-06 13:00:42','2025-01-06 13:00:42'),(1135,'5265','FIRLI UTAMI','5265@gmail.com','81555662368','L','Islam',9,NULL,'2025-01-06 13:00:42','2025-01-06 13:00:42'),(1136,'5266','IFTAH ROHIMAH','5266@gmail.com','81555662369','L','Islam',9,NULL,'2025-01-06 13:00:42','2025-01-06 13:00:42'),(1137,'5267','ITA SUGIARTI','5267@gmail.com','81555662370','L','Islam',9,NULL,'2025-01-06 13:00:42','2025-01-06 13:00:42'),(1138,'5268','JENI YOLANDA','5268@gmail.com','81555662371','L','Islam',9,NULL,'2025-01-06 13:00:42','2025-01-06 13:00:42'),(1139,'5269','JENITA PARWATI','5269@gmail.com','81555662372','L','Islam',9,NULL,'2025-01-06 13:00:42','2025-01-06 13:00:42'),(1140,'5270','KEISHA SALSABILAH','5270@gmail.com','81555662373','L','Islam',9,NULL,'2025-01-06 13:00:42','2025-01-06 13:00:42'),(1141,'5271','LILI INTANA SAPUTRI','5271@gmail.com','81555662374','L','Islam',9,NULL,'2025-01-06 13:00:42','2025-01-06 13:00:42'),(1142,'5272','LUTFI MUALIMAH','5272@gmail.com','81555662375','L','Islam',9,NULL,'2025-01-06 13:00:42','2025-01-06 13:00:42'),(1143,'5273','NADINDA SA\'UDIYAH HARIYANTI','5273@gmail.com','81555662376','L','Islam',9,NULL,'2025-01-06 13:00:42','2025-01-06 13:00:42'),(1144,'5274','NIA FEBRIANI','5274@gmail.com','81555662377','L','Islam',9,NULL,'2025-01-06 13:00:42','2025-01-06 13:00:42'),(1145,'5275','NITA ICA LESTARI','5275@gmail.com','81555662378','L','Islam',9,NULL,'2025-01-06 13:00:42','2025-01-06 13:00:42'),(1146,'5276','NOVIATUL FARIDA','5276@gmail.com','81555662379','L','Islam',9,NULL,'2025-01-06 13:00:43','2025-01-06 13:00:43'),(1147,'5277','PIPIT CATUR WULANDARI','5277@gmail.com','81555662380','L','Islam',9,NULL,'2025-01-06 13:00:43','2025-01-06 13:00:43'),(1148,'5278','RANI MEI CAHYATI','5278@gmail.com','81555662381','L','Islam',9,NULL,'2025-01-06 13:00:43','2025-01-06 13:00:43'),(1149,'5279','RIKI SETIAWAN','5279@gmail.com','81555662382','L','Islam',9,NULL,'2025-01-06 13:00:43','2025-01-06 13:00:43'),(1150,'5280','SERLI YULIANTI','5280@gmail.com','81555662383','L','Islam',9,NULL,'2025-01-06 13:00:43','2025-01-06 13:00:43'),(1151,'5281','SITI AWALIYATUN SOLICHAH PUTRI APRILIA','5281@gmail.com','81555662384','L','Islam',9,NULL,'2025-01-06 13:00:43','2025-01-06 13:00:43'),(1152,'5282','SITI FAOZIAH','5282@gmail.com','81555662385','L','Islam',9,NULL,'2025-01-06 13:00:43','2025-01-06 13:00:43'),(1153,'5283','SULISTIYANI','5283@gmail.com','81555662386','L','Islam',9,NULL,'2025-01-06 13:00:43','2025-01-06 13:00:43'),(1154,'5284','VISKA MEILIA CITRA','5284@gmail.com','81555662387','L','Islam',9,NULL,'2025-01-06 13:00:43','2025-01-06 13:00:43'),(1155,'5285','YOLAN MAUDUNAH','5285@gmail.com','81555662388','L','Islam',9,NULL,'2025-01-06 13:00:43','2025-01-06 13:00:43'),(1156,'5286','AINUN DWI RAMADHANI','5286@gmail.com','81555662389','L','Islam',10,NULL,'2025-01-06 13:00:43','2025-01-06 13:00:43'),(1157,'5287','AISYAH NUR AINI','5287@gmail.com','81555662390','L','Islam',10,NULL,'2025-01-06 13:00:43','2025-01-06 13:00:43'),(1158,'5288','ANAIB TIDA WAHYUNINGSIH','5288@gmail.com','81555662391','L','Islam',10,NULL,'2025-01-06 13:00:43','2025-01-06 13:00:43'),(1159,'5289','ARESI DEWI FITRIANI','5289@gmail.com','81555662392','L','Islam',10,NULL,'2025-01-06 13:00:43','2025-01-06 13:00:43'),(1160,'5290','ASIH SETIANINGSIH','5290@gmail.com','81555662393','L','Islam',10,NULL,'2025-01-06 13:00:43','2025-01-06 13:00:43'),(1161,'5291','AYU ANDRA PUTRI INAYAH','5291@gmail.com','81555662394','L','Islam',10,NULL,'2025-01-06 13:00:43','2025-01-06 13:00:43'),(1162,'5292','AZIZAH NOVI ARDELIA','5292@gmail.com','81555662395','L','Islam',10,NULL,'2025-01-06 13:00:43','2025-01-06 13:00:43'),(1163,'5293','DIANA SARI','5293@gmail.com','81555662396','L','Islam',10,NULL,'2025-01-06 13:00:43','2025-01-06 13:00:43'),(1164,'5294','DIAS AYU PERTIWI','5294@gmail.com','81555662397','L','Islam',10,NULL,'2025-01-06 13:00:43','2025-01-06 13:00:43'),(1165,'5295','EKA AULIA FITRIANI','5295@gmail.com','81555662398','L','Islam',10,NULL,'2025-01-06 13:00:43','2025-01-06 13:00:43'),(1166,'5296','ELINA SEFIA FIRMANSAH','5296@gmail.com','81555662399','L','Islam',10,NULL,'2025-01-06 13:00:43','2025-01-06 13:00:43'),(1167,'5297','FANDIRA QISTI PRADANI','5297@gmail.com','81555662400','L','Islam',10,NULL,'2025-01-06 13:00:43','2025-01-06 13:00:43'),(1168,'5298','FEBI DAMAYANTI','5298@gmail.com','81555662401','L','Islam',10,NULL,'2025-01-06 13:00:43','2025-01-06 13:00:43'),(1169,'5299','FERA MILASARI','5299@gmail.com','81555662402','L','Islam',10,NULL,'2025-01-06 13:00:43','2025-01-06 13:00:43'),(1170,'5300','FITA ALIA WULAN RAMADANI','5300@gmail.com','81555662403','L','Islam',10,NULL,'2025-01-06 13:00:43','2025-01-06 13:00:43'),(1171,'5301','FITRIYANI','5301@gmail.com','81555662404','L','Islam',10,NULL,'2025-01-06 13:00:43','2025-01-06 13:00:43'),(1172,'5302','ILHAM CANDRA FAHRIZAL','5302@gmail.com','81555662405','L','Islam',10,NULL,'2025-01-06 13:00:43','2025-01-06 13:00:43'),(1173,'5303','JOKO PURNOMO','5303@gmail.com','81555662406','L','Islam',10,NULL,'2025-01-06 13:00:43','2025-01-06 13:00:43'),(1174,'5304','JUNI ASTUTI','5304@gmail.com','81555662407','L','Islam',10,NULL,'2025-01-06 13:00:43','2025-01-06 13:00:43'),(1175,'5305','KETRIN YULI TUTI SARI','5305@gmail.com','81555662408','L','Islam',10,NULL,'2025-01-06 13:00:43','2025-01-06 13:00:43'),(1176,'5306','KHOMSATUN NURUL KHOERUNISA','5306@gmail.com','81555662409','L','Islam',10,NULL,'2025-01-06 13:00:43','2025-01-06 13:00:43'),(1177,'5307','LISMA LISA FEBRIANTI','5307@gmail.com','81555662410','L','Islam',10,NULL,'2025-01-06 13:00:43','2025-01-06 13:00:43'),(1178,'5308','MIPI ERAWATI','5308@gmail.com','81555662411','L','Islam',10,NULL,'2025-01-06 13:00:43','2025-01-06 13:00:43'),(1179,'5309','NABILA OKTAVIA DAMAYANTI','5309@gmail.com','81555662412','L','Islam',10,NULL,'2025-01-06 13:00:43','2025-01-06 13:00:43'),(1180,'5310','NISA LAILIA SARI NGAINI','5310@gmail.com','81555662413','L','Islam',10,NULL,'2025-01-06 13:00:43','2025-01-06 13:00:43'),(1181,'5311','OLIVIA PRATIWI','5311@gmail.com','81555662414','L','Islam',10,NULL,'2025-01-06 13:00:43','2025-01-06 13:00:43'),(1182,'5312','RATNA PEMBAYUN','5312@gmail.com','81555662415','L','Islam',10,NULL,'2025-01-06 13:00:43','2025-01-06 13:00:43'),(1183,'5313','RATRI LAILA WIYATSIH','5313@gmail.com','81555662416','L','Islam',10,NULL,'2025-01-06 13:00:43','2025-01-06 13:00:43'),(1184,'5314','RENI SAH PUTRI','5314@gmail.com','81555662417','L','Islam',10,NULL,'2025-01-06 13:00:43','2025-01-06 13:00:43'),(1185,'5315','REVI SYAVIRA FIRNANDA','5315@gmail.com','81555662418','L','Islam',10,NULL,'2025-01-06 13:00:43','2025-01-06 13:00:43'),(1186,'5316','RIRIN TRI ADIYANTI','5316@gmail.com','81555662419','L','Islam',10,NULL,'2025-01-06 13:00:43','2025-01-06 13:00:43'),(1187,'5317','SAFITRI DWI HANDAYANI','5317@gmail.com','81555662420','L','Islam',10,NULL,'2025-01-06 13:00:43','2025-01-06 13:00:43'),(1188,'5318','SOVYANANGGA SAPUTRA','5318@gmail.com','81555662421','L','Islam',10,NULL,'2025-01-06 13:00:43','2025-01-06 13:00:43'),(1189,'5319','TOTI ISTI PANGATUT','5319@gmail.com','81555662422','L','Islam',10,NULL,'2025-01-06 13:00:43','2025-01-06 13:00:43'),(1190,'5320','TRI WULANDARI','5320@gmail.com','81555662423','L','Islam',10,NULL,'2025-01-06 13:00:43','2025-01-06 13:00:43'),(1191,'5321','YUNIA ARBA\' ATUN','5321@gmail.com','81555662424','L','Islam',10,NULL,'2025-01-06 13:00:43','2025-01-06 13:00:43'),(1192,'5322','ADHIANA PUTRI','5322@gmail.com','81555662425','L','Islam',11,NULL,'2025-01-06 13:00:43','2025-01-06 13:00:43'),(1193,'5323','AIRINDIRA PURNAMA PUTRI','5323@gmail.com','81555662426','L','Islam',11,NULL,'2025-01-06 13:00:43','2025-01-06 13:00:43'),(1194,'5324','AJENG PRASTIANI','5324@gmail.com','81555662427','L','Islam',11,NULL,'2025-01-06 13:00:43','2025-01-06 13:00:43'),(1195,'5325','ALDI SETIAWAN','5325@gmail.com','81555662428','L','Islam',11,NULL,'2025-01-06 13:00:43','2025-01-06 13:00:43'),(1196,'5326','ANGGUN YULIANI LESTARI','5326@gmail.com','81555662429','L','Islam',11,NULL,'2025-01-06 13:00:43','2025-01-06 13:00:43'),(1197,'5327','ARTIKA FEBRIANA PUTRI','5327@gmail.com','81555662430','L','Islam',11,NULL,'2025-01-06 13:00:43','2025-01-06 13:00:43'),(1198,'5328','AZZAHRA APRILLIA','5328@gmail.com','81555662431','L','Islam',11,NULL,'2025-01-06 13:00:43','2025-01-06 13:00:43'),(1199,'5329','DELITA ALISA DEWI','5329@gmail.com','81555662432','L','Islam',11,NULL,'2025-01-06 13:00:43','2025-01-06 13:00:43'),(1200,'5331','DWI AYU FIDIANINGSIH','5331@gmail.com','81555662433','L','Islam',11,NULL,'2025-01-06 13:00:43','2025-01-06 13:00:43'),(1201,'5332','EKA WAHYU SABRINA','5332@gmail.com','81555662434','L','Islam',11,NULL,'2025-01-06 13:00:43','2025-01-06 13:00:43'),(1202,'5333','EVA WIDYAWATI','5333@gmail.com','81555662435','L','Islam',11,NULL,'2025-01-06 13:00:43','2025-01-06 13:00:43'),(1203,'5334','FAREL NUR ROHMAN','5334@gmail.com','81555662436','L','Islam',11,NULL,'2025-01-06 13:00:43','2025-01-06 13:00:43'),(1204,'5335','FIBRI CAKHYA BAROKAH','5335@gmail.com','81555662437','L','Islam',11,NULL,'2025-01-06 13:00:43','2025-01-06 13:00:43'),(1205,'5336','FINA FILIYANTI','5336@gmail.com','81555662438','L','Islam',11,NULL,'2025-01-06 13:00:43','2025-01-06 13:00:43'),(1206,'5337','GITA NUR CAHYANI','5337@gmail.com','81555662439','L','Islam',11,NULL,'2025-01-06 13:00:43','2025-01-06 13:00:43'),(1207,'5338','HAZNA NUR ALIFIANI','5338@gmail.com','81555662440','L','Islam',11,NULL,'2025-01-06 13:00:43','2025-01-06 13:00:43'),(1208,'5339','INDAH TRI SETIYANI','5339@gmail.com','81555662441','L','Islam',11,NULL,'2025-01-06 13:00:43','2025-01-06 13:00:43'),(1209,'5340','KIRANIA INDAH SAPUTRI','5340@gmail.com','81555662442','L','Islam',11,NULL,'2025-01-06 13:00:43','2025-01-06 13:00:43'),(1210,'5341','LELI AMELIA','5341@gmail.com','81555662443','L','Islam',11,NULL,'2025-01-06 13:00:43','2025-01-06 13:00:43'),(1211,'5342','LILI PUSPITA DEWI','5342@gmail.com','81555662444','L','Islam',11,NULL,'2025-01-06 13:00:43','2025-01-06 13:00:43'),(1212,'5343','MURTI ASTUTI','5343@gmail.com','81555662445','L','Islam',11,NULL,'2025-01-06 13:00:43','2025-01-06 13:00:43'),(1213,'5344','NAILI ROFIAH','5344@gmail.com','81555662446','L','Islam',11,NULL,'2025-01-06 13:00:43','2025-01-06 13:00:43'),(1214,'5345','NARIMAH','5345@gmail.com','81555662447','L','Islam',11,NULL,'2025-01-06 13:00:43','2025-01-06 13:00:43'),(1215,'5346','NISRINA AZHAR AL KHASNA','5346@gmail.com','81555662448','L','Islam',11,NULL,'2025-01-06 13:00:43','2025-01-06 13:00:43'),(1216,'5347','PIARTI','5347@gmail.com','81555662449','L','Islam',11,NULL,'2025-01-06 13:00:43','2025-01-06 13:00:43'),(1217,'5348','RENASIH WIDIATI','5348@gmail.com','81555662450','L','Islam',11,NULL,'2025-01-06 13:00:43','2025-01-06 13:00:43'),(1218,'5350','RISKA ANNISA','5350@gmail.com','81555662451','L','Islam',11,NULL,'2025-01-06 13:00:43','2025-01-06 13:00:43'),(1219,'5351','ROSITA OKTAVIANA','5351@gmail.com','81555662452','L','Islam',11,NULL,'2025-01-06 13:00:43','2025-01-06 13:00:43'),(1220,'5352','SEFTI PURNINGSIH','5352@gmail.com','81555662453','L','Islam',11,NULL,'2025-01-06 13:00:43','2025-01-06 13:00:43'),(1221,'5353','SOFIA SEPTIYANI','5353@gmail.com','81555662454','L','Islam',11,NULL,'2025-01-06 13:00:43','2025-01-06 13:00:43'),(1222,'5354','TOTO RENOALDO','5354@gmail.com','81555662455','L','Islam',11,NULL,'2025-01-06 13:00:43','2025-01-06 13:00:43'),(1223,'5355','ULUL AZMI NURFAIZAH','5355@gmail.com','81555662456','L','Islam',11,NULL,'2025-01-06 13:00:43','2025-01-06 13:00:43'),(1224,'5356','WINDI LARASWATI','5356@gmail.com','81555662457','L','Islam',11,NULL,'2025-01-06 13:00:43','2025-01-06 13:00:43'),(1225,'5357','ZULIA TRI LESTARI','5357@gmail.com','81555662458','L','Islam',11,NULL,'2025-01-06 13:00:43','2025-01-06 13:00:43'),(1226,'5358','ADELIA REGINA PUTRI','5358@gmail.com','81555662459','L','Islam',12,NULL,'2025-01-06 13:00:43','2025-01-06 13:00:43'),(1227,'5359','AJENG DWI AGUSTINA','5359@gmail.com','81555662460','L','Islam',12,NULL,'2025-01-06 13:00:43','2025-01-06 13:00:43'),(1228,'5360','ALFIATUN KHASANAH','5360@gmail.com','81555662461','L','Islam',12,NULL,'2025-01-06 13:00:43','2025-01-06 13:00:43'),(1229,'5361','ALISA MITA SARI','5361@gmail.com','81555662462','L','Islam',12,NULL,'2025-01-06 13:00:43','2025-01-06 13:00:43'),(1230,'5362','ANIYATUL AZKIA','5362@gmail.com','81555662463','L','Islam',12,NULL,'2025-01-06 13:00:43','2025-01-06 13:00:43'),(1231,'5363','ASKA KHORIATUL KHOIRIN','5363@gmail.com','81555662464','L','Islam',12,NULL,'2025-01-06 13:00:43','2025-01-06 13:00:43'),(1232,'5364','DENIT DWI RAHAYU','5364@gmail.com','81555662465','L','Islam',12,NULL,'2025-01-06 13:00:43','2025-01-06 13:00:43'),(1233,'5365','DESI NUR AZIZAH','5365@gmail.com','81555662466','L','Islam',12,NULL,'2025-01-06 13:00:43','2025-01-06 13:00:43'),(1234,'5366','DITA MEI KHATIMAH','5366@gmail.com','81555662467','L','Islam',12,NULL,'2025-01-06 13:00:43','2025-01-06 13:00:43'),(1235,'5367','EFA MUFADILAH','5367@gmail.com','81555662468','L','Islam',12,NULL,'2025-01-06 13:00:43','2025-01-06 13:00:43'),(1236,'5368','ERIKA SASKIA CAHYANI','5368@gmail.com','81555662469','L','Islam',12,NULL,'2025-01-06 13:00:43','2025-01-06 13:00:43'),(1237,'5369','FAIRA RAMADINA','5369@gmail.com','81555662470','L','Islam',12,NULL,'2025-01-06 13:00:43','2025-01-06 13:00:43'),(1238,'5370','FALIHAH NUR \'AINUN','5370@gmail.com','81555662471','L','Islam',12,NULL,'2025-01-06 13:00:43','2025-01-06 13:00:43'),(1239,'5371','FANI FEBERANTI','5371@gmail.com','81555662472','L','Islam',12,NULL,'2025-01-06 13:00:43','2025-01-06 13:00:43'),(1240,'5372','FINA LISDIANA','5372@gmail.com','81555662473','L','Islam',12,NULL,'2025-01-06 13:00:43','2025-01-06 13:00:43'),(1241,'5373','ICA HARNISAH','5373@gmail.com','81555662474','L','Islam',12,NULL,'2025-01-06 13:00:43','2025-01-06 13:00:43'),(1242,'5374','ICA RAHMA RASYIWAN ANURAFNI','5374@gmail.com','81555662475','L','Islam',12,NULL,'2025-01-06 13:00:43','2025-01-06 13:00:43'),(1243,'5375','INTAN RENITA STEVANI','5375@gmail.com','81555662476','L','Islam',12,NULL,'2025-01-06 13:00:43','2025-01-06 13:00:43'),(1244,'5376','JULIA HASANAH','5376@gmail.com','81555662477','L','Islam',12,NULL,'2025-01-06 13:00:43','2025-01-06 13:00:43'),(1245,'5377','LIA AFIDAH','5377@gmail.com','81555662478','L','Islam',12,NULL,'2025-01-06 13:00:43','2025-01-06 13:00:43'),(1246,'5378','LISA SAFITRI','5378@gmail.com','81555662479','L','Islam',12,NULL,'2025-01-06 13:00:43','2025-01-06 13:00:43'),(1247,'5379','MAYCHITA NABILA DWI CAHYANI','5379@gmail.com','81555662480','L','Islam',12,NULL,'2025-01-06 13:00:43','2025-01-06 13:00:43'),(1248,'5380','NABILATUN NURJANAH','5380@gmail.com','81555662481','L','Islam',12,NULL,'2025-01-06 13:00:43','2025-01-06 13:00:43'),(1249,'5381','NGALIYATUROHMAH','5381@gmail.com','81555662482','L','Islam',12,NULL,'2025-01-06 13:00:43','2025-01-06 13:00:43'),(1250,'5382','NITA ROSIANA','5382@gmail.com','81555662483','L','Islam',12,NULL,'2025-01-06 13:00:43','2025-01-06 13:00:43'),(1251,'5383','NOFAL FIRMANSYAH','5383@gmail.com','81555662484','L','Islam',12,NULL,'2025-01-06 13:00:43','2025-01-06 13:00:43'),(1252,'5384','PANGGIH HARRY SUSENO','5384@gmail.com','81555662485','L','Islam',12,NULL,'2025-01-06 13:00:43','2025-01-06 13:00:43'),(1253,'5385','PRADITA RAHMAWATI TIARA HAPSARI','5385@gmail.com','81555662486','L','Islam',12,NULL,'2025-01-06 13:00:43','2025-01-06 13:00:43'),(1254,'5387','SALWATI HUSNA MAWADAH','5387@gmail.com','81555662487','L','Islam',12,NULL,'2025-01-06 13:00:43','2025-01-06 13:00:43'),(1255,'5388','SIFA AYUNING KHOLIFAH','5388@gmail.com','81555662488','L','Islam',12,NULL,'2025-01-06 13:00:43','2025-01-06 13:00:43'),(1256,'5389','SITI MAIMUNAH','5389@gmail.com','81555662489','L','Islam',12,NULL,'2025-01-06 13:00:43','2025-01-06 13:00:43'),(1257,'5390','SITI RIYANI','5390@gmail.com','81555662490','L','Islam',12,NULL,'2025-01-06 13:00:43','2025-01-06 13:00:43'),(1258,'5391','SUCI ALISYAH PUTRI','5391@gmail.com','81555662491','L','Islam',12,NULL,'2025-01-06 13:00:43','2025-01-06 13:00:43'),(1259,'5392','UMAIROH NUR SAMSIAH','5392@gmail.com','81555662492','L','Islam',12,NULL,'2025-01-06 13:00:43','2025-01-06 13:00:43'),(1260,'5393','YAN WAHYU INDRAYANI','5393@gmail.com','81555662493','L','Islam',12,NULL,'2025-01-06 13:00:43','2025-01-06 13:00:43'),(1261,'5394','ADHITYA RIZKY DARMAWAN','5394@gmail.com','81555662494','L','Islam',19,NULL,'2025-01-06 13:00:43','2025-01-06 13:00:43'),(1262,'5395','AFIK SOLIHIN','5395@gmail.com','81555662495','L','Islam',19,NULL,'2025-01-06 13:00:43','2025-01-06 13:00:43'),(1263,'5396','AFIS ADITYA SAPUTRA','5396@gmail.com','81555662496','L','Islam',19,NULL,'2025-01-06 13:00:43','2025-01-06 13:00:43'),(1264,'5397','ANGGITA DWI CAHYANI','5397@gmail.com','81555662497','L','Islam',19,NULL,'2025-01-06 13:00:43','2025-01-06 13:00:43'),(1265,'5398','ANISA SAFANGATUN','5398@gmail.com','81555662498','L','Islam',19,NULL,'2025-01-06 13:00:43','2025-01-06 13:00:43'),(1266,'5399','ANISA SALASATUN JUNIARTI NURHAISAH','5399@gmail.com','81555662499','L','Islam',19,NULL,'2025-01-06 13:00:43','2025-01-06 13:00:43'),(1267,'5400','ATIKA ALFI RUKOBAH','5400@gmail.com','81555662500','L','Islam',19,NULL,'2025-01-06 13:00:43','2025-01-06 13:00:43'),(1268,'5401','ATISTHA DWI ZAHRA','5401@gmail.com','81555662501','L','Islam',19,NULL,'2025-01-06 13:00:43','2025-01-06 13:00:43'),(1269,'5402','BAGAS DWI YUDAWAN','5402@gmail.com','81555662502','L','Islam',19,NULL,'2025-01-06 13:00:43','2025-01-06 13:00:43'),(1270,'5403','CHELSI ITA AGUSTINA','5403@gmail.com','81555662503','L','Islam',19,NULL,'2025-01-06 13:00:43','2025-01-06 13:00:43'),(1271,'5404','DITA TRIANA','5404@gmail.com','81555662504','L','Islam',19,NULL,'2025-01-06 13:00:43','2025-01-06 13:00:43'),(1272,'5405','FADILLAH ZIKRI AL FARIYANSAH','5405@gmail.com','81555662505','L','Islam',19,NULL,'2025-01-06 13:00:43','2025-01-06 13:00:43'),(1273,'5406','FATEHA NUR SHAHWA','5406@gmail.com','81555662506','L','Islam',19,NULL,'2025-01-06 13:00:43','2025-01-06 13:00:43'),(1274,'5407','FEBRIAN ZAKI NUR ARIFIN','5407@gmail.com','81555662507','L','Islam',19,NULL,'2025-01-06 13:00:43','2025-01-06 13:00:43'),(1275,'5408','HAFIS ENGGAR LISTIANO','5408@gmail.com','81555662508','L','Islam',19,NULL,'2025-01-06 13:00:43','2025-01-06 13:00:43'),(1276,'5409','HENDAR BAYU PRASETIO','5409@gmail.com','81555662509','L','Islam',19,NULL,'2025-01-06 13:00:43','2025-01-06 13:00:43'),(1277,'5410','ICA AGUSTIN','5410@gmail.com','81555662510','L','Islam',19,NULL,'2025-01-06 13:00:43','2025-01-06 13:00:43'),(1278,'5411','ILUN HANIFAH','5411@gmail.com','81555662511','L','Islam',19,NULL,'2025-01-06 13:00:43','2025-01-06 13:00:43'),(1279,'5412','INDAH NIKEN UTAMI','5412@gmail.com','81555662512','L','Islam',19,NULL,'2025-01-06 13:00:43','2025-01-06 13:00:43'),(1280,'5413','ISNA DINA AFRIYANI','5413@gmail.com','81555662513','L','Islam',19,NULL,'2025-01-06 13:00:43','2025-01-06 13:00:43'),(1281,'5414','IYAN ADITIA','5414@gmail.com','81555662514','L','Islam',19,NULL,'2025-01-06 13:00:43','2025-01-06 13:00:43'),(1282,'5415','KHUSNUL NUR AINA','5415@gmail.com','81555662515','L','Islam',19,NULL,'2025-01-06 13:00:43','2025-01-06 13:00:43'),(1283,'5416','LILIS VERLIANA ANGGRAENI','5416@gmail.com','81555662516','L','Islam',19,NULL,'2025-01-06 13:00:43','2025-01-06 13:00:43'),(1284,'5417','MAURA WAFIKA AZIZAH','5417@gmail.com','81555662517','L','Islam',19,NULL,'2025-01-06 13:00:43','2025-01-06 13:00:43'),(1285,'5418','MEGA DEWI ROHMANNIA','5418@gmail.com','81555662518','L','Islam',19,NULL,'2025-01-06 13:00:43','2025-01-06 13:00:43'),(1286,'5419','MULTA RAHMA DESWITA','5419@gmail.com','81555662519','L','Islam',19,NULL,'2025-01-06 13:00:43','2025-01-06 13:00:43'),(1287,'5420','NIA SEKAR DANI','5420@gmail.com','81555662520','L','Islam',19,NULL,'2025-01-06 13:00:43','2025-01-06 13:00:43'),(1288,'5421','NIDIA ARDIYANTI','5421@gmail.com','81555662521','L','Islam',19,NULL,'2025-01-06 13:00:43','2025-01-06 13:00:43'),(1289,'5422','PUTRI LULU ATIKAH','5422@gmail.com','81555662522','L','Islam',19,NULL,'2025-01-06 13:00:43','2025-01-06 13:00:43'),(1290,'5423','RAIHAN ASYAFIQ','5423@gmail.com','81555662523','L','Islam',19,NULL,'2025-01-06 13:00:43','2025-01-06 13:00:43'),(1291,'5424','REIHAN HENGKY PRAYOGA','5424@gmail.com','81555662524','L','Islam',19,NULL,'2025-01-06 13:00:43','2025-01-06 13:00:43'),(1292,'5425','RIDWAN MAULANA','5425@gmail.com','81555662525','L','Islam',19,NULL,'2025-01-06 13:00:43','2025-01-06 13:00:43'),(1293,'5426','SABRINA AULIYA FAJRIAN','5426@gmail.com','81555662526','L','Islam',19,NULL,'2025-01-06 13:00:43','2025-01-06 13:00:43'),(1294,'5427','SALSABILLA ARIJ ANJANI','5427@gmail.com','81555662527','L','Islam',19,NULL,'2025-01-06 13:00:43','2025-01-06 13:00:43'),(1295,'5428','SERI INDUN MEILANI','5428@gmail.com','81555662528','L','Islam',19,NULL,'2025-01-06 13:00:43','2025-01-06 13:00:43'),(1296,'5429','TIARA AULLIA PUTRI','5429@gmail.com','81555662529','L','Islam',19,NULL,'2025-01-06 13:00:43','2025-01-06 13:00:43'),(1297,'5430','AGUNG ABUD THOLIB','5430@gmail.com','81555662530','L','Islam',20,NULL,'2025-01-06 13:00:43','2025-01-06 13:00:43'),(1298,'5431','ALIA RASYA JULIYANTI','5431@gmail.com','81555662531','L','Islam',20,NULL,'2025-01-06 13:00:43','2025-01-06 13:00:43'),(1299,'5432','ALVIANA HENDRAWATI','5432@gmail.com','81555662532','L','Islam',20,NULL,'2025-01-06 13:00:43','2025-01-06 13:00:43'),(1300,'5433','ANI HABIBATI','5433@gmail.com','81555662533','L','Islam',20,NULL,'2025-01-06 13:00:43','2025-01-06 13:00:43'),(1301,'5434','ANNISA WAHYU TRIANA','5434@gmail.com','81555662534','L','Islam',20,NULL,'2025-01-06 13:00:43','2025-01-06 13:00:43'),(1302,'5435','ASHAR FIDIYANTO','5435@gmail.com','81555662535','L','Islam',20,NULL,'2025-01-06 13:00:43','2025-01-06 13:00:43'),(1303,'5436','BANYU JINGGA FARUNIZAHRA','5436@gmail.com','81555662536','L','Islam',20,NULL,'2025-01-06 13:00:43','2025-01-06 13:00:43'),(1304,'5437','BAYU FIRMANSYAH','5437@gmail.com','81555662537','L','Islam',20,NULL,'2025-01-06 13:00:43','2025-01-06 13:00:43'),(1305,'5438','BUDI ASTO TRI ANGGORO','5438@gmail.com','81555662538','L','Islam',20,NULL,'2025-01-06 13:00:43','2025-01-06 13:00:43'),(1306,'5439','DA\'I DARMAWAN','5439@gmail.com','81555662539','L','Islam',20,NULL,'2025-01-06 13:00:43','2025-01-06 13:00:43'),(1307,'5440','DINDA SABRINA ARIANTI','5440@gmail.com','81555662540','L','Islam',20,NULL,'2025-01-06 13:00:43','2025-01-06 13:00:43'),(1308,'5441','FAIZATUL LAELIYAH','5441@gmail.com','81555662541','L','Islam',20,NULL,'2025-01-06 13:00:43','2025-01-06 13:00:43'),(1309,'5442','FERDI KUSUMA PUTRA','5442@gmail.com','81555662542','L','Islam',20,NULL,'2025-01-06 13:00:43','2025-01-06 13:00:43'),(1310,'5443','FIRMAN MAULANA','5443@gmail.com','81555662543','L','Islam',20,NULL,'2025-01-06 13:00:43','2025-01-06 13:00:43'),(1311,'5444','GALANG HERDHIAN CARLO','5444@gmail.com','81555662544','L','Islam',20,NULL,'2025-01-06 13:00:43','2025-01-06 13:00:43'),(1312,'5445','HELMI AFIQ MEILANA WIZANDANTO','5445@gmail.com','81555662545','L','Islam',20,NULL,'2025-01-06 13:00:43','2025-01-06 13:00:43'),(1313,'5446','HILDAN ZAKY AZZAHRA','5446@gmail.com','81555662546','L','Islam',20,NULL,'2025-01-06 13:00:43','2025-01-06 13:00:43'),(1314,'5447','IKHSAN WIDIANTO','5447@gmail.com','81555662547','L','Islam',20,NULL,'2025-01-06 13:00:43','2025-01-06 13:00:43'),(1315,'5448','INDAH KHOIRUL JANAH','5448@gmail.com','81555662548','L','Islam',20,NULL,'2025-01-06 13:00:44','2025-01-06 13:00:44'),(1316,'5449','KEFINDA ADITYA','5449@gmail.com','81555662549','L','Islam',20,NULL,'2025-01-06 13:00:44','2025-01-06 13:00:44'),(1317,'5450','KEVIN FERDIANA','5450@gmail.com','81555662550','L','Islam',20,NULL,'2025-01-06 13:00:44','2025-01-06 13:00:44'),(1318,'5451','LILI NURFAJRI','5451@gmail.com','81555662551','L','Islam',20,NULL,'2025-01-06 13:00:44','2025-01-06 13:00:44'),(1319,'5452','MEIKHEL ADE KAMAL','5452@gmail.com','81555662552','L','Islam',20,NULL,'2025-01-06 13:00:44','2025-01-06 13:00:44'),(1320,'5453','MELISA ANGGREINI','5453@gmail.com','81555662553','L','Islam',20,NULL,'2025-01-06 13:00:44','2025-01-06 13:00:44'),(1321,'5454','NABILA NURAINI ADISKA','5454@gmail.com','81555662554','L','Islam',20,NULL,'2025-01-06 13:00:44','2025-01-06 13:00:44'),(1322,'5455','NABILA OKTAVIA','5455@gmail.com','81555662555','L','Islam',20,NULL,'2025-01-06 13:00:44','2025-01-06 13:00:44'),(1323,'5456','NOVA MULYANA','5456@gmail.com','81555662556','L','Islam',20,NULL,'2025-01-06 13:00:44','2025-01-06 13:00:44'),(1324,'5457','NUR DESTIANA','5457@gmail.com','81555662557','L','Islam',20,NULL,'2025-01-06 13:00:44','2025-01-06 13:00:44'),(1325,'5458','RAHMA PRIYANI','5458@gmail.com','81555662558','L','Islam',20,NULL,'2025-01-06 13:00:44','2025-01-06 13:00:44'),(1326,'5459','RENO FAUZI ABDILAH','5459@gmail.com','81555662559','L','Islam',20,NULL,'2025-01-06 13:00:44','2025-01-06 13:00:44'),(1327,'5460','RISKA NOFIANA','5460@gmail.com','81555662560','L','Islam',20,NULL,'2025-01-06 13:00:44','2025-01-06 13:00:44'),(1328,'5461','RIYANTI','5461@gmail.com','81555662561','L','Islam',20,NULL,'2025-01-06 13:00:44','2025-01-06 13:00:44'),(1329,'5462','SINTA DESI RAHMAWATI','5462@gmail.com','81555662562','L','Islam',20,NULL,'2025-01-06 13:00:44','2025-01-06 13:00:44'),(1330,'5463','TIARA NABILA','5463@gmail.com','81555662563','L','Islam',20,NULL,'2025-01-06 13:00:44','2025-01-06 13:00:44'),(1331,'5464','TITIYANA','5464@gmail.com','81555662564','L','Islam',20,NULL,'2025-01-06 13:00:44','2025-01-06 13:00:44'),(1332,'5465','TRI ANISAH','5465@gmail.com','81555662565','L','Islam',20,NULL,'2025-01-06 13:00:44','2025-01-06 13:00:44'),(1333,'5466','ALAN RAMADHAN','5466@gmail.com','81555662566','L','Islam',21,NULL,'2025-01-06 13:00:44','2025-01-06 13:00:44'),(1334,'5467','ALWI NUR FAUZIAH','5467@gmail.com','81555662567','L','Islam',21,NULL,'2025-01-06 13:00:44','2025-01-06 13:00:44'),(1335,'5468','ANANDA RIZKY ARZELLIA','5468@gmail.com','81555662568','L','Islam',21,NULL,'2025-01-06 13:00:44','2025-01-06 13:00:44'),(1336,'5469','ANISA AYU SAFITRI','5469@gmail.com','81555662569','L','Islam',21,NULL,'2025-01-06 13:00:44','2025-01-06 13:00:44'),(1337,'5470','ARAFFA RIZQI HARISTIAN','5470@gmail.com','81555662570','L','Islam',21,NULL,'2025-01-06 13:00:44','2025-01-06 13:00:44'),(1338,'5471','AZIZAH','5471@gmail.com','81555662571','L','Islam',21,NULL,'2025-01-06 13:00:44','2025-01-06 13:00:44'),(1339,'5472','BIMO AGIANSYAH','5472@gmail.com','81555662572','L','Islam',21,NULL,'2025-01-06 13:00:44','2025-01-06 13:00:44'),(1340,'5473','DEA SAPUTRI','5473@gmail.com','81555662573','L','Islam',21,NULL,'2025-01-06 13:00:44','2025-01-06 13:00:44'),(1341,'5474','DEFI SAFITRI','5474@gmail.com','81555662574','L','Islam',21,NULL,'2025-01-06 13:00:44','2025-01-06 13:00:44'),(1342,'5475','DIDI HERMAWAN','5475@gmail.com','81555662575','L','Islam',21,NULL,'2025-01-06 13:00:44','2025-01-06 13:00:44'),(1343,'5476','DIMAS MADZLIN ARIQOH','5476@gmail.com','81555662576','L','Islam',21,NULL,'2025-01-06 13:00:44','2025-01-06 13:00:44'),(1344,'5477','DIQI PRASETYO','5477@gmail.com','81555662577','L','Islam',21,NULL,'2025-01-06 13:00:44','2025-01-06 13:00:44'),(1345,'5478','FAYDILLAH MAJID','5478@gmail.com','81555662578','L','Islam',21,NULL,'2025-01-06 13:00:44','2025-01-06 13:00:44'),(1346,'5479','FRISKA WAHYU ARDINA','5479@gmail.com','81555662579','L','Islam',21,NULL,'2025-01-06 13:00:44','2025-01-06 13:00:44'),(1347,'5480','GEA SEKARARUM','5480@gmail.com','81555662580','L','Islam',21,NULL,'2025-01-06 13:00:44','2025-01-06 13:00:44'),(1348,'5481','HAFNA ILMA MUZAHRA','5481@gmail.com','81555662581','L','Islam',21,NULL,'2025-01-06 13:00:44','2025-01-06 13:00:44'),(1349,'5482','IKO AGUS SATRIO','5482@gmail.com','81555662582','L','Islam',21,NULL,'2025-01-06 13:00:44','2025-01-06 13:00:44'),(1350,'5483','INDRA KURNIAWAN','5483@gmail.com','81555662583','L','Islam',21,NULL,'2025-01-06 13:00:44','2025-01-06 13:00:44'),(1351,'5484','IQWANA INDAH PUSPITA','5484@gmail.com','81555662584','L','Islam',21,NULL,'2025-01-06 13:00:44','2025-01-06 13:00:44'),(1352,'5485','KHUSNIL MAKHBUB','5485@gmail.com','81555662585','L','Islam',21,NULL,'2025-01-06 13:00:44','2025-01-06 13:00:44'),(1353,'5486','LATRI AVRIYANI','5486@gmail.com','81555662586','L','Islam',21,NULL,'2025-01-06 13:00:44','2025-01-06 13:00:44'),(1354,'5487','LULU NAJLA SETIYADI','5487@gmail.com','81555662587','L','Islam',21,NULL,'2025-01-06 13:00:44','2025-01-06 13:00:44'),(1355,'5488','MOHAMAD FARREL','5488@gmail.com','81555662588','L','Islam',21,NULL,'2025-01-06 13:00:44','2025-01-06 13:00:44'),(1356,'5489','NABILA PUTRI LESTARI','5489@gmail.com','81555662589','L','Islam',21,NULL,'2025-01-06 13:00:44','2025-01-06 13:00:44'),(1357,'5490','NIA AFRILIYANI','5490@gmail.com','81555662590','L','Islam',21,NULL,'2025-01-06 13:00:44','2025-01-06 13:00:44'),(1358,'5491','OKTA NURFIANTO','5491@gmail.com','81555662591','L','Islam',21,NULL,'2025-01-06 13:00:44','2025-01-06 13:00:44'),(1359,'5492','PAULINA MARDIYANI','5492@gmail.com','81555662592','L','Islam',21,NULL,'2025-01-06 13:00:44','2025-01-06 13:00:44'),(1360,'5493','RAMADHAN OKTA VIANA','5493@gmail.com','81555662593','L','Islam',21,NULL,'2025-01-06 13:00:44','2025-01-06 13:00:44'),(1361,'5494','RECHIKA RAMADHANI','5494@gmail.com','81555662594','L','Islam',21,NULL,'2025-01-06 13:00:44','2025-01-06 13:00:44'),(1362,'5495','ROHMAH KURNIA UTAMI','5495@gmail.com','81555662595','L','Islam',21,NULL,'2025-01-06 13:00:44','2025-01-06 13:00:44'),(1363,'5496','ROSIHAN CRYSDIANSYAH','5496@gmail.com','81555662596','L','Islam',21,NULL,'2025-01-06 13:00:44','2025-01-06 13:00:44'),(1364,'5497','SALSA HUSNA LATIFA','5497@gmail.com','81555662597','L','Islam',21,NULL,'2025-01-06 13:00:44','2025-01-06 13:00:44'),(1365,'5498','SYALSA NABILA','5498@gmail.com','81555662598','L','Islam',21,NULL,'2025-01-06 13:00:44','2025-01-06 13:00:44'),(1366,'5499','UHTI NUR FARIDATUN','5499@gmail.com','81555662599','L','Islam',21,NULL,'2025-01-06 13:00:44','2025-01-06 13:00:44'),(1367,'5500','VINA AULIA','5500@gmail.com','81555662600','L','Islam',21,NULL,'2025-01-06 13:00:44','2025-01-06 13:00:44'),(1368,'5501','YERLI SUDIRNO','5501@gmail.com','81555662601','L','Islam',21,NULL,'2025-01-06 13:00:44','2025-01-06 13:00:44'),(1369,'4925','ADIESTYA CAHYO WIDODO','4925@gmail.com','81555662602','L','Islam',22,NULL,'2025-01-06 13:00:44','2025-01-06 13:00:44'),(1370,'4926','AKBAR FIRDAUS ADI SAPUTRA','4926@gmail.com','81555662603','L','Islam',22,NULL,'2025-01-06 13:00:44','2025-01-06 13:00:44'),(1371,'4927','ALENA ISMAYA FAID','4927@gmail.com','81555662604','L','Islam',22,NULL,'2025-01-06 13:00:44','2025-01-06 13:00:44'),(1372,'4928','AMELIA','4928@gmail.com','81555662605','P','Islam',22,NULL,'2025-01-06 13:00:44','2025-01-06 13:00:44'),(1373,'4929','ARYO YULIO PRASETYA','4929@gmail.com','81555662606','L','Islam',22,NULL,'2025-01-06 13:00:44','2025-01-06 13:00:44'),(1374,'4930','AULIYA PUTRI ANANDA YAHMAN','4930@gmail.com','81555662607','P','Islam',22,NULL,'2025-01-06 13:00:44','2025-01-06 13:00:44'),(1375,'4931','DIYAN AVRILINA','4931@gmail.com','81555662608','P','Islam',22,NULL,'2025-01-06 13:00:44','2025-01-06 13:00:44'),(1376,'4932','DEWY MASHYTOH','4932@gmail.com','81555662609','P','Islam',22,NULL,'2025-01-06 13:00:44','2025-01-06 13:00:44'),(1377,'4933','FAJAR SIDIK','4933@gmail.com','81555662610','L','Islam',22,NULL,'2025-01-06 13:00:44','2025-01-06 13:00:44'),(1378,'4934','FANI FIDIYAWATI','4934@gmail.com','81555662611','P','Islam',22,NULL,'2025-01-06 13:00:44','2025-01-06 13:00:44'),(1379,'4935','GALIH SAPUTRA','4935@gmail.com','81555662612','L','Islam',22,NULL,'2025-01-06 13:00:44','2025-01-06 13:00:44'),(1380,'4936','GORO CAHYONO','4936@gmail.com','81555662613','L','Islam',22,NULL,'2025-01-06 13:00:44','2025-01-06 13:00:44'),(1381,'4937','HILDA FIATIN','4937@gmail.com','81555662614','P','Islam',22,NULL,'2025-01-06 13:00:44','2025-01-06 13:00:44'),(1382,'4938','IRFAN MUSTOFA','4938@gmail.com','81555662615','L','Islam',22,NULL,'2025-01-06 13:00:44','2025-01-06 13:00:44'),(1383,'4939','JOVITA FARMA NURMALASARI','4939@gmail.com','81555662616','P','Islam',22,NULL,'2025-01-06 13:00:44','2025-01-06 13:00:44'),(1384,'4940','LUQMAN FARRAZ ZEN','4940@gmail.com','81555662617','P','Islam',22,NULL,'2025-01-06 13:00:44','2025-01-06 13:00:44'),(1385,'4941','NAJWA AISYAH DIYA','4941@gmail.com','81555662618','P','Islam',22,NULL,'2025-01-06 13:00:44','2025-01-06 13:00:44'),(1386,'4942','NOVITASARI','4942@gmail.com','81555662619','P','Islam',22,NULL,'2025-01-06 13:00:44','2025-01-06 13:00:44'),(1387,'4943','PAWIT ARIFAN','4943@gmail.com','81555662620','L','Islam',22,NULL,'2025-01-06 13:00:44','2025-01-06 13:00:44'),(1388,'4944','PUTRI CAMELIA','4944@gmail.com','81555662621','P','Islam',22,NULL,'2025-01-06 13:00:44','2025-01-06 13:00:44'),(1389,'4946','REFALINDA NURLAILI','4946@gmail.com','81555662622','L','Islam',22,NULL,'2025-01-06 13:00:44','2025-01-06 13:00:44'),(1390,'4947','REFI CAHYANI','4947@gmail.com','81555662623','P','Islam',22,NULL,'2025-01-06 13:00:44','2025-01-06 13:00:44'),(1391,'4948','REIZHA VIKA OLIVIAN','4948@gmail.com','81555662624','P','Islam',22,NULL,'2025-01-06 13:00:44','2025-01-06 13:00:44'),(1392,'4949','RESA KHOLIFAH ANDRIANSYAH','4949@gmail.com','81555662625','P','Islam',22,NULL,'2025-01-06 13:00:44','2025-01-06 13:00:44'),(1393,'4950','RISKI PRASETYO','4950@gmail.com','81555662626','P','Islam',22,NULL,'2025-01-06 13:00:44','2025-01-06 13:00:44'),(1394,'4951','RITA SAPUTRI SETIAWATI','4951@gmail.com','81555662627','P','Islam',22,NULL,'2025-01-06 13:00:44','2025-01-06 13:00:44'),(1395,'4952','SATRIA PURNOMO AJI','4952@gmail.com','81555662628','L','Islam',22,NULL,'2025-01-06 13:00:44','2025-01-06 13:00:44'),(1396,'4953','SITI SYFA ROKHIMAH PUTRI','4953@gmail.com','81555662629','P','Islam',22,NULL,'2025-01-06 13:00:44','2025-01-06 13:00:44'),(1397,'4954','SYFA NUR SOLEHAH','4954@gmail.com','81555662630','P','Islam',22,NULL,'2025-01-06 13:00:44','2025-01-06 13:00:44'),(1398,'4955','TEDI SUPRIYANTO','4955@gmail.com','81555662631','L','Islam',22,NULL,'2025-01-06 13:00:44','2025-01-06 13:00:44'),(1399,'4956','VELA OKTAVIANA','4956@gmail.com','81555662632','P','Islam',22,NULL,'2025-01-06 13:00:44','2025-01-06 13:00:44'),(1400,'4957','VIKI ADITIA','4957@gmail.com','81555662633','L','Islam',22,NULL,'2025-01-06 13:00:44','2025-01-06 13:00:44'),(1401,'4958','WAHYU ANGGIT SAPUTRA','4958@gmail.com','81555662634','L','Islam',22,NULL,'2025-01-06 13:00:44','2025-01-06 13:00:44'),(1402,'4959','YUGO MULYO ADI','4959@gmail.com','81555662635','L','Islam',22,NULL,'2025-01-06 13:00:44','2025-01-06 13:00:44'),(1403,'4960','YUGO SETIONO','4960@gmail.com','81555662636','L','Islam',22,NULL,'2025-01-06 13:00:44','2025-01-06 13:00:44'),(1404,'4961','ABEL SUGANDI','4961@gmail.com','81555662637','L','Islam',23,NULL,'2025-01-06 13:00:44','2025-01-06 13:00:44'),(1405,'4962','ADITYA NUGROHO','4962@gmail.com','81555662638','L','Islam',23,NULL,'2025-01-06 13:00:44','2025-01-06 13:00:44'),(1406,'4963','AFIF MAULUDIN','4963@gmail.com','81555662639','L','Islam',23,NULL,'2025-01-06 13:00:44','2025-01-06 13:00:44'),(1407,'4964','AFIF NURUL MAULANA','4964@gmail.com','81555662640','P','Islam',23,NULL,'2025-01-06 13:00:44','2025-01-06 13:00:44'),(1408,'4965','AFRINIA MAOLANI','4965@gmail.com','81555662641','P','Islam',23,NULL,'2025-01-06 13:00:44','2025-01-06 13:00:44'),(1409,'4966','ALIP SATRIA','4966@gmail.com','81555662642','L','Islam',23,NULL,'2025-01-06 13:00:44','2025-01-06 13:00:44'),(1410,'4967','ANGGIT NUDIONO KHAERULLOH','4967@gmail.com','81555662643','L','Islam',23,NULL,'2025-01-06 13:00:44','2025-01-06 13:00:44'),(1411,'4968','ANI MUS UHTIAN','4968@gmail.com','81555662644','P','Islam',23,NULL,'2025-01-06 13:00:44','2025-01-06 13:00:44'),(1412,'4969','ANISAH APRILIA','4969@gmail.com','81555662645','P','Islam',23,NULL,'2025-01-06 13:00:44','2025-01-06 13:00:44'),(1413,'4970','ARYA SETIYAKI','4970@gmail.com','81555662646','L','Islam',23,NULL,'2025-01-06 13:00:44','2025-01-06 13:00:44'),(1414,'4971','ASTITI PANGESTU','4971@gmail.com','81555662647','P','Islam',23,NULL,'2025-01-06 13:00:44','2025-01-06 13:00:44'),(1415,'4972','AYU FAIZAH NURHIKMAH','4972@gmail.com','81555662648','P','Islam',23,NULL,'2025-01-06 13:00:44','2025-01-06 13:00:44'),(1416,'4973','BENDI SATRIYANTO','4973@gmail.com','81555662649','L','Islam',23,NULL,'2025-01-06 13:00:44','2025-01-06 13:00:44'),(1417,'4974','DANANG DIN KUSUMA','4974@gmail.com','81555662650','L','Islam',23,NULL,'2025-01-06 13:00:44','2025-01-06 13:00:44'),(1418,'4975','DANU DWI SAPUTRA','4975@gmail.com','81555662651','L','Islam',23,NULL,'2025-01-06 13:00:44','2025-01-06 13:00:44'),(1419,'4976','DEVIT SAIS PRASETIO','4976@gmail.com','81555662652','L','Islam',23,NULL,'2025-01-06 13:00:44','2025-01-06 13:00:44'),(1420,'4977','DHIANIS TANTRI','4977@gmail.com','81555662653','P','Islam',23,NULL,'2025-01-06 13:00:44','2025-01-06 13:00:44'),(1421,'4978','DITA SINTIYAWATI','4978@gmail.com','81555662654','P','Islam',23,NULL,'2025-01-06 13:00:44','2025-01-06 13:00:44'),(1422,'4979','DAFID PRASTIO','4979@gmail.com','81555662655','L','Islam',23,NULL,'2025-01-06 13:00:44','2025-01-06 13:00:44'),(1423,'4980','FIKI SETIO ADJI','4980@gmail.com','81555662656','L','Islam',23,NULL,'2025-01-06 13:00:44','2025-01-06 13:00:44'),(1424,'4981','IKHSAN MAULANA RIZQI','4981@gmail.com','81555662657','L','Islam',23,NULL,'2025-01-06 13:00:44','2025-01-06 13:00:44'),(1425,'4982','ILHAM TRI BUDIONO','4982@gmail.com','81555662658','L','Islam',23,NULL,'2025-01-06 13:00:44','2025-01-06 13:00:44'),(1426,'4983','KHAFID PRATAMA','4983@gmail.com','81555662659','L','Islam',23,NULL,'2025-01-06 13:00:44','2025-01-06 13:00:44'),(1427,'4984','LIDYA PUTRI ASTRIANI','4984@gmail.com','81555662660','P','Islam',23,NULL,'2025-01-06 13:00:44','2025-01-06 13:00:44'),(1428,'4985','MAULANA WISNU HIDAYAT','4985@gmail.com','81555662661','L','Islam',23,NULL,'2025-01-06 13:00:44','2025-01-06 13:00:44'),(1429,'4986','NOVIA ZAHRO SABRINA','4986@gmail.com','81555662662','P','Islam',23,NULL,'2025-01-06 13:00:44','2025-01-06 13:00:44'),(1430,'4987','NOVITA FITRIYANI','4987@gmail.com','81555662663','P','Islam',23,NULL,'2025-01-06 13:00:44','2025-01-06 13:00:44'),(1431,'4988','OLIVIA NOVA FARDANA','4988@gmail.com','81555662664','P','Islam',23,NULL,'2025-01-06 13:00:44','2025-01-06 13:00:44'),(1432,'4989','PUSPA CAHYANING TYAS','4989@gmail.com','81555662665','P','Islam',23,NULL,'2025-01-06 13:00:44','2025-01-06 13:00:44'),(1433,'4990','RAFFI DIAZ PRATAMA','4990@gmail.com','81555662666','L','Islam',23,NULL,'2025-01-06 13:00:44','2025-01-06 13:00:44'),(1434,'4991','RIZKA CAHYA KARTIKA','4991@gmail.com','81555662667','P','Islam',23,NULL,'2025-01-06 13:00:44','2025-01-06 13:00:44'),(1435,'4992','SAPUTRI MAHARANI','4992@gmail.com','81555662668','P','Islam',23,NULL,'2025-01-06 13:00:44','2025-01-06 13:00:44'),(1436,'4993','TANGGUH AGUSTIAWAN','4993@gmail.com','81555662669','L','Islam',23,NULL,'2025-01-06 13:00:44','2025-01-06 13:00:44'),(1437,'4994','TASYA WAJANATUN','4994@gmail.com','81555662670','P','Islam',23,NULL,'2025-01-06 13:00:44','2025-01-06 13:00:44'),(1438,'4995','TISYA ADIFFIA RAKHMA','4995@gmail.com','81555662671','P','Islam',23,NULL,'2025-01-06 13:00:44','2025-01-06 13:00:44'),(1439,'4996','ZAHWA LEANDRA','4996@gmail.com','81555662672','P','Islam',23,NULL,'2025-01-06 13:00:44','2025-01-06 13:00:44'),(1440,'4997','AFIFAH ROFI\'ATUDDAROJAH','4997@gmail.com','81555662673','P','Islam',24,NULL,'2025-01-06 13:00:44','2025-01-06 13:00:44'),(1441,'4998','AJENG SETIYANINGRUM','4998@gmail.com','81555662674','P','Islam',24,NULL,'2025-01-06 13:00:44','2025-01-06 13:00:44'),(1442,'4999','AMRINA ROSYADA','4999@gmail.com','81555662675','P','Islam',24,NULL,'2025-01-06 13:00:44','2025-01-06 13:00:44'),(1443,'5000','AMUNG IQBAL RIFA\'I','5000@gmail.com','81555662676','L','Islam',24,NULL,'2025-01-06 13:00:44','2025-01-06 13:00:44'),(1444,'5001','ANDREY SYAH PERMANA','5001@gmail.com','81555662677','L','Islam',24,NULL,'2025-01-06 13:00:44','2025-01-06 13:00:44'),(1445,'5002','ANIS LESTIAWAN','5002@gmail.com','81555662678','P','Islam',24,NULL,'2025-01-06 13:00:44','2025-01-06 13:00:44'),(1446,'5003','BAROK HANIF FATAHHILAH','5003@gmail.com','81555662679','L','Islam',24,NULL,'2025-01-06 13:00:44','2025-01-06 13:00:44'),(1447,'5004','DESKA AHLUL FIRDAUS','5004@gmail.com','81555662680','L','Islam',24,NULL,'2025-01-06 13:00:44','2025-01-06 13:00:44'),(1448,'5005','DESTA WISNU SAPUTRA','5005@gmail.com','81555662681','L','Islam',24,NULL,'2025-01-06 13:00:44','2025-01-06 13:00:44'),(1449,'5006','DEWI PUTRIA NINGGSIH','5006@gmail.com','81555662682','P','Islam',24,NULL,'2025-01-06 13:00:44','2025-01-06 13:00:44'),(1450,'5007','DIVA SAFITRI','5007@gmail.com','81555662683','P','Islam',24,NULL,'2025-01-06 13:00:44','2025-01-06 13:00:44'),(1451,'5008','EGI SEPTI FAUZIYAH','5008@gmail.com','81555662684','P','Islam',24,NULL,'2025-01-06 13:00:44','2025-01-06 13:00:44'),(1452,'5009','ERMISA NGAIDAH','5009@gmail.com','81555662685','P','Islam',24,NULL,'2025-01-06 13:00:44','2025-01-06 13:00:44'),(1453,'5010','HAFID FADLI','5010@gmail.com','81555662686','L','Islam',24,NULL,'2025-01-06 13:00:44','2025-01-06 13:00:44'),(1454,'5011','HESTI SEVIANA','5011@gmail.com','81555662687','P','Islam',24,NULL,'2025-01-06 13:00:44','2025-01-06 13:00:44'),(1455,'5012','INTAN APRILIANIQ','5012@gmail.com','81555662688','P','Islam',24,NULL,'2025-01-06 13:00:44','2025-01-06 13:00:44'),(1456,'5013','JAFAR MUSTAQIM','5013@gmail.com','81555662689','L','Islam',24,NULL,'2025-01-06 13:00:44','2025-01-06 13:00:44'),(1457,'5014','JODHI ADITYA','5014@gmail.com','81555662690','L','Islam',24,NULL,'2025-01-06 13:00:44','2025-01-06 13:00:44'),(1458,'5015','KESA MAULINDA','5015@gmail.com','81555662691','P','Islam',24,NULL,'2025-01-06 13:00:44','2025-01-06 13:00:44'),(1459,'5016','MELANI INDAH AUDINDA','5016@gmail.com','81555662692','P','Islam',24,NULL,'2025-01-06 13:00:44','2025-01-06 13:00:44'),(1460,'5017','MELINDA OKTA SAFITRI','5017@gmail.com','81555662693','P','Islam',24,NULL,'2025-01-06 13:00:44','2025-01-06 13:00:44'),(1461,'5018','NAUFAL FARHAN KURNIAWAN','5018@gmail.com','81555662694','L','Islam',24,NULL,'2025-01-06 13:00:44','2025-01-06 13:00:44'),(1462,'5019','NHESA THALITA KHALDA','5019@gmail.com','81555662695','P','Islam',24,NULL,'2025-01-06 13:00:44','2025-01-06 13:00:44'),(1463,'5020','NUR HIDAYAT','5020@gmail.com','81555662696','L','Islam',24,NULL,'2025-01-06 13:00:44','2025-01-06 13:00:44'),(1464,'5021','RAFA DIKA SAPUTRA','5021@gmail.com','81555662697','L','Islam',24,NULL,'2025-01-06 13:00:44','2025-01-06 13:00:44'),(1465,'5022','REHAN ADI SAPUTRA','5022@gmail.com','81555662698','L','Islam',24,NULL,'2025-01-06 13:00:44','2025-01-06 13:00:44'),(1466,'5023','RISKI APRITA MAULANA','5023@gmail.com','81555662699','L','Islam',24,NULL,'2025-01-06 13:00:44','2025-01-06 13:00:44'),(1467,'5024','RIZQI CHANAN PANGESTU','5024@gmail.com','81555662700','L','Islam',24,NULL,'2025-01-06 13:00:44','2025-01-06 13:00:44'),(1468,'5025','SEPTI VERLIANA','5025@gmail.com','81555662701','P','Islam',24,NULL,'2025-01-06 13:00:44','2025-01-06 13:00:44'),(1469,'5026','SILVIANA AGUSTIN','5026@gmail.com','81555662702','P','Islam',24,NULL,'2025-01-06 13:00:44','2025-01-06 13:00:44'),(1470,'5027','SISKA SELFIANA','5027@gmail.com','81555662703','P','Islam',24,NULL,'2025-01-06 13:00:44','2025-01-06 13:00:44'),(1471,'5028','SUSI SETIANI','5028@gmail.com','81555662704','P','Islam',24,NULL,'2025-01-06 13:00:44','2025-01-06 13:00:44'),(1472,'5029','SYAHDAN JAMJAMI','5029@gmail.com','81555662705','L','Islam',24,NULL,'2025-01-06 13:00:44','2025-01-06 13:00:44'),(1473,'5030','VINA DRIANA','5030@gmail.com','81555662706','P','Islam',24,NULL,'2025-01-06 13:00:44','2025-01-06 13:00:44'),(1474,'5031','WANGGA REYNATA','5031@gmail.com','81555662707','L','Islam',24,NULL,'2025-01-06 13:00:44','2025-01-06 13:00:44'),(1475,'5032','ZANI KURNIA SARI','5032@gmail.com','81555662708','P','Islam',24,NULL,'2025-01-06 13:00:44','2025-01-06 13:00:44');
/*!40000 ALTER TABLE `students` ENABLE KEYS */;
UNLOCK TABLES;
DROP TABLE IF EXISTS `subjects`;
/*!40101 SET @saved_cs_client     = @@character_set_client */;
/*!50503 SET character_set_client = utf8mb4 */;
CREATE TABLE `subjects` (
  `id` bigint unsigned NOT NULL AUTO_INCREMENT,
  `name` varchar(255) COLLATE utf8mb4_unicode_ci NOT NULL,
  `code` varchar(255) COLLATE utf8mb4_unicode_ci NOT NULL,
  `description` text COLLATE utf8mb4_unicode_ci,
  `is_active` tinyint(1) NOT NULL DEFAULT '1',
  `created_at` timestamp NULL DEFAULT NULL,
  `updated_at` timestamp NULL DEFAULT NULL,
  PRIMARY KEY (`id`),
  UNIQUE KEY `subjects_code_unique` (`code`)
) ENGINE=InnoDB AUTO_INCREMENT=6 DEFAULT CHARSET=utf8mb4 COLLATE=utf8mb4_unicode_ci;
/*!40101 SET character_set_client = @saved_cs_client */;

LOCK TABLES `subjects` WRITE;
/*!40000 ALTER TABLE `subjects` DISABLE KEYS */;
INSERT INTO `subjects` VALUES (1,'Matematika','MTK',NULL,1,'2025-01-06 12:21:37','2025-01-06 12:21:37'),(2,'Bahasa Indonesia','BIN',NULL,1,'2025-01-06 12:21:37','2025-01-06 12:21:37'),(3,'Bahasa Inggris','BIG',NULL,1,'2025-01-06 12:21:37','2025-01-06 12:21:37'),(4,'Ilmu Pengetahuan Alam','IPA',NULL,1,'2025-01-06 12:21:37','2025-01-06 12:21:37'),(5,'Ilmu Pengetahuan Sosial','IPS',NULL,1,'2025-01-06 12:21:37','2025-01-06 12:21:37');
/*!40000 ALTER TABLE `subjects` ENABLE KEYS */;
UNLOCK TABLES;
DROP TABLE IF EXISTS `teacher_activity_journals`;
/*!40101 SET @saved_cs_client     = @@character_set_client */;
/*!50503 SET character_set_client = utf8mb4 */;
CREATE TABLE `teacher_activity_journals` (
  `id` bigint unsigned NOT NULL AUTO_INCREMENT,
  `teacher_id` bigint unsigned NOT NULL,
  `date` date NOT NULL,
  `start_time` time NOT NULL,
  `end_time` time NOT NULL,
  `activity_type` varchar(255) COLLATE utf8mb4_unicode_ci NOT NULL,
  `description` text COLLATE utf8mb4_unicode_ci NOT NULL,
  `notes` text COLLATE utf8mb4_unicode_ci,
  `is_from_attendance` tinyint(1) NOT NULL DEFAULT '0',
  `class_attendance_id` bigint unsigned DEFAULT NULL,
  `created_at` timestamp NULL DEFAULT NULL,
  `updated_at` timestamp NULL DEFAULT NULL,
  PRIMARY KEY (`id`)
) ENGINE=InnoDB DEFAULT CHARSET=utf8mb4 COLLATE=utf8mb4_unicode_ci;
/*!40101 SET character_set_client = @saved_cs_client */;

LOCK TABLES `teacher_activity_journals` WRITE;
/*!40000 ALTER TABLE `teacher_activity_journals` DISABLE KEYS */;
/*!40000 ALTER TABLE `teacher_activity_journals` ENABLE KEYS */;
UNLOCK TABLES;
DROP TABLE IF EXISTS `teacher_schedules`;
/*!40101 SET @saved_cs_client     = @@character_set_client */;
/*!50503 SET character_set_client = utf8mb4 */;
CREATE TABLE `teacher_schedules` (
  `id` bigint unsigned NOT NULL AUTO_INCREMENT,
  `guru_id` bigint unsigned NOT NULL,
  `class_room_id` bigint unsigned NOT NULL,
  `subject` varchar(255) COLLATE utf8mb4_unicode_ci NOT NULL,
  `day` enum('senin','selasa','rabu','kamis','jumat','sabtu') COLLATE utf8mb4_unicode_ci NOT NULL,
  `start_time` time NOT NULL,
  `end_time` time NOT NULL,
  `room` varchar(255) COLLATE utf8mb4_unicode_ci DEFAULT NULL,
  `notes` text COLLATE utf8mb4_unicode_ci,
  `created_at` timestamp NULL DEFAULT NULL,
  `updated_at` timestamp NULL DEFAULT NULL,
  PRIMARY KEY (`id`),
  KEY `teacher_schedules_guru_id_foreign` (`guru_id`),
  KEY `teacher_schedules_class_room_id_foreign` (`class_room_id`),
  CONSTRAINT `teacher_schedules_class_room_id_foreign` FOREIGN KEY (`class_room_id`) REFERENCES `class_rooms` (`id`) ON DELETE CASCADE,
  CONSTRAINT `teacher_schedules_guru_id_foreign` FOREIGN KEY (`guru_id`) REFERENCES `users` (`id`) ON DELETE CASCADE
) ENGINE=InnoDB DEFAULT CHARSET=utf8mb4 COLLATE=utf8mb4_unicode_ci;
/*!40101 SET character_set_client = @saved_cs_client */;

LOCK TABLES `teacher_schedules` WRITE;
/*!40000 ALTER TABLE `teacher_schedules` DISABLE KEYS */;
/*!40000 ALTER TABLE `teacher_schedules` ENABLE KEYS */;
UNLOCK TABLES;
DROP TABLE IF EXISTS `teaching_activities`;
/*!40101 SET @saved_cs_client     = @@character_set_client */;
/*!50503 SET character_set_client = utf8mb4 */;
CREATE TABLE `teaching_activities` (
  `id` bigint unsigned NOT NULL AUTO_INCREMENT,
  `guru_id` bigint unsigned NOT NULL,
  `class_room_id` bigint unsigned NOT NULL,
  `tanggal` date NOT NULL,
  `mata_pelajaran` varchar(255) COLLATE utf8mb4_unicode_ci NOT NULL,
  `materi` text COLLATE utf8mb4_unicode_ci NOT NULL,
  `jam_ke_mulai` int NOT NULL,
  `jam_ke_selesai` int NOT NULL,
  `catatan_kejadian` text COLLATE utf8mb4_unicode_ci,
  `kelengkapan` json DEFAULT NULL,
  `media_dan_alat` text COLLATE utf8mb4_unicode_ci,
  `attendance_data` json DEFAULT NULL,
  `important_notes` text COLLATE utf8mb4_unicode_ci,
  `created_at` timestamp NULL DEFAULT NULL,
  `updated_at` timestamp NULL DEFAULT NULL,
  `jam_mulai` time DEFAULT NULL,
  `jam_selesai` time DEFAULT NULL,
  PRIMARY KEY (`id`),
  KEY `teaching_activities_guru_id_foreign` (`guru_id`),
  KEY `teaching_activities_class_room_id_foreign` (`class_room_id`),
  CONSTRAINT `teaching_activities_class_room_id_foreign` FOREIGN KEY (`class_room_id`) REFERENCES `class_rooms` (`id`) ON DELETE CASCADE,
  CONSTRAINT `teaching_activities_guru_id_foreign` FOREIGN KEY (`guru_id`) REFERENCES `users` (`id`) ON DELETE CASCADE
) ENGINE=InnoDB AUTO_INCREMENT=19 DEFAULT CHARSET=utf8mb4 COLLATE=utf8mb4_unicode_ci;
/*!40101 SET character_set_client = @saved_cs_client */;

LOCK TABLES `teaching_activities` WRITE;
/*!40000 ALTER TABLE `teaching_activities` DISABLE KEYS */;
INSERT INTO `teaching_activities` VALUES (1,3,36,'2025-01-06','Dasar TO','Materi',2,6,NULL,NULL,'Media','[{\"status\": \"dispensasi\", \"keterangan\": null}, {\"status\": \"sakit\", \"keterangan\": null}]','catatan','2025-01-06 14:00:12','2025-01-07 19:39:25','07:45:00','11:45:00'),(2,3,34,'2025-01-03','Dasar TO','Materi',1,2,NULL,NULL,'Media',NULL,NULL,'2025-01-06 14:01:55','2025-01-06 14:21:47','07:00:00','07:45:00'),(3,8,34,'2024-12-11','Dasar TO','Materi',1,2,NULL,NULL,'Media',NULL,'Catatan 12','2025-01-06 14:09:03','2025-01-06 16:12:49','07:00:00','07:45:00'),(4,3,34,'2025-01-06','Dasar TO','Materi',1,2,NULL,NULL,'Media',NULL,NULL,'2025-01-06 14:10:33','2025-01-06 14:10:33','07:00:00','07:45:00'),(5,3,34,'2025-01-06','Dasar TO','Materi',1,2,NULL,NULL,'Media',NULL,NULL,'2025-01-06 14:11:41','2025-01-06 14:11:41','07:00:00','07:45:00'),(6,3,34,'2025-01-06','Dasar TO','Materi',1,2,NULL,NULL,'Media',NULL,NULL,'2025-01-06 14:17:23','2025-01-06 14:17:23','07:00:00','07:45:00'),(7,3,34,'2025-01-06','Dasar TO','Materi',1,2,NULL,NULL,'Media',NULL,NULL,'2025-01-06 14:19:05','2025-01-06 14:19:05','07:00:00','07:45:00'),(8,3,34,'2025-01-06','Dasar TO','Materi',1,2,NULL,NULL,'Media',NULL,'Catatan','2025-01-06 14:20:33','2025-01-06 16:10:48','07:00:00','07:45:00'),(9,8,1,'2025-01-07','Bahasa jawa','Materi',1,2,NULL,NULL,'Media',NULL,'catatan','2025-01-06 15:38:23','2025-01-06 16:13:39','07:00:00','07:45:00'),(11,4,1,'2024-12-05','Bahasa Jawa','Materi',1,2,NULL,NULL,'Media',NULL,NULL,'2025-01-06 15:47:55','2025-01-06 15:47:55','07:00:00','07:45:00'),(12,4,1,'2024-12-05','Bahasa Jawa','Materi',1,2,NULL,NULL,'Media',NULL,NULL,'2025-01-06 15:50:40','2025-01-06 15:50:40','07:00:00','07:45:00'),(13,3,1,'2025-01-07','Matematika','Calculus',1,2,NULL,NULL,NULL,NULL,NULL,'2025-01-06 19:07:20','2025-01-06 19:07:20','07:00:00','07:45:00'),(14,14,40,'2025-01-07','PMKR','OVERHOUL ENGINE',6,8,NULL,NULL,'LCD , SPEAKER, ENGINE KIJANG ',NULL,'CATATAN','2025-01-07 02:22:40','2025-01-07 02:24:28','11:00:00','13:30:00'),(15,14,41,'2025-01-07','PMKR','MATERI',9,1,NULL,NULL,'MEDIA ALAT',NULL,NULL,'2025-01-07 02:26:41','2025-01-07 02:26:41','13:30:00','07:45:00'),(16,3,2,'2025-01-08','MTK','Materi',1,2,NULL,NULL,'Media',NULL,NULL,'2025-01-07 19:26:06','2025-01-07 19:26:06','07:00:00','07:45:00'),(17,3,2,'2025-01-08','MTK','Materi',1,2,NULL,NULL,'Media',NULL,NULL,'2025-01-07 19:26:57','2025-01-07 19:26:57','07:00:00','07:45:00'),(18,3,36,'2025-01-08','Kelistrikan','Materi',10,1,NULL,NULL,'Me',NULL,NULL,'2025-01-07 19:28:46','2025-01-07 19:28:46','14:15:00','07:45:00');
/*!40000 ALTER TABLE `teaching_activities` ENABLE KEYS */;
UNLOCK TABLES;
DROP TABLE IF EXISTS `users`;
/*!40101 SET @saved_cs_client     = @@character_set_client */;
/*!50503 SET character_set_client = utf8mb4 */;
CREATE TABLE `users` (
  `id` bigint unsigned NOT NULL AUTO_INCREMENT,
  `name` varchar(255) COLLATE utf8mb4_unicode_ci NOT NULL,
  `username` varchar(255) COLLATE utf8mb4_unicode_ci DEFAULT NULL,
  `email` varchar(255) COLLATE utf8mb4_unicode_ci NOT NULL,
  `nip` varchar(255) COLLATE utf8mb4_unicode_ci DEFAULT NULL,
  `phone` varchar(255) COLLATE utf8mb4_unicode_ci DEFAULT NULL,
  `role` enum('admin','super_admin','guru','siswa') COLLATE utf8mb4_unicode_ci NOT NULL DEFAULT 'siswa',
  `status` enum('aktif','tidak aktif','lulus','pindah') COLLATE utf8mb4_unicode_ci NOT NULL DEFAULT 'aktif',
  `email_verified_at` timestamp NULL DEFAULT NULL,
  `password` varchar(255) COLLATE utf8mb4_unicode_ci NOT NULL,
  `remember_token` varchar(100) COLLATE utf8mb4_unicode_ci DEFAULT NULL,
  `nis` varchar(255) COLLATE utf8mb4_unicode_ci DEFAULT NULL,
  `nisn` varchar(255) COLLATE utf8mb4_unicode_ci DEFAULT NULL,
  `jenis_kelamin` enum('L','P') COLLATE utf8mb4_unicode_ci DEFAULT NULL,
  `tempat_lahir` varchar(255) COLLATE utf8mb4_unicode_ci DEFAULT NULL,
  `tanggal_lahir` date DEFAULT NULL,
  `agama` varchar(255) COLLATE utf8mb4_unicode_ci DEFAULT NULL,
  `alamat` text COLLATE utf8mb4_unicode_ci,
  `telp` varchar(255) COLLATE utf8mb4_unicode_ci DEFAULT NULL,
  `nama_ayah` varchar(255) COLLATE utf8mb4_unicode_ci DEFAULT NULL,
  `pekerjaan_ayah` varchar(255) COLLATE utf8mb4_unicode_ci DEFAULT NULL,
  `nama_ibu` varchar(255) COLLATE utf8mb4_unicode_ci DEFAULT NULL,
  `pekerjaan_ibu` varchar(255) COLLATE utf8mb4_unicode_ci DEFAULT NULL,
  `alamat_ortu` text COLLATE utf8mb4_unicode_ci,
  `telp_ortu` varchar(255) COLLATE utf8mb4_unicode_ci DEFAULT NULL,
  `created_at` timestamp NULL DEFAULT NULL,
  `updated_at` timestamp NULL DEFAULT NULL,
  `image` varchar(255) COLLATE utf8mb4_unicode_ci DEFAULT NULL,
  `user_type` enum('admin','teacher','student') COLLATE utf8mb4_unicode_ci NOT NULL DEFAULT 'student',
  `class_room_id` bigint unsigned DEFAULT NULL,
  PRIMARY KEY (`id`),
  UNIQUE KEY `users_email_unique` (`email`),
  UNIQUE KEY `users_username_unique` (`username`),
  KEY `users_class_room_id_foreign` (`class_room_id`),
  CONSTRAINT `users_class_room_id_foreign` FOREIGN KEY (`class_room_id`) REFERENCES `class_rooms` (`id`) ON DELETE SET NULL
) ENGINE=InnoDB AUTO_INCREMENT=75 DEFAULT CHARSET=utf8mb4 COLLATE=utf8mb4_unicode_ci;
/*!40101 SET character_set_client = @saved_cs_client */;

LOCK TABLES `users` WRITE;
/*!40000 ALTER TABLE `users` DISABLE KEYS */;
INSERT INTO `users` VALUES (1,'Super Admin','superadmin','idiarsosimbang@gmail.com',NULL,NULL,'super_admin','aktif','2025-01-06 12:21:37','$2y$12$fbSJ1RaASPFHLgRRa7oY2.RSWhlGbhzzC.XQuhA8Ou6ELiWHNIKn6',NULL,NULL,NULL,NULL,NULL,NULL,NULL,NULL,NULL,NULL,NULL,NULL,NULL,NULL,NULL,'2025-01-06 12:21:37','2025-01-06 12:21:37',NULL,'student',NULL),(2,'Admin Skansa',NULL,'adiadmin@gmail.com',NULL,NULL,'siswa','aktif',NULL,'$2y$12$Z3TD0gWoGTqpnsdPaSR8lOC/RBr6a4cKsmc25PSQNulxhPQvrM8cS',NULL,NULL,NULL,NULL,NULL,NULL,NULL,NULL,NULL,NULL,NULL,NULL,NULL,NULL,NULL,'2025-01-06 12:24:10','2025-01-06 12:24:10',NULL,'student',NULL),(3,'Agung Efianto',NULL,'efianto_banjar@yahoo.com','198311042022211006',NULL,'guru','aktif',NULL,'$2y$12$Z.2gZQZwRCGRpghDmXleFeXvDJk8lq5DSjf/0M1PWfFYQCx0B6dfS','oOCGLi6LXjWFOMfHkaIJbfR5AKs1gOxsjBVAeKoHQBBNPLwDJWbQlZpxWRzT',NULL,NULL,NULL,NULL,NULL,NULL,NULL,NULL,NULL,NULL,NULL,NULL,NULL,NULL,'2025-01-06 12:43:28','2025-01-06 12:43:28',NULL,'student',NULL),(4,'ALFI NUR HAZIZAH',NULL,'alfi.azizah05@gmail.com','199405312022212013',NULL,'guru','aktif',NULL,'$2y$12$1FX9h0ASG5T.VKwBxUWJA./WLPGddJgCCQKenP2DAb47gnl0oFKaC',NULL,NULL,NULL,NULL,NULL,NULL,NULL,NULL,NULL,NULL,NULL,NULL,NULL,NULL,NULL,'2025-01-06 12:43:28','2025-01-06 12:43:28',NULL,'student',NULL),(5,'Anggun Budiyawan',NULL,'anggunbudiyawan@gmail.com','199108042022211004',NULL,'guru','aktif',NULL,'$2y$12$5YjNztICPMTrSI8OnMyHh.GtEbWMlIYcbHnfv/a6Esktid47IaLKm',NULL,NULL,NULL,NULL,NULL,NULL,NULL,NULL,NULL,NULL,NULL,NULL,NULL,NULL,NULL,'2025-01-06 12:43:28','2025-01-06 12:43:28',NULL,'student',NULL),(6,'Apri Linda Pratiwi',NULL,'lindaptw18@gmail.com','4750765666210142',NULL,'guru','aktif',NULL,'$2y$12$Bt4Gop4sR.AifbSFqVY2beJQ53HZkpIGso5oURpzDaY8VSu1GXBta',NULL,NULL,NULL,NULL,NULL,NULL,NULL,NULL,NULL,NULL,NULL,NULL,NULL,NULL,NULL,'2025-01-06 12:43:28','2025-01-06 12:43:28',NULL,'student',NULL),(7,'APRILIAN EPTI WAHYUNI',NULL,'aprilianeptiw@gmail.com','199604202022212008',NULL,'guru','aktif',NULL,'$2y$12$4KKCnO4icAGA4n5xAwlbMOcGkKGyZIcVOMDZ17MA5GmNZ3B9c0kwC',NULL,NULL,NULL,NULL,NULL,NULL,NULL,NULL,NULL,NULL,NULL,NULL,NULL,NULL,NULL,'2025-01-06 12:43:28','2025-01-06 12:43:28',NULL,'student',NULL),(8,'Aris Rusman',NULL,'aris.arisrusman.rusman7@gmail.com','198303202022211008',NULL,'guru','aktif',NULL,'$2y$12$x0/228.BNSzSlrlMppp2SuasPZowL94NCGmPcEWrxApkwDAFmy9vG',NULL,NULL,NULL,NULL,NULL,NULL,NULL,NULL,NULL,NULL,NULL,NULL,NULL,NULL,NULL,'2025-01-06 12:43:28','2025-01-06 12:43:28',NULL,'student',NULL),(9,'Atun Istianah',NULL,'iisazkaahdannisa@gmail.com','197907192022212013',NULL,'guru','aktif',NULL,'$2y$12$MgL9XtOtnLbUDly0c77wh.jIz9rTnvRIkxxmHtIe3hG47niuzGUw2',NULL,NULL,NULL,NULL,NULL,NULL,NULL,NULL,NULL,NULL,NULL,NULL,NULL,NULL,NULL,'2025-01-06 12:43:28','2025-01-06 12:43:28',NULL,'student',NULL),(10,'Catur Budi Satrio',NULL,'caturagha@gmail.com','198404242011011012',NULL,'guru','aktif',NULL,'$2y$12$WGyfiMCN6iSee.XxMAM26epYSQOLHVJILwBTORdijqH9WA/brHMh.',NULL,NULL,NULL,NULL,NULL,NULL,NULL,NULL,NULL,NULL,NULL,NULL,NULL,NULL,NULL,'2025-01-06 12:43:28','2025-01-06 12:43:28',NULL,'student',NULL),(11,'Destriana Irmayasari',NULL,'irmayasari.destriana@yahoo.com','198612132022212010',NULL,'guru','aktif',NULL,'$2y$12$DhJr7fYmP9P4WRUa88o76OEPBKeyiH8.q028sxLJLxv7eMgD7jbZm',NULL,NULL,NULL,NULL,NULL,NULL,NULL,NULL,NULL,NULL,NULL,NULL,NULL,NULL,NULL,'2025-01-06 12:43:28','2025-01-06 12:43:28',NULL,'student',NULL),(12,'Dian Fidya Hastuti',NULL,'dianfidyahastuti.03@gmail.com','199110032022212018',NULL,'guru','aktif',NULL,'$2y$12$UJ3BvOXducjmJx6XNfLBGOIo2/XQC.Ec9OI8FJMQFxHiNZR20cfDO',NULL,NULL,NULL,NULL,NULL,NULL,NULL,NULL,NULL,NULL,NULL,NULL,NULL,NULL,NULL,'2025-01-06 12:43:28','2025-01-06 12:43:28',NULL,'student',NULL),(13,'Didiet Wisang Wibowo',NULL,'didietalfa@gmail.com','198210272022211007',NULL,'guru','aktif',NULL,'$2y$12$LYEzdrLecFU9PmSvbnF2MOqyrvQ95r2yefKkovar4R020ogM0tqDG',NULL,NULL,NULL,NULL,NULL,NULL,NULL,NULL,NULL,NULL,NULL,NULL,NULL,NULL,NULL,'2025-01-06 12:43:28','2025-01-06 12:43:28',NULL,'student',NULL),(14,'Eko Budi Santoso',NULL,'kdkhimura@gmail.com','198712192015021001',NULL,'guru','aktif',NULL,'$2y$12$lvUKVFJdEHsPfuo2a6gLuOFF50pYi/AjeHHJ3ceWJN642dOuHetvO',NULL,NULL,NULL,NULL,NULL,NULL,NULL,NULL,NULL,NULL,NULL,NULL,NULL,NULL,NULL,'2025-01-06 12:43:28','2025-01-06 12:43:28',NULL,'student',NULL),(15,'EKO SANTOSO',NULL,'Santoso456@gmail.com','199604302022211001',NULL,'guru','aktif',NULL,'$2y$12$w81aMDaVofC6OIs6tNvFXeVLmyDZ4JJxNRlMxeJKxpXF8Fvd6WjIC',NULL,NULL,NULL,NULL,NULL,NULL,NULL,NULL,NULL,NULL,NULL,NULL,NULL,NULL,NULL,'2025-01-06 12:43:28','2025-01-06 12:43:28',NULL,'student',NULL),(16,'ENDAH YULIANI',NULL,'endahyuliani13@gmail.com','199207252022212010',NULL,'guru','aktif',NULL,'$2y$12$X3CYbQQwRfF74hjjzXXZ9OZydMSqAtGfb/7boNk5B/kUNI6W.socy',NULL,NULL,NULL,NULL,NULL,NULL,NULL,NULL,NULL,NULL,NULL,NULL,NULL,NULL,NULL,'2025-01-06 12:43:28','2025-01-06 12:43:28',NULL,'student',NULL),(17,'Evy Indah Nurmaningsih',NULL,'evyindah1511@gmail.com','2447764665210083',NULL,'guru','aktif',NULL,'$2y$12$/FeppTKKXNQB5tE5JR6YwOnS5/LWyYWwERBtSU5hHPoYk19HFORTK',NULL,NULL,NULL,NULL,NULL,NULL,NULL,NULL,NULL,NULL,NULL,NULL,NULL,NULL,NULL,'2025-01-06 12:43:28','2025-01-06 12:43:28',NULL,'student',NULL),(18,'FAERA ASTUTI',NULL,'faeraastuti46@gmail.com','199404052023212018',NULL,'guru','aktif',NULL,'$2y$12$MFB2pJJAFick..p9q3v5ROMJ6NpR9TE5LnrwEjfmMtZi63gPrcpD6',NULL,NULL,NULL,NULL,NULL,NULL,NULL,NULL,NULL,NULL,NULL,NULL,NULL,NULL,NULL,'2025-01-06 12:43:28','2025-01-06 12:43:28',NULL,'student',NULL),(19,'Farah Kun Arifah',NULL,'fara.queinz@gmail.com','9344768669230213',NULL,'guru','aktif',NULL,'$2y$12$xcHQDIplYKjZB2w0Ly6cA.Rgzb2KzM442nlOZxYAfnpXzIo8ARzQu',NULL,NULL,NULL,NULL,NULL,NULL,NULL,NULL,NULL,NULL,NULL,NULL,NULL,NULL,NULL,'2025-01-06 12:43:28','2025-01-06 12:43:28',NULL,'student',NULL),(20,'Farkhah Tri Aryani',NULL,'farkhahtriaryani@gmail.com','198102202022212016',NULL,'guru','aktif',NULL,'$2y$12$z6etBqEPiuWBh/4cm6ksQO6xHstJF9gwPKWZXoogKzeeVk6l9a3jO',NULL,NULL,NULL,NULL,NULL,NULL,NULL,NULL,NULL,NULL,NULL,NULL,NULL,NULL,NULL,'2025-01-06 12:43:28','2025-01-06 12:43:28',NULL,'student',NULL),(21,'Fifin Oktarini',NULL,'fifinokta24@gmail.com','197710242007012004',NULL,'guru','aktif',NULL,'$2y$12$ShCaWyiSUMCaczUVn3ZC4ugQcW8hrn5YyxfKVbOl.DQ8siyBNt/O2',NULL,NULL,NULL,NULL,NULL,NULL,NULL,NULL,NULL,NULL,NULL,NULL,NULL,NULL,NULL,'2025-01-06 12:43:28','2025-01-06 12:43:28',NULL,'student',NULL),(22,'Gunawan Wibisono',NULL,'gunawan@kkpi.or.id','197912262022211003',NULL,'guru','aktif',NULL,'$2y$12$QSZe8Ag.HD0rMmnbH85bh.I607nw1FYw0stsEkOZXa5gi8LFec2VW',NULL,NULL,NULL,NULL,NULL,NULL,NULL,NULL,NULL,NULL,NULL,NULL,NULL,NULL,NULL,'2025-01-06 12:43:28','2025-01-06 12:43:28',NULL,'student',NULL),(23,'Guntur Yugo Pratomo',NULL,'gunturyugo12@gmail.com','7335769670130163',NULL,'guru','aktif',NULL,'$2y$12$4.2hopVbefeAZKbVHOuLIuyksp6lhzUk2HVYGSjC1JZX9oIQc2qI2',NULL,NULL,NULL,NULL,NULL,NULL,NULL,NULL,NULL,NULL,NULL,NULL,NULL,NULL,NULL,'2025-01-06 12:43:28','2025-01-06 12:43:28',NULL,'student',NULL),(24,'Harni Nuril Fitri',NULL,'fitriharni151@gmail.com','197405252007012020',NULL,'guru','aktif',NULL,'$2y$12$p4wBUZ9ZC1sWTXwGwdg4ReIBAd2zjkHUO0dAtZT6VdlK5NHTTt/6q',NULL,NULL,NULL,NULL,NULL,NULL,NULL,NULL,NULL,NULL,NULL,NULL,NULL,NULL,NULL,'2025-01-06 12:43:28','2025-01-06 12:43:28',NULL,'student',NULL),(25,'Hasrining Wulandari',NULL,'hasrining2015@gmail.com','197710272014062006',NULL,'guru','aktif',NULL,'$2y$12$ltbI2ZvBtT/BUCq8M0Q4Je91jiHK.N3DH5aFIOsk1sr8IsXcop83m',NULL,NULL,NULL,NULL,NULL,NULL,NULL,NULL,NULL,NULL,NULL,NULL,NULL,NULL,NULL,'2025-01-06 12:43:28','2025-01-06 12:43:28',NULL,'student',NULL),(26,'HERMANTO',NULL,'herman.ptik@gmail.com','199405262022211003',NULL,'guru','aktif',NULL,'$2y$12$7teWdMdAT8XFxr..Hk5c0e2iaIgh0AaUSd9Ax9O70pEC/q8pfTLPW',NULL,NULL,NULL,NULL,NULL,NULL,NULL,NULL,NULL,NULL,NULL,NULL,NULL,NULL,NULL,'2025-01-06 12:43:28','2025-01-06 12:43:28',NULL,'student',NULL),(27,'Idiarso',NULL,'idiarsosimbang99@gmail.com','198308042022211006',NULL,'guru','aktif',NULL,'$2y$12$torvOlAkZyPQiUk8NuGAIuP/.lWjv5q4sUEJt4SsG8XdCLxXpUQ8q',NULL,NULL,NULL,NULL,NULL,NULL,NULL,NULL,NULL,NULL,NULL,NULL,NULL,NULL,NULL,'2025-01-06 12:43:28','2025-01-06 12:43:28',NULL,'student',NULL),(28,'Jarwo',NULL,'jarwojrw16@gmail.com','197006242007011016',NULL,'guru','aktif',NULL,'$2y$12$aLLaRyHc0mfLmBWHt3NVJeXN1wnq5nNHpXA8uOBMjynY0OrHDHZOS',NULL,NULL,NULL,NULL,NULL,NULL,NULL,NULL,NULL,NULL,NULL,NULL,NULL,NULL,NULL,'2025-01-06 12:43:28','2025-01-06 12:43:28',NULL,'student',NULL),(29,'Karmiyati',NULL,'myutmya@gmail.com','198907262022212008',NULL,'guru','aktif',NULL,'$2y$12$WkvK42f.0ygNMbVMo./LteOph9sPi40Xv8yin/YJYUho2zUowNjz6',NULL,NULL,NULL,NULL,NULL,NULL,NULL,NULL,NULL,NULL,NULL,NULL,NULL,NULL,NULL,'2025-01-06 12:43:28','2025-01-06 12:43:28',NULL,'student',NULL),(30,'KIAT UJI PURWANI',NULL,'purwanikiat@gmail.com','199505132023212015',NULL,'guru','aktif',NULL,'$2y$12$b57OIjN16uRoW5sdoKXmzubTXM3x2i7ptzHTwfVu3M6DeHauoEeb2',NULL,NULL,NULL,NULL,NULL,NULL,NULL,NULL,NULL,NULL,NULL,NULL,NULL,NULL,NULL,'2025-01-06 12:43:28','2025-01-06 12:43:28',NULL,'student',NULL),(31,'Kiki Rahayu',NULL,'aqmarina1811@gmail.com','198509172022212011',NULL,'guru','aktif',NULL,'$2y$12$FKePe4XaFAMokLjnGVmmf.RzflNMVo8963uOlr9hDpNoL0NqX/0BW',NULL,NULL,NULL,NULL,NULL,NULL,NULL,NULL,NULL,NULL,NULL,NULL,NULL,NULL,NULL,'2025-01-06 12:43:28','2025-01-06 12:43:28',NULL,'student',NULL),(32,'Kuswanti',NULL,'keaziyad22@gmail.com','198908282023212008',NULL,'guru','aktif',NULL,'$2y$12$j1R324ao6waFsz1zURXJV.Zn9NZRegXX5RieN6k2aFfL7ZykvfrHG',NULL,NULL,NULL,NULL,NULL,NULL,NULL,NULL,NULL,NULL,NULL,NULL,NULL,NULL,NULL,'2025-01-06 12:43:28','2025-01-06 12:43:28',NULL,'student',NULL),(33,'Lia Dwi Arumsari',NULL,'liadwiarumsari@yahoo.co.id','198905022022212023',NULL,'guru','aktif',NULL,'$2y$12$8MrtdJ9W9dk8YI/FG8.hxedNmgZGCvJkACOpBgnKVmfS2lKm4pDgu',NULL,NULL,NULL,NULL,NULL,NULL,NULL,NULL,NULL,NULL,NULL,NULL,NULL,NULL,NULL,'2025-01-06 12:43:28','2025-01-06 12:43:28',NULL,'student',NULL),(34,'Lili Kusliamah',NULL,'kusliamahlili@gmail.com','197706162022212012',NULL,'guru','aktif',NULL,'$2y$12$Bk9GNBE4YvoVLg7nDd9wbeBx.kvbeho38ToqU/0aN7nr.eck7NPLG',NULL,NULL,NULL,NULL,NULL,NULL,NULL,NULL,NULL,NULL,NULL,NULL,NULL,NULL,NULL,'2025-01-06 12:43:28','2025-01-06 12:43:28',NULL,'student',NULL),(35,'LUKMAN BUDI ANTO',NULL,'kj1.lukman@gmail.com','199303162022211006',NULL,'guru','aktif',NULL,'$2y$12$AlOPmUtOdlOqde349fRGbOEYVqIbIA6KrtDo.cUfP0MoRXh10kksG',NULL,NULL,NULL,NULL,NULL,NULL,NULL,NULL,NULL,NULL,NULL,NULL,NULL,NULL,NULL,'2025-01-06 12:43:28','2025-01-06 12:43:28',NULL,'student',NULL),(36,'Lusinah',NULL,'loeslestiono@gmail.com','197205092010012007',NULL,'guru','aktif',NULL,'$2y$12$I6XZRleddFQRqX1oJHbYhuXzU79usOSbp4Xylaby8JEvWc5Gs17AS',NULL,NULL,NULL,NULL,NULL,NULL,NULL,NULL,NULL,NULL,NULL,NULL,NULL,NULL,NULL,'2025-01-06 12:43:28','2025-01-06 12:43:28',NULL,'student',NULL),(37,'Mohamad Lutfi Hani Syukri',NULL,'mahillatuzzahra@gmail.com','197901092011011005',NULL,'guru','aktif',NULL,'$2y$12$bKYuKhGRlV7VRFXIvJlkNuogFDQpfGZqyOuH43nmjScgXagEf2OHa',NULL,NULL,NULL,NULL,NULL,NULL,NULL,NULL,NULL,NULL,NULL,NULL,NULL,NULL,NULL,'2025-01-06 12:43:28','2025-01-06 12:43:28',NULL,'student',NULL),(38,'Mohamad Septulloh',NULL,'m.septulloh@gmail.com','2244767668130233',NULL,'guru','aktif',NULL,'$2y$12$6OZxAWaB8.L2YGeXTJ7RhOlM0nYLd.g41qKpGM/Ni7DarX5dKR5cC',NULL,NULL,NULL,NULL,NULL,NULL,NULL,NULL,NULL,NULL,NULL,NULL,NULL,NULL,NULL,'2025-01-06 12:43:28','2025-01-06 12:43:28',NULL,'student',NULL),(39,'Mohamad Yogi Prasetyo',NULL,'prastyogie25@gmail.com','198604072022211019',NULL,'guru','aktif',NULL,'$2y$12$DaI4rGSGDEOAnEtN.2ktReivdgGFgpT5xXYMxLK1sg5SdOxeTYnL2',NULL,NULL,NULL,NULL,NULL,NULL,NULL,NULL,NULL,NULL,NULL,NULL,NULL,NULL,NULL,'2025-01-06 12:43:29','2025-01-06 12:43:29',NULL,'student',NULL),(40,'Muh. Iman Satriya Gotama',NULL,'satriyagotama09@gmail.com','9237764665130223',NULL,'guru','aktif',NULL,'$2y$12$ZxgQfs7oqv7u9PXWruOp0emERkFW.1SZf4H/afuRBA444OZOA81G2',NULL,NULL,NULL,NULL,NULL,NULL,NULL,NULL,NULL,NULL,NULL,NULL,NULL,NULL,NULL,'2025-01-06 12:43:29','2025-01-06 12:43:29',NULL,'student',NULL),(41,'Muhammad Lathif Waskito',NULL,'muhammadwaskito@yahoo.com','9060769670130203',NULL,'guru','aktif',NULL,'$2y$12$stxUoBVe4wf3z5OLI0iHBO2Px0xiQ5KS6j9lpnsSn8bTVgd12amU6',NULL,NULL,NULL,NULL,NULL,NULL,NULL,NULL,NULL,NULL,NULL,NULL,NULL,NULL,NULL,'2025-01-06 12:43:29','2025-01-06 12:43:29',NULL,'student',NULL),(42,'Muji Novianto',NULL,'mujinovianto14@gmail.com','197509142022211003',NULL,'guru','aktif',NULL,'$2y$12$/t14nRr2ekEUT8Pr18uiAufm4GI6d03YJyFRHqEWd7ExaEwBuCmMC',NULL,NULL,NULL,NULL,NULL,NULL,NULL,NULL,NULL,NULL,NULL,NULL,NULL,NULL,NULL,'2025-01-06 12:43:29','2025-01-06 12:43:29',NULL,'student',NULL),(43,'NAFAN SAEFULLOH',NULL,'aang09941@gmail.com','0252770671130153',NULL,'guru','aktif',NULL,'$2y$12$EwQZHA4nBGOEBol.4VDXZekF6xQoaPZjZeX.32pXm4/u8cKK1c1rm',NULL,NULL,NULL,NULL,NULL,NULL,NULL,NULL,NULL,NULL,NULL,NULL,NULL,NULL,NULL,'2025-01-06 12:43:29','2025-01-06 12:43:29',NULL,'student',NULL),(44,'Ngaliman',NULL,'glman0865@gmail.com','196508041988031013',NULL,'guru','aktif',NULL,'$2y$12$W8Ve79a5e0taIx8Tc9lfBeuznGhQHLDBdjKAz4fLXRlvuKJdXmHtu',NULL,NULL,NULL,NULL,NULL,NULL,NULL,NULL,NULL,NULL,NULL,NULL,NULL,NULL,NULL,'2025-01-06 12:43:29','2025-01-06 12:43:29',NULL,'student',NULL),(45,'Nining Yuni Prabawanti',NULL,'nininganto09@gmail.com','197806062014062004',NULL,'guru','aktif',NULL,'$2y$12$arRccYBjs2uP9mPOkHGiLOqLndMH87At7U1mast4csxxBtnw7qwJO',NULL,NULL,NULL,NULL,NULL,NULL,NULL,NULL,NULL,NULL,NULL,NULL,NULL,NULL,NULL,'2025-01-06 12:43:29','2025-01-06 12:43:29',NULL,'student',NULL),(46,'Nur Fitrijono',NULL,'nurgelviano1970@gmail.com','197011292008011003',NULL,'guru','aktif',NULL,'$2y$12$g09ih31//lintxii/VLL0ujmXXCfJgzp.7U3JEBgYDeXcoA0/CnuS',NULL,NULL,NULL,NULL,NULL,NULL,NULL,NULL,NULL,NULL,NULL,NULL,NULL,NULL,NULL,'2025-01-06 12:43:29','2025-01-06 12:43:29',NULL,'student',NULL),(47,'Nursetya Pamujiasih',NULL,'nsp.asih@gmail.com','199201112023212020',NULL,'guru','aktif',NULL,'$2y$12$QwU4YqZJKnxfZnffpWVer.uKebrQRhbBmWB15rklXV3D7wmpgvTL2',NULL,NULL,NULL,NULL,NULL,NULL,NULL,NULL,NULL,NULL,NULL,NULL,NULL,NULL,NULL,'2025-01-06 12:43:29','2025-01-06 12:43:29',NULL,'student',NULL),(48,'Nurul Huda',NULL,'nurulslepa@gmail.com','197307192022211002',NULL,'guru','aktif',NULL,'$2y$12$DxdJ.xm6GBzTqmsDW1HXLuxsnLq2RMLH6/H1i5MFBH6mQ0FXAUqoi',NULL,NULL,NULL,NULL,NULL,NULL,NULL,NULL,NULL,NULL,NULL,NULL,NULL,NULL,NULL,'2025-01-06 12:43:29','2025-01-06 12:43:29',NULL,'student',NULL),(49,'Priyatin Sutarwanto',NULL,'pswanto99@gmail.com','198301112010011020',NULL,'guru','aktif',NULL,'$2y$12$kO42yut/0ASyoglWV/eHBuxooygjRvdMkVSuUzrJ.AZNGG5dG3Iia',NULL,NULL,NULL,NULL,NULL,NULL,NULL,NULL,NULL,NULL,NULL,NULL,NULL,NULL,NULL,'2025-01-06 12:43:29','2025-01-06 12:43:29',NULL,'student',NULL),(50,'Purwono',NULL,'purwonopbg1@gmail.com','197406262022211001',NULL,'guru','aktif',NULL,'$2y$12$qcBLwiCXSI0J82DM6ctWA.8br/3LouvwJBM.qMAt.U..idxVjG/A6',NULL,NULL,NULL,NULL,NULL,NULL,NULL,NULL,NULL,NULL,NULL,NULL,NULL,NULL,NULL,'2025-01-06 12:43:29','2025-01-06 12:43:29',NULL,'student',NULL),(51,'Riyanto',NULL,'riyantobrilian@gmail.com','198505152009031004',NULL,'guru','aktif',NULL,'$2y$12$/9XEyj2hUZ7ryfWBBglQUO0VnFN0h7aJjKActWTO58WiZDPXbtsoO',NULL,NULL,NULL,NULL,NULL,NULL,NULL,NULL,NULL,NULL,NULL,NULL,NULL,NULL,NULL,'2025-01-06 12:43:29','2025-01-06 12:43:29',NULL,'student',NULL),(52,'Rizki Kharismawati',NULL,'rizkikharisma1994@gmail.com','8456772673130002',NULL,'guru','aktif',NULL,'$2y$12$u592bgjLnkdaP6C4hzR.dOYkt18Bh6ImdptbjoeJVckpCUxgNJUR2',NULL,NULL,NULL,NULL,NULL,NULL,NULL,NULL,NULL,NULL,NULL,NULL,NULL,NULL,NULL,'2025-01-06 12:43:29','2025-01-06 12:43:29',NULL,'student',NULL),(53,'Rokhman',NULL,'rokhman86@yahoo.co.id','196604032006041013',NULL,'guru','aktif',NULL,'$2y$12$WEj/oKvDvVxALmxHuTKM8u5TVSARKXhld7VxQNEg.0bVlKJ75XBTW',NULL,NULL,NULL,NULL,NULL,NULL,NULL,NULL,NULL,NULL,NULL,NULL,NULL,NULL,NULL,'2025-01-06 12:43:29','2025-01-06 12:43:29',NULL,'student',NULL),(54,'ROMADHON',NULL,'romadhondaryono7@gmail.com','9644771672130142',NULL,'guru','aktif',NULL,'$2y$12$yI9dKVakaJV.QbShqEbpFOifKUiuHIUBZ5dEsWYLUlLlE1IJjVOIK',NULL,NULL,NULL,NULL,NULL,NULL,NULL,NULL,NULL,NULL,NULL,NULL,NULL,NULL,NULL,'2025-01-06 12:43:29','2025-01-06 12:43:29',NULL,'student',NULL),(55,'Sapto Pujianto',NULL,'saptobo2019@gmail.com','197706012022211003',NULL,'guru','aktif',NULL,'$2y$12$uz.rODphFEmcd0E4y1mVgexqZtBzkAe.wMJxpoxhUvmDFCauNWfUW',NULL,NULL,NULL,NULL,NULL,NULL,NULL,NULL,NULL,NULL,NULL,NULL,NULL,NULL,NULL,'2025-01-06 12:43:29','2025-01-06 12:43:29',NULL,'student',NULL),(56,'Sidik Nurcahyo',NULL,'sidiknurcahyo@smknegeri1punggelan.sch.id','199306022019021007',NULL,'guru','aktif',NULL,'$2y$12$CszGLX5K2Y4.9UQwZlGSueWoMKsFyEKJ61rfXw/soJmieEAHGDMDm',NULL,NULL,NULL,NULL,NULL,NULL,NULL,NULL,NULL,NULL,NULL,NULL,NULL,NULL,NULL,'2025-01-06 12:43:29','2025-01-06 12:43:29',NULL,'student',NULL),(57,'Sigit Prihantono',NULL,'sigit.prihantono@gmail.com','199110072022211008',NULL,'guru','aktif',NULL,'$2y$12$vzOjWcNwHx7adMIy4PhiD.eSxcC36nV9IEorTY7.YFKB17LVmSmI2',NULL,NULL,NULL,NULL,NULL,NULL,NULL,NULL,NULL,NULL,NULL,NULL,NULL,NULL,NULL,'2025-01-06 12:43:29','2025-01-06 12:43:29',NULL,'student',NULL),(58,'Sri Herawan Kusuma',NULL,'sriherawankusuma@yahoo.co.id','197808162011011007',NULL,'guru','aktif',NULL,'$2y$12$O7S6WTljorLMl/xEwazd3uDBq.Fwvu1sGndOdJFwBbfmiLJPRW73y',NULL,NULL,NULL,NULL,NULL,NULL,NULL,NULL,NULL,NULL,NULL,NULL,NULL,NULL,NULL,'2025-01-06 12:43:29','2025-01-06 12:43:29',NULL,'student',NULL),(59,'Suparman',NULL,'suparmanuye7244@gmail.com','197204042005011010',NULL,'guru','aktif',NULL,'$2y$12$FRMCdlvWa8bSL75lzz.gCu8jBGT94lSwGzrt5Nj9fWjlM7phz8w4G',NULL,NULL,NULL,NULL,NULL,NULL,NULL,NULL,NULL,NULL,NULL,NULL,NULL,NULL,NULL,'2025-01-06 12:43:29','2025-01-06 12:43:29',NULL,'student',NULL),(60,'Supriyana',NULL,'supriyanabna@gmail.com','196810102008011017',NULL,'guru','aktif',NULL,'$2y$12$/gDrEkFTZdB1OCjtHad2wOT928TX0KT02VuaOZkm5WahZdlAvnlNG',NULL,NULL,NULL,NULL,NULL,NULL,NULL,NULL,NULL,NULL,NULL,NULL,NULL,NULL,NULL,'2025-01-06 12:43:29','2025-01-06 12:43:29',NULL,'student',NULL),(61,'Supriyani',NULL,'yanisupri49@gmail.com','199504262022212006',NULL,'guru','aktif',NULL,'$2y$12$rkAlNYLw.NDINDs0XKUC7u1OLLGhUTr1vPIkwbxvBaQyLIxK6F1Mm',NULL,NULL,NULL,NULL,NULL,NULL,NULL,NULL,NULL,NULL,NULL,NULL,NULL,NULL,NULL,'2025-01-06 12:43:29','2025-01-06 12:43:29',NULL,'student',NULL),(62,'Susmiyati',NULL,'syati200@gmail.com','197410272006042003',NULL,'guru','aktif',NULL,'$2y$12$IGWRF9J0EMiLGwaMsv0QA.cQJmdo1kt59URvxAA4bZB/Cf3bIAt/G',NULL,NULL,NULL,NULL,NULL,NULL,NULL,NULL,NULL,NULL,NULL,NULL,NULL,NULL,NULL,'2025-01-06 12:43:29','2025-01-06 12:43:29',NULL,'student',NULL),(63,'Syaifudin Aji Negara',NULL,'ghara_7086@yahoo.co.id','198610072022211004',NULL,'guru','aktif',NULL,'$2y$12$Sxf4fOjSPMe7X23xTO2zveT2ZkL6ydVO7Ba4GFJyZ0KJFDclK2NHi',NULL,NULL,NULL,NULL,NULL,NULL,NULL,NULL,NULL,NULL,NULL,NULL,NULL,NULL,NULL,'2025-01-06 12:43:29','2025-01-06 12:43:29',NULL,'student',NULL),(64,'Teni Nur Arifin',NULL,'teninurarifin@gmail.com','4458770671130163',NULL,'guru','aktif',NULL,'$2y$12$jhFNQpQG3KT79epJQOfmWOzQuO7j/Gva8s3bI4V7oeLA/jH/.S2eW',NULL,NULL,NULL,NULL,NULL,NULL,NULL,NULL,NULL,NULL,NULL,NULL,NULL,NULL,NULL,'2025-01-06 12:43:29','2025-01-06 12:43:29',NULL,'student',NULL),(65,'Titis Sulistarini',NULL,'titissulistarini07@gmail.com','198811072022212012',NULL,'guru','aktif',NULL,'$2y$12$WyPkqp9fzOYg/GAaKzPf2uUiQ37hI1kjpdb6Tc68SBYODnkVo8AKS',NULL,NULL,NULL,NULL,NULL,NULL,NULL,NULL,NULL,NULL,NULL,NULL,NULL,NULL,NULL,'2025-01-06 12:43:29','2025-01-06 12:43:29',NULL,'student',NULL),(66,'Tri Haryadi',NULL,'pakharyadi3@gmail.com','197809062022211004',NULL,'guru','aktif',NULL,'$2y$12$99FZr/zaqANpqxqfGb5kAuXL02XYUtULYD5NP4H2LJibyrd9nzu56',NULL,NULL,NULL,NULL,NULL,NULL,NULL,NULL,NULL,NULL,NULL,NULL,NULL,NULL,NULL,'2025-01-06 12:43:29','2025-01-06 12:43:29',NULL,'student',NULL),(67,'Tri Nur Huda',NULL,'trinurhuda.pbg@gmail.com','199108112022211006',NULL,'guru','aktif',NULL,'$2y$12$KBItRpgZp2SPR.SxshTQy.UT1nW1yWucr8zuXRISodcrOusDJ7lki',NULL,NULL,NULL,NULL,NULL,NULL,NULL,NULL,NULL,NULL,NULL,NULL,NULL,NULL,NULL,'2025-01-06 12:43:29','2025-01-06 12:43:29',NULL,'student',NULL),(68,'Umi Rofingah',NULL,'urofingah@gmail.com','198903052022212013',NULL,'guru','aktif',NULL,'$2y$12$Dh1VrJpANSzBVXoEoPilkOxsroTuCSCdJNOKvkLCpKPj1ryqmTcpa',NULL,NULL,NULL,NULL,NULL,NULL,NULL,NULL,NULL,NULL,NULL,NULL,NULL,NULL,NULL,'2025-01-06 12:43:29','2025-01-06 12:43:29',NULL,'student',NULL),(69,'Wahyono',NULL,'wahyonopenjaskes@gmail.com','198412142010011020',NULL,'guru','aktif',NULL,'$2y$12$jeckU6x.5FqmjO3Y.WT2be3TlVuaO2qNh077.fOuWOWKUS8QDgrLy',NULL,NULL,NULL,NULL,NULL,NULL,NULL,NULL,NULL,NULL,NULL,NULL,NULL,NULL,NULL,'2025-01-06 12:43:29','2025-01-06 12:43:29',NULL,'student',NULL),(70,'Warni Astuti Kw',NULL,'kusumawardaniwarniastuti1305@gmail.com','196905132007012009',NULL,'guru','aktif',NULL,'$2y$12$H93T/RmgKEsZjlbR3eEZRumoks1MWqmwWhwimwKK658PbHjLTjscS',NULL,NULL,NULL,NULL,NULL,NULL,NULL,NULL,NULL,NULL,NULL,NULL,NULL,NULL,NULL,'2025-01-06 12:43:29','2025-01-06 12:43:29',NULL,'student',NULL),(71,'Wijayadi Muliawan',NULL,'wijayadi1106@gmail.com','198006112022211004',NULL,'guru','aktif',NULL,'$2y$12$YE5mML1Gbi6XAni4MBtWkOlk5.nRbChpPlZxDck1JbW0UVO37VGA2',NULL,NULL,NULL,NULL,NULL,NULL,NULL,NULL,NULL,NULL,NULL,NULL,NULL,NULL,NULL,'2025-01-06 12:43:29','2025-01-06 12:43:29',NULL,'student',NULL),(72,'Yan Indra Pratama',NULL,'yanindrapratama@gmail.com','198911192022211005',NULL,'guru','aktif',NULL,'$2y$12$a.ugidhrLe7Rvb0NfjBtXui.Flz.nfPSd09vFDOB4/shOj/aXnEiO',NULL,NULL,NULL,NULL,NULL,NULL,NULL,NULL,NULL,NULL,NULL,NULL,NULL,NULL,NULL,'2025-01-06 12:43:29','2025-01-06 12:43:29',NULL,'student',NULL),(73,'Yudi Hermawan',NULL,'youdhi2009@yahoo.co.id','197108131998021004',NULL,'guru','aktif',NULL,'$2y$12$H7slDzdGFt.WVWrkTOeln.vI4d2lDh3VfwLkQRJVcRetIFqzSyFV2',NULL,NULL,NULL,NULL,NULL,NULL,NULL,NULL,NULL,NULL,NULL,NULL,NULL,NULL,NULL,'2025-01-06 12:43:29','2025-01-06 12:43:29',NULL,'student',NULL),(74,'Yusuf Abdillah',NULL,'yusup468@gmail.com','198601052022211013',NULL,'guru','aktif',NULL,'$2y$12$c7y5qVBFtjx3fWDg1Qi7pOMQCk6TZMIvrbSlatMwEFfoOkw1ee/8u',NULL,NULL,NULL,NULL,NULL,NULL,NULL,NULL,NULL,NULL,NULL,NULL,NULL,NULL,NULL,'2025-01-06 12:43:29','2025-01-06 12:43:29',NULL,'student',NULL);
/*!40000 ALTER TABLE `users` ENABLE KEYS */;
UNLOCK TABLES;
/*!40103 SET TIME_ZONE=@OLD_TIME_ZONE */;

/*!40101 SET SQL_MODE=@OLD_SQL_MODE */;
/*!40014 SET FOREIGN_KEY_CHECKS=@OLD_FOREIGN_KEY_CHECKS */;
/*!40014 SET UNIQUE_CHECKS=@OLD_UNIQUE_CHECKS */;
/*!40101 SET CHARACTER_SET_CLIENT=@OLD_CHARACTER_SET_CLIENT */;
/*!40101 SET CHARACTER_SET_RESULTS=@OLD_CHARACTER_SET_RESULTS */;
/*!40101 SET COLLATION_CONNECTION=@OLD_COLLATION_CONNECTION */;
/*!40111 SET SQL_NOTES=@OLD_SQL_NOTES */;

